Frequency,Magnitude
0.0,5.343477654089441e-05
0.0049997500124993755,5.4634626482353305e-05
0.009999500024998751,5.808560303142185e-05
0.014999250037498127,6.341550157855678e-05
0.019999000049997502,7.021212835327373e-05
0.024998750062496876,7.809325591020585e-05
0.029998500074996253,8.679515241656286e-05
0.03499825008749563,9.592104888104657e-05
0.039998000099995004,0.00010578551154664356
0.04499775011249438,0.00011563252863328994
0.04999750012499375,0.00012577728308857107
0.05499725013749313,0.00013729137577043435
0.059997000149992506,0.00014652024341904816
0.06499675016249189,0.00015739430766434245
0.06999650017499126,0.00016918811777484578
0.07499625018749063,0.00017761511733568967
0.07999600019999001,0.00018998810439264433
0.08499575021248938,0.00019904944200605887
0.08999550022498876,0.0002149591834003177
0.09499525023748813,0.00022680527538268533
0.0999950002499875,0.00023443525662067001
0.10499475026248689,0.00024203484121414947
0.10999450027498626,0.00025362981534030797
0.11499425028748564,0.00026005336367524194
0.11999400029998501,0.00027680573731136607
0.12499375031248439,0.0002858277061442748
0.12999350032498377,0.0002830096512985431
0.13499325033748313,0.0003123955405603606
0.13999300034998252,0.0003202585795773509
0.14499275036248188,0.00034712073700450254
0.14999250037498127,0.0003287339076244491
0.15499225038748063,0.00032431555448339576
0.15999200039998002,0.0003425429704209411
0.1649917504124794,0.00036098402758409957
0.16999150042497876,0.00041429847010039753
0.17499125043747815,0.0002845074274472906
0.1799910004499775,0.0003824030114421314
0.1849907504624769,0.0004437712093546411
0.18999050047497626,0.0004258519579202456
0.19499025048747565,0.0004266600968266802
0.199990000499975,0.00045970952037200236
0.2049897505124744,0.00044988710861802673
0.20998950052497378,0.00036811106921462195
0.21498925053747314,0.0005839101800971349
0.21998900054997253,0.0004789617665959405
0.2249887505624719,0.00043132324436450796
0.22998850057497128,0.0003745771854303917
0.23498825058747064,0.0003036125828871141
0.23998800059997002,0.000628565648263688
0.2449877506124694,0.0003743146984720269
0.24998750062496877,0.00036151995432670244
0.25498725063746813,0.0007702341524025691
0.25998700064996755,0.0006240345741308811
0.2649867506624669,0.0004876840293420938
0.26998650067496627,0.0006875519049953405
0.2749862506874656,0.0005289819882089357
0.27998600069996504,0.00010840792317106659
0.2849857507124644,0.0009218647369798325
0.28998550072496376,0.0007787691123639801
0.2949852507374632,0.0007625400988771636
0.29998500074996254,0.0002915860549480368
0.3049847507624619,0.0007936791938151811
0.30998450077496126,0.0007737167680969178
0.3149842507874607,0.0006644950443629359
0.31998400079996003,0.0005798376134650842
0.3249837508124594,0.0005217847537948385
0.3299835008249588,0.0003401265398689555
0.33498325083745817,0.0005246787331955324
0.33998300084995753,0.0008737216664340421
0.3449827508624569,0.0003462258943048708
0.3499825008749563,0.0008250748798474483
0.35498225088745566,4.5448229116555375e-05
0.359982000899955,0.00048131213503493236
0.36498175091245444,0.0012392918375703946
0.3699815009249538,0.0003588169240463324
0.37498125093745316,0.00031184965925053595
0.3799810009499525,0.0010882748992449703
0.38498075096245193,0.0018897718300620256
0.3899805009749513,0.0009246065361903842
0.39498025098745065,0.0010132374479785338
0.39998000099995,0.0004445475444573682
0.40497975101244943,0.0005221574564220631
0.4099795010249488,0.0006269836974722526
0.41497925103744815,0.00017738986525261212
0.41997900104994756,0.0004912265943900332
0.4249787510624469,0.0010638966487104618
0.4299785010749463,0.0010699418239602954
0.43497825108744564,0.0009688459598013031
0.43997800109994506,0.0007658220338102631
0.4449777511124444,0.000954454326904706
0.4499775011249438,0.0005172083240322497
0.4549772511374432,0.0010099758187809846
0.45997700114994255,0.0010185743321319864
0.4649767511624419,0.0005695957885382097
0.4699765011749413,0.0015305049057218953
0.4749762511874407,0.0010548059354290173
0.47997600119994005,0.0018943775190838254
0.4849757512124394,0.0012082527371900162
0.4899755012249388,0.000643567104417589
0.4949752512374382,0.0015274822544101862
0.49997500124993755,0.0006464842143437638
0.504974751262437,0.0013109534352191902
0.5099745012749363,0.0004768492352486247
0.5149742512874357,0.0008429808431149942
0.5199740012999351,0.0015100473861842064
0.5249737513124344,0.0027075030301338446
0.5299735013249338,0.0013949775454295166
0.5349732513374332,0.0010526342033061907
0.5399730013499325,8.979774656776568e-05
0.544972751362432,0.0003824307966989849
0.5499725013749313,0.001412264847809001
0.5549722513874307,0.0012497340871746544
0.5599720013999301,0.002189325196298236
0.5649717514124294,0.0012404693221312096
0.5699715014249288,0.002262613987364125
0.5749712514374282,0.002149189385943569
0.5799710014499275,0.0008724608740897035
0.5849707514624269,0.001579162698980405
0.5899705014749264,0.0018627838941414406
0.5949702514874257,0.0011106120107093947
0.5999700014999251,0.0012651655519808971
0.6049697515124245,0.0024221307802452896
0.6099695015249238,0.0019939288591659544
0.6149692515374232,0.0021960848279353683
0.6199690015499225,0.0006282803481463112
0.6249687515624219,0.00017927772249723032
0.6299685015749213,0.0009461554126915382
0.6349682515874207,0.0009025756861011251
0.6399680015999201,0.00254291879812034
0.6449677516124195,0.0009490292528213282
0.6499675016249188,0.0010238503727652926
0.6549672516374182,0.0012327739662726718
0.6599670016499176,0.001957142067392599
0.6649667516624169,0.0018785605883393382
0.6699665016749163,0.0005744677888738742
0.6749662516874156,0.0024595585571836618
0.6799660016999151,0.002920144905292946
0.6849657517124145,0.0010741127774131728
0.6899655017249138,0.0017092590483839187
0.6949652517374132,0.0016702564610632034
0.6999650017499126,0.0007798339551351916
0.7049647517624119,0.0012991899007513679
0.7099645017749113,0.000564967119701429
0.7149642517874107,0.0019056536796859117
0.71996400179991,0.0012469462563959046
0.7249637518124095,0.00026620151159093713
0.7299635018249089,0.001389391878741402
0.7349632518374082,0.0009605560258311252
0.7399630018499076,0.0015216462278832678
0.7449627518624069,0.0027623337729899265
0.7499625018749063,0.001246494084886653
0.7549622518874057,0.0018171581601130532
0.759962001899905,0.0018523069586757145
0.7649617519124045,0.0013118744164730813
0.7699615019249039,0.0019713027124445706
0.7749612519374032,0.001130214982093943
0.7799610019499026,0.0008712158787520249
0.784960751962402,0.0011701333917530873
0.7899605019749013,0.0013117600084544077
0.7949602519874007,0.0004222650519838057
0.7999600019999,0.0019737762317105505
0.8049597520123994,0.0010116043234154148
0.8099595020248989,0.0007833803969679283
0.8149592520373982,0.0010356690472399493
0.8199590020498976,0.001288842983587908
0.824958752062397,0.0008631544395296367
0.8299585020748963,0.0022687913390833435
0.8349582520873957,0.001344815033333797
0.8399580020998951,0.001901685755793091
0.8449577521123944,0.0023230770269098483
0.8499575021248938,0.0030626487166757264
0.8549572521373933,0.00043774537028171996
0.8599570021498926,0.0005278328927608491
0.864956752162392,0.0006460822425502139
0.8699565021748913,0.0015386245166682433
0.8749562521873907,0.001208832646368899
0.8799560021998901,0.002009194993504255
0.8849557522123894,0.0012199944282842838
0.8899555022248888,0.000516069138641007
0.8949552522373883,0.0004583424659682644
0.8999550022498876,0.002314324931535788
0.904954752262387,0.0020813072119445237
0.9099545022748864,0.001914690860223989
0.9149542522873857,0.0008255348388195242
0.9199540022998851,0.0030627041057343578
0.9249537523123845,0.0010577673174942638
0.9299535023248838,0.001488563223682708
0.9349532523373832,0.0016951179224909318
0.9399530023498825,0.0027112157136109194
0.944952752362382,0.0014366612215831517
0.9499525023748814,0.0011517674229350517
0.9549522523873807,0.0016166024751677849
0.9599520023998801,0.001476001679073108
0.9649517524123795,0.0012275525886471569
0.9699515024248788,0.0014814515133934692
0.9749512524373782,0.001133636131917654
0.9799510024498777,0.0019993381220715506
0.984950752462377,0.00017435343506753303
0.9899505024748764,0.001072624205244559
0.9949502524873757,0.0014367911628917376
0.9999500024998751,0.0006037585526189322
1.0049497525123745,0.0026886676005773496
1.009949502524874,0.0020489193088749657
1.0149492525373733,0.0019770641719007585
1.0199490025498725,0.0003466721753880854
1.024948752562372,0.0008758353157570319
1.0299485025748714,0.0008779114637098669
1.0349482525873708,0.0012871585449917074
1.0399480025998702,0.0010352092706000455
1.0449477526123694,0.003322849446111904
1.0499475026248688,0.0011528624383224963
1.0549472526373682,0.0007492266548702568
1.0599470026498676,0.0008631684375006263
1.064946752662367,0.0007907635848444996
1.0699465026748665,0.0012967766441485905
1.0749462526873657,0.0013359630604767847
1.079946002699865,0.0006374525037001901
1.0849457527123645,0.0002822920392214688
1.089945502724864,0.0011132764373954196
1.0949452527373633,0.0002173045112706895
1.0999450027498625,0.0022297617920500434
1.104944752762362,0.0011697883578617896
1.1099445027748613,0.0007000891193249805
1.1149442527873608,0.00069264747532158
1.1199440027998602,0.0022851651250843444
1.1249437528123596,0.002849633044490818
1.1299435028248588,0.001832955880797572
1.1349432528373582,0.0011771755711692752
1.1399430028498576,0.0026328995477790692
1.144942752862357,0.0016844863843001449
1.1499425028748564,0.001572105477973646
1.1549422528873556,0.0016963995857486817
1.159942002899855,0.004214791416243018
1.1649417529123545,0.0003696384504792085
1.1699415029248539,0.002387619208147792
1.1749412529373533,0.0009125740008503476
1.1799410029498527,0.0010090686024417418
1.184940752962352,0.0011822509611463708
1.1899405029748513,0.0009247521184247894
1.1949402529873507,0.0016324542183174457
1.1999400029998502,0.0017049830829175125
1.2049397530123496,0.0007000341862594344
1.209939503024849,0.0016594670110101851
1.2149392530373482,0.001805797617089254
1.2199390030498476,0.003024459656843702
1.224938753062347,0.0011725427449974465
1.2299385030748464,0.0011419474268255173
1.2349382530873458,0.0014187362880718275
1.239938003099845,0.0018487540385529195
1.2449377531123444,0.000750656859785361
1.2499375031248439,0.004186180469999704
1.2549372531373433,0.002301123792029215
1.2599370031498427,0.0010831066932021293
1.264936753162342,0.001086806126132749
1.2699365031748413,0.0021444086710579397
1.2749362531873407,0.002214264283524589
1.2799360031998401,0.001201592286787083
1.2849357532123395,0.0015682245113129401
1.289935503224839,0.002626931955436703
1.2949352532373382,0.0017814540055153913
1.2999350032498376,0.002472685874223253
1.304934753262337,0.0008345147653560525
1.3099345032748364,0.0012317757075638036
1.3149342532873358,0.0006013375283920897
1.3199340032998352,0.0003465206078623582
1.3249337533123344,0.0005820675869346539
1.3299335033248338,0.0009393083243617394
1.3349332533373333,0.0008699703740005745
1.3399330033498327,0.0012344735947233175
1.344932753362332,0.0026596110473984637
1.3499325033748313,0.001496823151889813
1.3549322533873307,0.0008857914135343121
1.3599320033998301,0.0007324550414326352
1.3649317534123295,0.0014377165927800385
1.369931503424829,0.0007867275953784449
1.3749312534373284,0.0004056490088752468
1.3799310034498276,0.0013067477958779673
1.384930753462327,0.0010180431190862848
1.3899305034748264,0.0021291633941791766
1.3949302534873258,0.0040915354294288305
1.3999300034998252,0.0017978373288319747
1.4049297535123246,0.0026271462126850427
1.4099295035248238,0.00214299236521634
1.4149292535373232,0.0014055462224476538
1.4199290035498227,0.0014485731929874946
1.424928753562322,9.756006895435997e-05
1.4299285035748215,0.001421101085319279
1.4349282535873207,0.002900734045398641
1.43992800359982,0.0018103361397957274
1.4449277536123195,0.002190113012829287
1.449927503624819,0.0027563292866103666
1.4549272536373183,0.0006829254837775424
1.4599270036498178,0.001924583756769904
1.464926753662317,0.0011005874129920122
1.4699265036748164,0.0008820998689843337
1.4749262536873158,0.0017239803020548676
1.4799260036998152,0.0011674781356007745
1.4849257537123146,0.0018108531309362131
1.4899255037248138,0.0010734625777216737
1.4949252537373132,0.003098098004606396
1.4999250037498126,0.002640266410407026
1.504924753762312,0.0011361303411502085
1.5099245037748115,0.00046145407695542584
1.5149242537873109,0.0016383775573700565
1.51992400379981,0.0010152320346875356
1.5249237538123095,0.0005646038965617138
1.529923503824809,0.002087043071341299
1.5349232538373083,0.0005309875071472406
1.5399230038498077,0.0012457463759691805
1.544922753862307,0.0007060067466045823
1.5499225038748063,0.002005564612542491
1.5549222538873058,0.0007336626079496942
1.5599220038998052,0.0018802520546169852
1.5649217539123046,0.0009635352137181319
1.569921503924804,0.0010201353418073658
1.5749212539373032,0.0008966270545991274
1.5799210039498026,0.001817430343405645
1.584920753962302,0.0037864937406686698
1.5899205039748014,0.0006923339394818015
1.5949202539873009,0.002498311496495306
1.5999200039998,0.0009241980968773995
1.6049197540122995,0.002390485373711797
1.6099195040247989,0.0010686893287976792
1.6149192540372983,0.001714397294452065
1.6199190040497977,0.001799059797481277
1.6249187540622971,0.00164163493954
1.6299185040747963,0.0008568426963758816
1.6349182540872957,0.001182731918710116
1.6399180040997952,0.0023837869423459367
1.6449177541122946,0.001246081136775097
1.649917504124794,0.0007092990778804784
1.6549172541372934,0.0016365971583158978
1.6599170041497926,0.0007948174869916793
1.664916754162292,0.0008539728948960119
1.6699165041747914,0.0008623215410261148
1.6749162541872908,0.002366982524262934
1.6799160041997903,0.001061033674788936
1.6849157542122895,0.00266882448324467
1.6899155042247889,0.0027341655888843907
1.6949152542372883,0.0013972546531014287
1.6999150042497877,0.0007244702604563901
1.7049147542622871,0.0014741753020789182
1.7099145042747865,0.0013309820248789564
1.7149142542872857,0.0009670376003853652
1.7199140042997851,0.002741664559021701
1.7249137543122846,0.0009850117663246284
1.729913504324784,0.0017114691891139172
1.7349132543372834,0.0022294360718116473
1.7399130043497826,0.0036640484676723588
1.744912754362282,0.0019819275633257993
1.7499125043747814,0.0011231947498437735
1.7549122543872808,0.0021853365676172583
1.7599120043997802,0.0007493980035604013
1.7649117544122797,0.003249606605951848
1.7699115044247788,0.0008649225964355858
1.7749112544372783,0.002352837558035015
1.7799110044497777,0.0025390289956974768
1.784910754462277,0.0014129040438001649
1.7899105044747765,0.001788814823344439
1.7949102544872757,0.001015314563706526
1.7999100044997751,0.0011294677114726131
1.8049097545122745,0.0023470351772309768
1.809909504524774,0.0016957922286187001
1.8149092545372734,0.001077215389062305
1.8199090045497728,0.0019561779933521565
1.824908754562272,0.0006967193610689015
1.8299085045747714,0.002289147116074699
1.8349082545872708,0.001197486725100457
1.8399080045997702,0.0005528436873443725
1.8449077546122696,0.0009272450978667766
1.849907504624769,0.0019257515086289062
1.8549072546372682,0.0022955100066292832
1.8599070046497677,0.0032425395129639313
1.864906754662267,0.0027455050332028945
1.8699065046747665,0.001479303486215816
1.874906254687266,0.002037698375852852
1.879906004699765,0.0018611981553205118
1.8849057547122645,0.000124140888131938
1.889905504724764,0.0017734276590486927
1.8949052547372633,0.0017865867268562281
1.8999050047497628,0.0015282598706945014
1.9049047547622622,0.0014406634379556613
1.9099045047747614,0.0008040521980964522
1.9149042547872608,0.0004547052919959709
1.9199040047997602,0.0015151914138978914
1.9249037548122596,0.0008303273403077582
1.929903504824759,0.0006570823374774628
1.9349032548372582,0.001354079542408497
1.9399030048497576,0.001881252433295074
1.944902754862257,0.0008207611292161614
1.9499025048747565,0.0026839651911549677
1.9549022548872559,0.0006466284879095014
1.9599020048997553,0.002034632792813044
1.9649017549122545,0.0012991365267979223
1.969901504924754,0.0010768493349377819
1.9749012549372533,0.002808804346914281
1.9799010049497527,0.0014379443616721979
1.9849007549622522,0.0007190099216843922
1.9899005049747513,0.0034037600229741708
1.9949002549872508,0.00045313245875364913
1.9999000049997502,0.001806314948790505
2.0048997550122496,0.0015100373130564329
2.009899505024749,0.003178452734010962
2.0148992550372484,0.0012201555874089584
2.019899005049748,0.002148646990781884
2.0248987550622473,0.0015714613312290968
2.0298985050747467,0.0016904003780927241
2.0348982550872456,0.0017880254817170984
2.039898005099745,0.0012258147443382926
2.0448977551122445,0.0010782702655903838
2.049897505124744,0.003822077649212353
2.0548972551372433,0.0006847291603291425
2.0598970051497427,0.0010571220960016421
2.064896755162242,0.002273494760908039
2.0698965051747416,0.000583980538632843
2.074896255187241,0.0015166678661878647
2.0798960051997404,0.002597741621994142
2.08489575521224,0.00211419631530138
2.0898955052247388,0.002191756310954265
2.094895255237238,0.0019961616981891677
2.0998950052497376,0.0010930498274202857
2.104894755262237,0.00013717487157592677
2.1098945052747364,0.0009867465604195117
2.114894255287236,0.0006497989567652384
2.1198940052997353,0.0004264454269889694
2.1248937553122347,0.0020126996860676586
2.129893505324734,0.0014737119481430065
2.1348932553372335,0.0031533519375398457
2.139893005349733,0.0008736926268624914
2.144892755362232,0.003579835614922004
2.1498925053747313,0.0016266956840281159
2.1548922553872307,0.0018547620134896465
2.15989200539973,0.003529828137663962
2.1648917554122296,0.002870166491018783
2.169891505424729,0.0013511769907420775
2.1748912554372284,0.002831932376205781
2.179891005449728,0.0010162920186800061
2.184890755462227,0.0006796932187397678
2.1898905054747266,0.0020769292972132995
2.194890255487226,0.0017015669352693976
2.199890005499725,0.00039364810884421334
2.2048897555122244,0.0018766349918022786
2.209889505524724,0.0016740124657833007
2.2148892555372233,0.0003231734991356582
2.2198890055497227,0.0022484991940153174
2.224888755562222,0.00204075772346743
2.2298885055747215,0.0007605498538953166
2.234888255587221,0.001052509931728971
2.2398880055997203,0.001288602950036981
2.2448877556122198,0.0006025584071928195
2.249887505624719,0.0034347169984470707
2.254887255637218,0.0031712775736188184
2.2598870056497176,0.00039678585927041353
2.264886755662217,0.0014834144890621974
2.2698865056747164,0.0012433485230676942
2.274886255687216,0.0018546655124709302
2.2798860056997152,0.005238433298335582
2.2848857557122146,0.001473647562045999
2.289885505724714,0.0034296667347799696
2.2948852557372135,0.001069412659159743
2.299885005749713,0.0011723618907449065
2.3048847557622123,0.0019084182699885465
2.3098845057747113,0.0021175902741666385
2.3148842557872107,0.0016975389879438452
2.31988400579971,0.004143232394845585
2.3248837558122095,0.000849101148416301
2.329883505824709,0.00285926844822752
2.3348832558372083,0.0016973066028420536
2.3398830058497078,0.0026725136329899123
2.344882755862207,0.0015324542513212877
2.3498825058747066,0.0026803622475042887
2.354882255887206,0.0021607592264352576
2.3598820058997054,0.0011410033377618038
2.364881755912205,0.0020570185250075833
2.369881505924704,0.0010454742092366593
2.3748812559372032,0.0017599197241361716
2.3798810059497026,0.0034061611615670323
2.384880755962202,0.0010329549614439576
2.3898805059747015,0.0039129910881062465
2.394880255987201,0.0022506732526476085
2.3998800059997003,0.0026373201015755694
2.4048797560121997,0.003825491922007455
2.409879506024699,0.0031128508830880175
2.4148792560371986,0.001880106334108159
2.419879006049698,0.0024315798886632716
2.424878756062197,0.0011031357029801679
2.4298785060746964,0.0023278443242634654
2.4348782560871958,0.00552316774604122
2.439878006099695,0.004179255638529128
2.4448777561121946,0.0013878291771186571
2.449877506124694,0.0020025561147769336
2.4548772561371934,0.004018426908527577
2.459877006149693,0.0019811752798747613
2.4648767561621923,0.0020620571170095092
2.4698765061746917,0.0029676482077870565
2.474876256187191,0.001617783463415428
2.47987600619969,0.0009453521260228499
2.4848757562121895,0.004545853232809745
2.489875506224689,0.0008197993528636453
2.4948752562371883,0.001895212162533202
2.4998750062496877,0.004709228570643261
2.504874756262187,0.0011771358709144408
2.5098745062746866,0.0020935405851764195
2.514874256287186,0.002040808182271097
2.5198740062996854,0.002374952497782368
2.524873756312185,0.0038281194113383653
2.529873506324684,0.003101800553458926
2.534873256337183,0.0029427905002081226
2.5398730063496826,0.0008282278837633812
2.544872756362182,0.0036886748660894565
2.5498725063746814,0.0015447903859873609
2.554872256387181,0.0018873655779675785
2.5598720063996803,0.0027021411859303474
2.5648717564121797,0.002012751292252816
2.569871506424679,0.004487277101489071
2.5748712564371785,0.0017825833343679568
2.579871006449678,0.003009466401756924
2.5848707564621773,0.001602083390359099
2.5898705064746763,0.0013960755412645554
2.5948702564871757,0.0039715873607045465
2.599870006499675,0.00490417834674372
2.6048697565121746,0.0014827614069591473
2.609869506524674,0.0009741013167751955
2.6148692565371734,0.0007370071337852998
2.619869006549673,0.0021288087202197886
2.6248687565621722,0.0070454964234628525
2.6298685065746716,0.0023515408649240933
2.634868256587171,0.00574001870957029
2.6398680065996705,0.0023114374664040056
2.6448677566121694,0.0015157943434224667
2.649867506624669,0.002866565210225488
2.6548672566371683,0.004006534817355678
2.6598670066496677,0.000990517425390159
2.664866756662167,0.001476907365964566
2.6698665066746665,0.006494596409658309
2.674866256687166,0.006877317171166841
2.6798660066996653,0.0015768910429735396
2.6848657567121648,0.005631696846871698
2.689865506724664,0.002519028440665233
2.6948652567371636,0.0023931084293942386
2.6998650067496626,0.0018313891028732428
2.704864756762162,0.004434962047449314
2.7098645067746614,0.0006939625196879752
2.714864256787161,0.0028415333564066267
2.7198640067996602,0.003943710825447496
2.7248637568121596,0.002581750241760223
2.729863506824659,0.0003554993919039278
2.7348632568371585,0.002402710685132499
2.739863006849658,0.0022899284563560984
2.7448627568621573,0.004304135738297141
2.7498625068746567,0.0031361897642705697
2.7548622568871557,0.002242042017468386
2.759862006899655,0.00439987950424403
2.7648617569121545,0.002654401524793891
2.769861506924654,0.003778544878125988
2.7748612569371534,0.0008974973233961903
2.7798610069496528,0.003631351058252303
2.784860756962152,0.0026379787092036837
2.7898605069746516,0.0015283873536978986
2.794860256987151,0.00187267328485898
2.7998600069996504,0.004790175739000299
2.80485975701215,0.003087990646047814
2.8098595070246493,0.003929893291746677
2.8148592570371482,0.00352800401433885
2.8198590070496476,0.0037558739774991487
2.824858757062147,0.004900061123379446
2.8298585070746465,0.0012384948139307274
2.834858257087146,0.0016040027238160826
2.8398580070996453,0.004381975155448536
2.8448577571121447,0.00292557945694958
2.849857507124644,0.004100789334107982
2.8548572571371436,2.4558030286382436e-05
2.859857007149643,0.0039001731564252537
2.8648567571621424,0.0028859477168036345
2.8698565071746414,0.0007967638489790424
2.8748562571871408,0.005342958206231647
2.87985600719964,0.00535920249111302
2.8848557572121396,0.0013209094522625936
2.889855507224639,0.00461744636275305
2.8948552572371384,0.002381276696795822
2.899855007249638,0.0013296772801986174
2.9048547572621373,0.004695650133720659
2.9098545072746367,0.0028988049622819907
2.914854257287136,0.0035335595245231805
2.9198540072996355,0.002316559690300297
2.9248537573121345,0.00279452261386549
2.929853507324634,0.004366702590941462
2.9348532573371333,0.0023423194293411
2.9398530073496327,0.0026362578779047636
2.944852757362132,0.0076122396750140185
2.9498525073746316,0.0025046988624606655
2.954852257387131,0.0027654072900912927
2.9598520073996304,0.002359061149573171
2.96485175741213,0.004434794043666314
2.9698515074246292,0.0019451142167763917
2.9748512574371286,0.000956114399187714
2.9798510074496276,0.0020787162986059256
2.984850757462127,0.004229863520074137
2.9898505074746264,0.005366631776328718
2.994850257487126,0.003034699473925871
2.9998500074996253,0.0033944000755497888
3.0048497575121247,0.002081725096415908
3.009849507524624,0.003565740843680873
3.0148492575371235,0.008587466635391769
3.019849007549623,0.0008394137819324048
3.0248487575621223,0.0042130871122354144
3.0298485075746218,0.0058871448236485205
3.0348482575871207,0.003912898782579457
3.03984800759962,0.0032238222253814365
3.0448477576121196,0.002147315287151067
3.049847507624619,0.0020544158484095873
3.0548472576371184,0.00823853735454005
3.059847007649618,0.004794654815860574
3.0648467576621172,0.003175784889193599
3.0698465076746166,0.0034269273581236962
3.074846257687116,0.004170606466112468
3.0798460076996155,0.004376181460604255
3.084845757712115,0.003715574859442608
3.089845507724614,0.004397170813074276
3.0948452577371133,0.005591113707748631
3.0998450077496127,0.005148584823319908
3.104844757762112,0.004151403380342737
3.1098445077746115,0.002613435083783821
3.114844257787111,0.0022580041826759088
3.1198440077996104,0.003695811178613324
3.1248437578121098,0.0038667900995248018
3.129843507824609,0.005462150305012879
3.1348432578371086,0.0034070631403361187
3.139843007849608,0.0035699550579349616
3.144842757862107,0.0043203282161474055
3.1498425078746064,0.005675587995699612
3.154842257887106,0.005120213638842643
3.1598420078996052,0.0040018385801375775
3.1648417579121046,0.006921257380907836
3.169841507924604,0.005820486039400595
3.1748412579371035,0.002741859907031468
3.179841007949603,0.010231047142143335
3.1848407579621023,0.004300971239626202
3.1898405079746017,0.005595980492821197
3.194840257987101,0.002544866024650888
3.1998400079996,0.0061761172992285
3.2048397580120995,0.008401647393354363
3.209839508024599,0.006587252958264312
3.2148392580370984,0.005531652398588633
3.2198390080495978,0.0019422622420426033
3.224838758062097,0.0015046774102288741
3.2298385080745966,0.012561198104653386
3.234838258087096,0.0015707309102129833
3.2398380080995954,0.0033912092534876532
3.244837758112095,0.004318202276397229
3.2498375081245943,0.0031549645401787265
3.2548372581370937,0.003952196306568473
3.2598370081495927,0.0032595569837032055
3.264836758162092,0.004547615088764038
3.2698365081745915,0.01237536640713197
3.274836258187091,0.003706021146940496
3.2798360081995903,0.007121545328495045
3.2848357582120897,0.0020631303587697425
3.289835508224589,0.005162361030024903
3.2948352582370886,0.002012844522030827
3.299835008249588,0.006084344605273618
3.3048347582620874,0.0015783662460259074
3.309834508274587,0.012254712918709432
3.3148342582870858,0.003601840276403842
3.319834008299585,0.005906159375062637
3.3248337583120846,0.007132767246338117
3.329833508324584,0.004442619096054307
3.3348332583370834,0.004574027470062894
3.339833008349583,0.006821061811466827
3.3448327583620823,0.005975646176768616
3.3498325083745817,0.0041423757705097335
3.354832258387081,0.0072038824216021325
3.3598320083995805,0.00448896046030477
3.36483175841208,0.006610920367337521
3.369831508424579,0.0017878237836809786
3.3748312584370783,0.0018988165204482038
3.3798310084495777,0.005670393853684723
3.384830758462077,0.005609542615162935
3.3898305084745766,0.007493950514581558
3.394830258487076,0.008057229911316606
3.3998300084995754,0.009700127955740755
3.404829758512075,0.0023876361508402785
3.4098295085245742,0.011820550304360813
3.4148292585370736,0.0033188815491718916
3.419829008549573,0.001588360672893032
3.424828758562072,0.0028825551257493664
3.4298285085745714,0.004390515894173911
3.434828258587071,0.003601971024280788
3.4398280085995703,0.0041282257426612234
3.4448277586120697,0.004678450008212257
3.449827508624569,0.005075741807486605
3.4548272586370685,0.0051494884020468375
3.459827008649568,0.004938169486936435
3.4648267586620674,0.003791468417728634
3.4698265086745668,0.01363184846383323
3.474826258687066,0.00258489106020547
3.479826008699565,0.0014285148208554978
3.4848257587120646,0.00413801017140016
3.489825508724564,0.004140964325829676
3.4948252587370634,0.005690424158722767
3.499825008749563,0.0020561290523150298
3.5048247587620622,0.010299970540479647
3.5098245087745616,0.0035550231638169874
3.514824258787061,0.001764914014044782
3.5198240087995605,0.0038556908478732475
3.52482375881206,0.00235875350865528
3.5298235088245593,0.009742378602039801
3.5348232588370583,0.005661497618089476
3.5398230088495577,0.001571800683893383
3.544822758862057,0.00410133555383971
3.5498225088745565,0.0034310730369953254
3.554822258887056,0.0028415621574071786
3.5598220088995554,0.001893917044011055
3.5648217589120548,0.0023596179139658805
3.569821508924554,0.0010920376443469592
3.5748212589370536,0.004863185210295171
3.579821008949553,0.007136495917813772
3.5848207589620524,0.005237610357170744
3.5898205089745514,0.005706054139590635
3.594820258987051,0.0007549357048589523
3.5998200089995502,0.005564973313399142
3.6048197590120497,0.00160696307969388
3.609819509024549,0.005047638626352155
3.6148192590370485,0.006646216896693779
3.619819009049548,0.006506877984069368
3.6248187590620473,0.0066107776275751585
3.6298185090745467,0.008931813731468681
3.634818259087046,0.007641944376167839
3.6398180090995456,0.005764261200839426
3.644817759112045,0.0056090982879469535
3.649817509124544,0.00937829385058567
3.6548172591370434,0.00464979210052017
3.6598170091495428,0.005487625240571192
3.664816759162042,0.008069061440889749
3.6698165091745416,0.0031416286286110287
3.674816259187041,0.010176521355717475
3.6798160091995404,0.00651982819622371
3.68481575921204,0.0035651699687152837
3.6898155092245393,0.007722660066634312
3.6948152592370387,0.0007318603791208556
3.699815009249538,0.008238907695816283
3.704814759262037,0.0020410710914163747
3.7098145092745365,0.005231481479841189
3.714814259287036,0.01162073572047588
3.7198140092995353,0.009701578106096126
3.7248137593120347,0.004204770652950294
3.729813509324534,0.007405096814515527
3.7348132593370336,0.002987294758682191
3.739813009349533,0.009666965809550588
3.7448127593620324,0.010853514043998634
3.749812509374532,0.003293507617941765
3.7548122593870312,0.0022222734205110525
3.75981200939953,0.006584516097517299
3.7648117594120296,0.00999963626983429
3.769811509424529,0.0020056277794206732
3.7748112594370284,0.004553951673525059
3.779811009449528,0.0030999874130350985
3.7848107594620273,0.004547823091963245
3.7898105094745267,0.007099999542538598
3.794810259487026,0.006544388404022779
3.7998100094995255,0.005726616203766488
3.804809759512025,0.006210714529044073
3.8098095095245244,0.0011225391798004183
3.8148092595370233,0.007804408728770286
3.8198090095495227,0.0031707743265053517
3.824808759562022,0.004524587401838156
3.8298085095745216,0.009986152753483789
3.834808259587021,0.004525904258875822
3.8398080095995204,0.006874990080239854
3.84480775961202,0.0019011633612233485
3.8498075096245192,0.0014519844816961
3.8548072596370186,0.013352288699443434
3.859807009649518,0.00494523489179455
3.8648067596620175,0.001755940928053956
3.8698065096745164,0.010245379196131152
3.874806259687016,0.00835326451186491
3.8798060096995153,0.009472431199102398
3.8848057597120147,0.002232196378568899
3.889805509724514,0.0064125626244793885
3.8948052597370135,0.005732287971499113
3.899805009749513,0.008256962739466767
3.9048047597620124,0.0001815453415259118
3.9098045097745118,0.002917581157789875
3.914804259787011,0.0010994796426726683
3.9198040097995106,0.010802218887606574
3.9248037598120096,0.0038265375039685267
3.929803509824509,0.005983397124909743
3.9348032598370084,0.003597116722935212
3.939803009849508,0.007207551349946607
3.9448027598620072,0.0047645212110255155
3.9498025098745067,0.00679524098148395
3.954802259887006,0.0004092972992922042
3.9598020098995055,0.002837787958441173
3.964801759912005,0.004342515715163483
3.9698015099245043,0.009213830968974775
3.9748012599370037,0.0034319349985730235
3.9798010099495027,0.004056683976646877
3.984800759962002,0.0021881324336335303
3.9898005099745015,0.005652755844089388
3.994800259987001,0.004795391337929974
3.9998000099995004,0.002409845312789631
4.004799760012,0.01019721139501718
4.009799510024499,0.00420485379626902
4.014799260036998,0.003453225033494489
4.019799010049498,0.0035662824207050472
4.024798760061997,0.001639055093931724
4.029798510074497,0.0038320726303851843
4.034798260086996,0.006310254292812386
4.039798010099496,0.00480665546924841
4.044797760111995,0.005767220323229414
4.0497975101244945,0.0033656473839993217
4.0547972601369935,0.00924519119568188
4.059797010149493,0.005976197728585917
4.064796760161992,0.01418792225430726
4.069796510174491,0.006921129441860884
4.074796260186991,0.0006455980565914686
4.07979601019949,0.008210037389213746
4.08479576021199,0.0046646412529842834
4.089795510224489,0.009554800547202716
4.094795260236989,0.005026068610054956
4.099795010249488,0.009623966681197887
4.104794760261988,0.007292710402469057
4.109794510274487,0.005319251439081129
4.1147942602869865,0.003018343273443491
4.119794010299485,0.007754038798258436
4.124793760311984,0.0035434868287275174
4.129793510324484,0.004995572972898491
4.134793260336983,0.003694148205914466
4.139793010349483,0.004119247031525868
4.144792760361982,0.004900633927014915
4.149792510374482,0.010589007756569308
4.154792260386981,0.005598635279522001
4.159792010399481,0.002558650832562544
4.16479176041198,0.001843139448479797
4.16979151042448,0.007660214884876361
4.174791260436979,0.0071070113742736606
4.1797910104494775,0.006062130164445237
4.184790760461977,0.003936774217498546
4.189790510474476,0.006410532464958536
4.194790260486976,0.015097410789034848
4.199790010499475,0.0036466608994574156
4.204789760511975,0.008228398565631704
4.209789510524474,0.017132219538239596
4.214789260536974,0.006511887762228173
4.219789010549473,0.005814150420440824
4.224788760561973,0.011870759972270052
4.229788510574472,0.003149679103373927
4.234788260586971,0.007389191090310071
4.2397880105994705,0.007548335101819397
4.2447877606119695,0.010545689405548724
4.249787510624469,0.006188221337541875
4.254787260636968,0.005707538895491069
4.259787010649468,0.002347196957645093
4.264786760661967,0.006867732899286375
4.269786510674467,0.005449198607842377
4.274786260686966,0.01301589758187296
4.279786010699466,0.007953861526293352
4.284785760711965,0.006346602528572742
4.289785510724464,0.006148938804139185
4.294785260736964,0.001959736876954855
4.299785010749463,0.008051410585468573
4.3047847607619625,0.00614355760313909
4.3097845107744615,0.006106006420773619
4.314784260786961,0.007636312434882617
4.31978401079946,0.0030108188412028467
4.32478376081196,0.01370654563639966
4.329783510824459,0.003362077125014749
4.334783260836959,0.011877467737192945
4.339783010849458,0.0011785045032896588
4.344782760861957,0.004024771903288378
4.349782510874457,0.005025433204792098
4.354782260886956,0.005551754864135625
4.359782010899456,0.007821097118620848
4.364781760911955,0.005346328108889502
4.369781510924454,0.001383416174996186
4.374781260936953,0.0019346219529097646
4.379781010949453,0.015272391259046246
4.384780760961952,0.0016070712887054346
4.389780510974452,0.004780779789427981
4.394780260986951,0.0029926563546827296
4.39978001099945,0.008685498399324974
4.40477976101195,0.002381573631857555
4.409779511024449,0.0037137440155607733
4.414779261036949,0.0014498674485440182
4.419779011049448,0.0050576350851791055
4.424778761061948,0.005592065475981652
4.4297785110744465,0.011583082749528585
4.434778261086946,0.0029795652151531904
4.439778011099445,0.003643386719120556
4.444777761111945,0.012520127595193806
4.449777511124444,0.0018666874893897166
4.454777261136943,0.004242296080870737
4.459777011149443,0.004826142731498381
4.464776761161942,0.006934748292573429
4.469776511174442,0.006706707450835123
4.474776261186941,0.011460074895405951
4.479776011199441,0.0035475832549975578
4.48477576121194,0.005274206154075861
4.4897755112244395,0.005444339395989805
4.4947752612369385,0.008493108141616785
4.499775011249438,0.007772204488171121
4.504774761261937,0.009444237768604492
4.509774511274436,0.006505897210129537
4.514774261286936,0.0073355485295107424
4.519774011299435,0.004848131335060949
4.524773761311935,0.007275420733662219
4.529773511324434,0.006160374612928802
4.534773261336934,0.0024113535496898654
4.539773011349433,0.014055823270847008
4.544772761361933,0.01401181460717176
4.549772511374432,0.007209791098680783
4.5547722613869315,0.0008720970868169322
4.5597720113994304,0.0019614016838053047
4.564771761411929,0.005414334413542814
4.569771511424429,0.00685052399348367
4.574771261436928,0.004328573494376507
4.579771011449428,0.01058982049766429
4.584770761461927,0.011199566176332275
4.589770511474427,0.005220779096116462
4.594770261486926,0.00919668629248828
4.599770011499426,0.0017927724604015467
4.604769761511925,0.004857185080780027
4.609769511524425,0.006598001185659446
4.614769261536924,0.006582533786462011
4.6197690115494225,0.008087499963187746
4.624768761561922,0.0034123467449839245
4.629768511574421,0.006086083553020272
4.634768261586921,0.005414729842225563
4.63976801159942,0.0074692341026383205
4.64476776161192,0.011713415869420329
4.649767511624419,0.012306094157490104
4.654767261636919,0.0032782784406656124
4.659767011649418,0.01679640957930884
4.664766761661918,0.0038499026191655787
4.669766511674417,0.014226221043041429
4.674766261686916,0.010854584734081317
4.6797660116994155,0.007515821633885098
4.6847657617119145,0.0033474713654497892
4.689765511724414,0.005071656581836762
4.694765261736913,0.011082969244775955
4.699765011749413,0.009705723483673323
4.704764761761912,0.009093465884604478
4.709764511774412,0.005820213173673893
4.714764261786911,0.008922293637583501
4.719764011799411,0.006221455578385807
4.72476376181191,0.006764077772610387
4.72976351182441,0.011944002800113785
4.734763261836909,0.005192668100396478
4.739763011849408,0.011301596633791284
4.7447627618619075,0.008422369009639595
4.7497625118744065,0.0055380182946653134
4.754762261886906,0.008416183510869759
4.759762011899405,0.006725701166320278
4.764761761911905,0.005735013276060576
4.769761511924404,0.008478110027853722
4.774761261936904,0.01043669176338769
4.779761011949403,0.007271647032022265
4.784760761961903,0.002743608860901106
4.789760511974402,0.010645737456849238
4.794760261986901,0.007301332016008527
4.799760011999401,0.0018529445196880934
4.8047597620119,0.0017682530069361565
4.809759512024399,0.0015092505390105477
4.814759262036898,0.0047583389321227765
4.819759012049398,0.004060215634748598
4.824758762061897,0.0026771714620861583
4.829758512074397,0.008410459642320572
4.834758262086896,0.00853748502037766
4.839758012099396,0.002723405097901836
4.844757762111895,0.01596476911607585
4.849757512124394,0.0024272939309796845
4.854757262136894,0.001925555557462957
4.859757012149393,0.006423210933239981
4.864756762161893,0.010278859946048694
4.8697565121743915,0.010436288300368201
4.874756262186891,0.004349054625621156
4.87975601219939,0.0012569057135162515
4.88475576221189,0.008076491018678576
4.889755512224389,0.012562138967703853
4.894755262236889,0.006344896679500314
4.899755012249388,0.0021986730166711666
4.904754762261887,0.006101185484979953
4.909754512274387,0.0028419529313352086
4.914754262286886,0.008049085622631024
4.919754012299386,0.016585335493353184
4.924753762311885,0.007869330765008425
4.9297535123243845,0.015295239000258518
4.9347532623368835,0.004731881508979682
4.939753012349383,0.004555636961928524
4.944752762361882,0.00894361508305606
4.949752512374382,0.003476027546318478
4.954752262386881,0.011117318860792693
4.95975201239938,0.008156802628540974
4.96475176241188,0.006683398830427072
4.969751512424379,0.004244438173252145
4.974751262436879,0.005316811758965557
4.979751012449378,0.0020593194326304918
4.984750762461878,0.010104661228025112
4.989750512474377,0.010448748832824503
4.9947502624868765,0.015686781199720282
4.9997500124993755,0.006467605397509836
5.004749762511875,0.007024856301400102
5.009749512524374,0.0061180586490142425
5.014749262536873,0.013215321268716582
5.019749012549373,0.010026697147779587
5.024748762561872,0.010041279847978578
5.029748512574372,0.003435195112819155
5.034748262586871,0.005333956204775974
5.039748012599371,0.00976236571678631
5.04474776261187,0.007650607191721968
5.04974751262437,0.0016092723918441111
5.054747262636869,0.004163095362926903
5.059747012649368,0.006477866745356538
5.064746762661867,0.009480735003859037
5.069746512674366,0.005125808194280451
5.074746262686866,0.003063462601559986
5.079746012699365,0.005311400963659335
5.084745762711865,0.0027410487821457165
5.089745512724364,0.005297466597828753
5.094745262736864,0.0071132899820151255
5.099745012749363,0.00335437372469004
5.104744762761863,0.013635084572202605
5.109744512774362,0.0037829162258284626
5.114744262786862,0.005745835351818624
5.1197440127993605,0.002310190084775533
5.1247437628118595,0.006165523591368155
5.129743512824359,0.007314424018654485
5.134743262836858,0.00456603629021439
5.139743012849358,0.011469790144921353
5.144742762861857,0.007073386967476097
5.149742512874357,0.006937935839291167
5.154742262886856,0.0011377216124322414
5.159742012899356,0.007265109361502989
5.164741762911855,0.013528457010921676
5.169741512924355,0.0037117627237857162
5.174741262936854,0.0012585322756190067
5.179741012949353,0.01013497698535584
5.1847407629618525,0.003622611607094495
5.1897405129743515,0.002721811009279521
5.194740262986851,0.007999748200938036
5.19974001299935,0.0061457717468346345
5.20473976301185,0.01278889204729626
5.209739513024349,0.017732910176086275
5.214739263036849,0.008483007466179603
5.219739013049348,0.002442853064997836
5.224738763061848,0.0016625381119038279
5.229738513074347,0.0032389864382012115
5.234738263086846,0.0014350829519768503
5.239738013099346,0.00527513202362798
5.244737763111845,0.00418987260137042
5.2497375131243444,0.0013320099135493391
5.254737263136843,0.01287920325000561
5.259737013149343,0.01116351230987556
5.264736763161842,0.006833431075763779
5.269736513174342,0.004558049711084406
5.274736263186841,0.004567943667030959
5.279736013199341,0.010557958039588635
5.28473576321184,0.0072193663679898405
5.289735513224339,0.009521188234990076
5.294735263236839,0.005359691468137869
5.299735013249338,0.010523118338275789
5.304734763261838,0.006748472438869078
5.3097345132743365,0.002417115122327954
5.314734263286836,0.003425202370545625
5.319734013299335,0.0022454216885349054
5.324733763311835,0.006509750939314715
5.329733513324334,0.0057572576204901315
5.334733263336834,0.010207267176328352
5.339733013349333,0.0046381269392625065
5.344732763361832,0.008002574241439285
5.349732513374332,0.008480551139372529
5.354732263386831,0.003587939830751983
5.359732013399331,0.008679478171671287
5.36473176341183,0.007354450534799707
5.3697315134243295,0.006296198444128254
5.3747312634368285,0.011439943488138295
5.379731013449328,0.004618112108513871
5.384730763461827,0.011976003940481171
5.389730513474327,0.0036408552901195197
5.394730263486826,0.005326282662851995
5.399730013499325,0.004101262782461674
5.404729763511825,0.005539161676089555
5.409729513524324,0.004536171294822342
5.414729263536824,0.005217508409657891
5.419729013549323,0.014239152537189948
5.424728763561823,0.007999429093652208
5.429728513574322,0.010674600279049627
5.4347282635868215,0.0036601136134867805
5.4397280135993205,0.009595742980287003
5.44472776361182,0.009624799317093282
5.449727513624319,0.0073706503605355245
5.454727263636818,0.00266923373029313
5.459727013649318,0.009277729617995903
5.464726763661817,0.010208015333291786
5.469726513674317,0.00931135102069644
5.474726263686816,0.00446896372357535
5.479726013699316,0.006103577149217172
5.484725763711815,0.0031493355330894294
5.489725513724315,0.01186984637115637
5.494725263736814,0.008831059563200249
5.499725013749313,0.005120391592585595
5.504724763761812,0.009174798398516842
5.509724513774311,0.0035691175182059214
5.514724263786811,0.009187233612855675
5.51972401379931,0.00548318324034766
5.52472376381181,0.0035623412858879332
5.529723513824309,0.005483440416756339
5.534723263836809,0.0035031593750437674
5.539723013849308,0.008182439278962842
5.544722763861808,0.007175454594913026
5.549722513874307,0.006259126230637605
5.554722263886807,0.0042314116133467606
5.5597220138993055,0.0052514840779099466
5.564721763911805,0.007800408255179242
5.569721513924304,0.0032915407830501195
5.574721263936803,0.005349103134513345
5.579721013949303,0.009248243568723696
5.584720763961802,0.00849845324335291
5.589720513974302,0.012192640857748295
5.594720263986801,0.011845915396998218
5.599720013999301,0.009001305571243873
5.6047197640118,0.00955029562442812
5.6097195140243,0.004916615715690762
5.614719264036799,0.009092616890554588
5.6197190140492985,0.004234820861939264
5.6247187640617975,0.00501438852548217
5.6297185140742965,0.006230453864567673
5.634718264086796,0.008529783039014022
5.639718014099295,0.010256200736510566
5.644717764111795,0.005645463606327742
5.649717514124294,0.003998192520817596
5.654717264136794,0.006143677431603522
5.659717014149293,0.006153672074294579
5.664716764161793,0.013424396581664059
5.669716514174292,0.0031474776230711802
5.674716264186792,0.014146397999654692
5.679716014199291,0.009134305718937518
5.68471576421179,0.006767167177326821
5.6897155142242894,0.005099435319112394
5.694715264236788,0.0028934249649402175
5.699715014249288,0.004602767312288147
5.704714764261787,0.005551263116335006
5.709714514274287,0.003877771392068652
5.714714264286786,0.005328204807543074
5.719714014299286,0.006589018108306936
5.724713764311785,0.005806642003314043
5.729713514324285,0.010868287315553615
5.734713264336784,0.006507254684122289
5.739713014349283,0.006944858062804156
5.744712764361783,0.007929181755740384
5.7497125143742815,0.007793880012266689
5.754712264386781,0.0029152618623464518
5.75971201439928,0.0043803839654369715
5.76471176441178,0.0044637566355067455
5.769711514424279,0.00609674982682197
5.774711264436779,0.00445217673709912
5.779711014449278,0.009127894439695252
5.784710764461778,0.007279483498524545
5.789710514474277,0.002081919893996338
5.794710264486776,0.012367102990972227
5.799710014499276,0.005017621378067841
5.804709764511775,0.004593704146008061
5.8097095145242745,0.0028459816845869007
5.8147092645367735,0.0052204032529330644
5.819709014549273,0.0017944984498645146
5.824708764561772,0.004633148446459827
5.829708514574272,0.0017102959670061357
5.834708264586771,0.009194441363858892
5.839708014599271,0.0069427297849373
5.84470776461177,0.005015558340538922
5.849707514624269,0.011120375160040061
5.854707264636769,0.005779053681802243
5.859707014649268,0.008422365095088983
5.864706764661768,0.003030414390567845
5.869706514674267,0.0025167835076519126
5.8747062646867665,0.009612467059143807
5.8797060146992655,0.013169219501358135
5.884705764711765,0.007496142546532476
5.889705514724264,0.013695716481010398
5.894705264736764,0.004424182105971813
5.899705014749263,0.006207350791334283
5.904704764761762,0.006842552579163769
5.909704514774262,0.009077557417312341
5.914704264786761,0.00133369507229927
5.919704014799261,0.0045550484201507925
5.92470376481176,0.007691683071453
5.92970351482426,0.00613795233228219
5.934703264836759,0.00035464598198890957
5.9397030148492584,0.0046476600897813495
5.944702764861757,0.0024637676048369383
5.949702514874257,0.009695476225759395
5.954702264886756,0.00434518427799941
5.959702014899255,0.005832313682524907
5.964701764911755,0.009914792458313403
5.969701514924254,0.0037609545831949463
5.974701264936754,0.009418827622242363
5.979701014949253,0.0037237842392757745
5.984700764961753,0.009407352075050482
5.989700514974252,0.00892383943733118
5.994700264986752,0.010375837577261612
5.9997000149992505,0.00617242204667652
6.00469976501175,0.012293897537843022
6.009699515024249,0.007496731926710718
6.014699265036748,0.004397910249102995
6.019699015049248,0.003307370161202242
6.024698765061747,0.010390456763812587
6.029698515074247,0.007644487897266815
6.034698265086746,0.006652788361892415
6.039698015099246,0.006990851692417061
6.044697765111745,0.0078765261728004
6.049697515124245,0.004363106329966161
6.054697265136744,0.0075302461667694845
6.0596970151492435,0.007178489256346218
6.0646967651617425,0.0045566467348389
6.0696965151742415,0.007116101996119746
6.074696265186741,0.011663666920358076
6.07969601519924,0.010411418177042657
6.08469576521174,0.0019616542649389316
6.089695515224239,0.0025728892722761323
6.094695265236739,0.006351869845262851
6.099695015249238,0.007695494620533234
6.104694765261738,0.0017583450305005692
6.109694515274237,0.003842849925200615
6.114694265286737,0.0052811897934885695
6.119694015299236,0.004879265945354706
6.124693765311735,0.0029374732814104374
6.1296935153242345,0.00414412849975474
6.134693265336733,0.0060700798071058526
6.139693015349233,0.004475108317756122
6.144692765361732,0.009075541363332005
6.149692515374232,0.008717215574734519
6.154692265386731,0.0034682764958583415
6.159692015399231,0.0047332340073859905
6.16469176541173,0.009580682000336072
6.16969151542423,0.005170325044163646
6.174691265436729,0.006827274611075976
6.179691015449228,0.004502303263827096
6.184690765461728,0.009419427585913041
6.1896905154742266,0.013090436474544692
6.194690265486726,0.006300661118490454
6.199690015499225,0.006505112338334374
6.204689765511725,0.0033428668647795187
6.209689515524224,0.007404656343748375
6.214689265536724,0.016284082603735185
6.219689015549223,0.012862518393621418
6.224688765561723,0.011460118592289242
6.229688515574222,0.010667548015521278
6.234688265586721,0.004967450661641988
6.239688015599221,0.0016211856057578833
6.24468776561172,0.0011887078601071216
6.2496875156242195,0.00904203557543117
6.2546872656367185,0.010477711614750864
6.259687015649218,0.012287978211579259
6.264686765661717,0.008027637365804523
6.269686515674217,0.020773148468069956
6.274686265686716,0.0017729426300463725
6.279686015699216,0.012971075402227266
6.284685765711715,0.006847195897545099
6.289685515724214,0.005978757753515266
6.294685265736714,0.005733469571350557
6.299685015749213,0.006280356847319741
6.304684765761713,0.007992019657926711
6.309684515774212,0.008899658810500116
6.3146842657867115,0.011150838777211325
6.3196840157992105,0.005661541449967164
6.32468376581171,0.01717645076715029
6.329683515824209,0.004773793017551148
6.334683265836709,0.008577510676068162
6.339683015849208,0.009313787019309192
6.344682765861707,0.005170562404196614
6.349682515874207,0.006047234289783014
6.354682265886706,0.006938178562852994
6.359682015899206,0.0077737305418397636
6.364681765911705,0.002226651299731019
6.369681515924205,0.010160529117023894
6.374681265936704,0.006401370952620171
6.3796810159492034,0.005577157101076687
6.384680765961702,0.019219155219334386
6.389680515974202,0.0044926130465155895
6.394680265986701,0.005657236819810653
6.3996800159992,0.003842919357437532
6.4046797660117,0.012155624325203434
6.409679516024199,0.0014100975069134304
6.414679266036699,0.005971148217898029
6.419679016049198,0.005104959766287724
6.424678766061698,0.00959893180399186
6.429678516074197,0.006139892763939119
6.434678266086697,0.002788100895975609
6.4396780160991955,0.0028795568861465295
6.444677766111695,0.009947154234773685
6.449677516124194,0.008079619336749232
6.454677266136694,0.006026155695524495
6.459677016149193,0.007620312011763179
6.464676766161692,0.009171466989537434
6.469676516174192,0.006389716358326666
6.474676266186691,0.006846515422550902
6.479676016199191,0.006747960824716018
6.48467576621169,0.005213999954361841
6.48967551622419,0.007005714551897638
6.494675266236689,0.0015483407376636583
6.4996750162491885,0.009019318744952475
6.5046747662616875,0.007775029289864635
6.509674516274187,0.0029599990068809837
6.514674266286686,0.009532681056657123
6.519674016299185,0.003587245243353984
6.524673766311685,0.007297380551419657
6.529673516324184,0.00559766850411537
6.534673266336684,0.006441854547824774
6.539673016349183,0.01060453182774736
6.544672766361683,0.00644148024750428
6.549672516374182,0.004049132487599298
6.554672266386682,0.012348172495712767
6.559672016399181,0.008481479625826712
6.5646717664116805,0.013078659243465605
6.5696715164241795,0.013307681992671527
6.574671266436678,0.005651414787326202
6.579671016449178,0.004419469774264199
6.584670766461677,0.005082655348609624
6.589670516474177,0.004441304536743422
6.594670266486676,0.007172615712017428
6.599670016499176,0.009504761850427411
6.604669766511675,0.005582887015494912
6.609669516524175,0.013507735893194638
6.614669266536674,0.0041788952370574815
6.619669016549174,0.005636131754992235
6.624668766561673,0.0012437814294544147
6.6296685165741716,0.003648211881751158
6.634668266586671,0.003404948523270128
6.63966801659917,0.004098274214497398
6.64466776661167,0.010602398553286594
6.649667516624169,0.002789436982841449
6.654667266636669,0.007307409491847177
6.659667016649168,0.004199318399569952
6.664666766661668,0.0012856266664829535
6.669666516674167,0.00581731025058364
6.674666266686667,0.012164566103132738
6.679666016699166,0.00461783990642255
6.684665766711665,0.00936539034205945
6.6896655167241645,0.0025709081085518136
6.6946652667366635,0.009994990115390602
6.699665016749163,0.020781498628253507
6.704664766761662,0.0158706216533454
6.709664516774162,0.0114127974159845
6.714664266786661,0.005597994953259245
6.719664016799161,0.00514257549273585
6.72466376681166,0.008992315042624625
6.72966351682416,0.004271418207489554
6.734663266836659,0.01499074080770611
6.739663016849158,0.0034624261124733447
6.744662766861658,0.007731664364972933
6.749662516874157,0.00351375006927918
6.7546622668866565,0.00475518012545572
6.7596620168991555,0.008172231519880628
6.764661766911655,0.00583514590626494
6.769661516924154,0.00247166074698641
6.774661266936654,0.000740010165112268
6.779661016949153,0.009889171859708978
6.784660766961653,0.0055392652388868745
6.789660516974152,0.007847933171815574
6.794660266986651,0.0011963066460849447
6.799660016999151,0.004632778131312322
6.80465976701165,0.004044384121610549
6.80965951702415,0.007135939724156253
6.814659267036649,0.0012259868960228179
6.8196590170491485,0.01077483834143792
6.824658767061647,0.010635761897598286
6.829658517074147,0.0012336184683263936
6.834658267086646,0.015269414263163703
6.839658017099146,0.005983028231051253
6.844657767111645,0.00562952219130529
6.849657517124144,0.007105655190026104
6.854657267136644,0.008515296510760342
6.859657017149143,0.001820263443090893
6.864656767161643,0.0086763694542305
6.869656517174142,0.002026484681219102
6.874656267186642,0.006549472338477218
6.8796560171991405,0.011876151299675978
6.88465576721164,0.006463058324540972
6.889655517224139,0.010867592631990056
6.894655267236639,0.012650144799007244
6.899655017249138,0.00558197474223303
6.904654767261637,0.002514782358933706
6.909654517274137,0.008671574564944573
6.914654267286636,0.005128139172039765
6.919654017299136,0.006057303968065715
6.924653767311635,0.011532417176054965
6.929653517324135,0.012805697074983646
6.934653267336634,0.00469028394984925
6.9396530173491335,0.008400570467224823
6.9446527673616325,0.008075775162614365
6.949652517374132,0.008459299676868213
6.954652267386631,0.0067641435443871216
6.95965201739913,0.004656549352329784
6.96465176741163,0.010687060986503308
6.969651517424129,0.0024861050451752183
6.974651267436629,0.007612499466153012
6.979651017449128,0.010427798638928447
6.984650767461628,0.008364224828138565
6.989650517474127,0.009229925848247045
6.994650267486627,0.005523219452159927
6.999650017499126,0.0067412258929675
7.0046497675116255,0.00197927033663366
7.0096495175241245,0.0060045236697293045
7.014649267536623,0.01169296357083264
7.019649017549123,0.0042374753789238264
7.024648767561622,0.001686766621461465
7.029648517574122,0.00968457552177326
7.034648267586621,0.01040582222249231
7.039648017599121,0.004600565166293239
7.04464776761162,0.0034807373751198707
7.04964751762412,0.004423693805137484
7.054647267636619,0.008341906005670637
7.059647017649119,0.004343930435991861
7.064646767661618,0.010164106759587429
7.069646517674117,0.009810622312868472
7.074646267686616,0.012863075225621431
7.079646017699115,0.005787366183817827
7.084645767711615,0.007845641177780272
7.089645517724114,0.006062591469835392
7.094645267736614,0.0023534874604479662
7.099645017749113,0.0029932463061346204
7.104644767761613,0.0075065913151016895
7.109644517774112,0.008084718292343869
7.114644267786612,0.012537220949754591
7.119644017799111,0.01533559947442835
7.12464376781161,0.0055138427187045175
7.1296435178241095,0.007953404628274253
7.1346432678366085,0.013853608341248333
7.139643017849108,0.010655669964828144
7.144642767861607,0.005149849109630319
7.149642517874107,0.004028054973009054
7.154642267886606,0.003372208025734586
7.159642017899106,0.004924359260344026
7.164641767911605,0.0030178360728710094
7.169641517924105,0.019774602109555613
7.174641267936604,0.009693291435773048
7.179641017949103,0.011403678991097442
7.184640767961603,0.0034607787782325785
7.189640517974102,0.004499344650170948
7.1946402679866015,0.011718414755967537
7.1996400179991005,0.0015608879891805527
7.2046397680116,0.003913471790616735
7.209639518024099,0.00832958510049246
7.214639268036599,0.014569352967014604
7.219639018049098,0.014043211589319878
7.224638768061598,0.002574956383054689
7.229638518074097,0.004973742298204431
7.234638268086596,0.004346531312102334
7.239638018099096,0.012308872720170852
7.244637768111595,0.008006395995057683
7.249637518124095,0.00612002406276556
7.254637268136594,0.003930448633759269
7.2596370181490935,0.0040255953296474255
7.264636768161592,0.007624822101758968
7.269636518174092,0.010018224274944516
7.274636268186591,0.0014342670809037177
7.279636018199091,0.001806879780506037
7.28463576821159,0.0022837649780738014
7.28963551822409,0.0036306989212069444
7.294635268236589,0.003324472582589715
7.299635018249088,0.005839127029763377
7.304634768261588,0.012377556734771165
7.309634518274087,0.0043177849613229135
7.314634268286587,0.006070529241883758
7.3196340182990856,0.009790672201552985
7.324633768311585,0.0058702931050031775
7.329633518324084,0.009891069524507532
7.334633268336584,0.006131671268417779
7.339633018349083,0.013545400591251656
7.344632768361583,0.007096900430273067
7.349632518374082,0.004121835474777841
7.354632268386581,0.005461728898567375
7.359632018399081,0.007406574637492571
7.36463176841158,0.0038877907825031676
7.36963151842408,0.00267919923280681
7.374631268436579,0.012005339513775932
7.3796310184490785,0.007771461686530837
7.3846307684615775,0.007819732527924715
7.389630518474077,0.006757897623958857
7.394630268486576,0.010596968709240685
7.399630018499076,0.00907957405982663
7.404629768511575,0.008424212372628814
7.409629518524074,0.009680102650772219
7.414629268536574,0.0051376485047099135
7.419629018549073,0.002693630710380794
7.424628768561573,0.0017379470277668486
7.429628518574072,0.010541810235916193
7.434628268586572,0.005708765528463118
7.439628018599071,0.008750847121883598
7.4446277686115705,0.012108839955346394
7.4496275186240695,0.007532038227494504
7.454627268636569,0.005789221090074553
7.459627018649068,0.005091677740560974
7.464626768661567,0.010263860189748076
7.469626518674067,0.002330994345978213
7.474626268686566,0.008763766196513534
7.479626018699066,0.006150508872082582
7.484625768711565,0.00730232037078741
7.489625518724065,0.004220617390289591
7.494625268736564,0.01091518857121411
7.499625018749064,0.0019981032033958086
7.504624768761563,0.007808234839829134
7.5096245187740625,0.001565609902953452
7.514624268786561,0.005280120762093426
7.51962401879906,0.018334757481119002
7.52462376881156,0.00543756800880906
7.529623518824059,0.007787239111617825
7.534623268836559,0.012669368757890506
7.539623018849058,0.005273623766856164
7.544622768861558,0.010660430563560854
7.549622518874057,0.006974782901281462
7.554622268886557,0.0018855266047611233
7.559622018899056,0.007561830288821116
7.564621768911556,0.010339052362173452
7.5696215189240545,0.005921735663207671
7.5746212689365535,0.0034031301523075206
7.579621018949053,0.00442469732625335
7.584620768961552,0.005299629634373815
7.589620518974052,0.011558123312949135
7.594620268986551,0.002160227860795712
7.599620018999051,0.0034131413013795196
7.60461976901155,0.004540142482140845
7.60961951902405,0.007091571131558814
7.614619269036549,0.01112138511503086
7.619619019049049,0.007419620979896201
7.624618769061548,0.002890270487663961
7.629618519074047,0.005382681150272457
7.6346182690865465,0.004885737759573231
7.6396180190990455,0.0034401819659237486
7.644617769111545,0.006800977630782273
7.649617519124044,0.008741482850463493
7.654617269136544,0.010618663780667661
7.659617019149043,0.00720076066672973
7.664616769161543,0.007008024247129604
7.669616519174042,0.006486428303405603
7.674616269186542,0.010620943540072059
7.679616019199041,0.009581793412936487
7.68461576921154,0.001235041872520681
7.68961551922404,0.0031626651605290786
7.694615269236539,0.0025280078451334984
7.6996150192490385,0.00651139890827827
7.704614769261537,0.005101232882961642
7.709614519274037,0.0011477321444889434
7.714614269286536,0.004569114399128577
7.719614019299036,0.007442886417561111
7.724613769311535,0.011811249145638612
7.729613519324035,0.0008093871173127896
7.734613269336534,0.009809288696803777
7.739613019349033,0.00720689444665272
7.744612769361533,0.006763206222876092
7.749612519374032,0.0041495604315500015
7.754612269386532,0.0035053935250012394
7.759612019399031,0.01024929981788771
7.76461176941153,0.005945343040907245
7.769611519424029,0.008960031563724307
7.774611269436529,0.006473983110370142
7.779611019449028,0.009212087852438652
7.784610769461528,0.004291655268146961
7.789610519474027,0.005682775372954575
7.794610269486526,0.006191402266747677
7.799610019499026,0.004050050012462998
7.804609769511525,0.007277096543148523
7.809609519524025,0.0022599692285718946
7.814609269536524,0.009714103631900388
7.8196090195490235,0.008141080994568733
7.8246087695615225,0.0038337497973223457
7.829608519574022,0.007786935917084903
7.834608269586521,0.011816402372331834
7.839608019599021,0.009505675461662843
7.84460776961152,0.004591320823453451
7.849607519624019,0.014961767318332205
7.854607269636519,0.0110097371796647
7.859607019649018,0.0033048276581607258
7.864606769661518,0.005984191551816391
7.869606519674017,0.013390320258560538
7.874606269686517,0.007188808672838217
7.879606019699016,0.011867430123590931
7.8846057697115155,0.004055168382982456
7.8896055197240145,0.009060860610877379
7.894605269736514,0.004861003966668648
7.899605019749013,0.008565109106409926
7.904604769761512,0.006184405240000113
7.909604519774012,0.01081863606078141
7.914604269786511,0.006075709215740258
7.919604019799011,0.0020062255985794173
7.92460376981151,0.006247330542315605
7.92960351982401,0.007533375645048327
7.934603269836509,0.014348592682557327
7.939603019849009,0.009620717086730377
7.944602769861508,0.008730740008960734
7.9496025198740075,0.0058335976353665235
7.954602269886506,0.003282941602389009
7.959602019899005,0.007586511038996579
7.964601769911505,0.004502041790374174
7.969601519924004,0.009068291319807888
7.974601269936504,0.01151016237016812
7.979601019949003,0.007078143298124656
7.984600769961503,0.0037015077359273886
7.989600519974002,0.008363401187221236
7.994600269986502,0.009692400832578576
7.999600019999001,0.008919019961532122
8.0045997700115,0.0038777332629684564
8.009599520024,0.006781245658685782
8.014599270036499,0.0032581902611515793
8.019599020048998,0.009421036965380205
8.024598770061498,0.012414334925086892
8.029598520073996,0.008563599094947336
8.034598270086496,0.0041908185148665554
8.039598020098996,0.013760902790779786
8.044597770111496,0.006284276672230074
8.049597520123994,0.009095304613855857
8.054597270136494,0.00916712768256748
8.059597020148994,0.010896668101975105
8.064596770161494,0.009038484038885864
8.069596520173992,0.00648587067153275
8.074596270186492,0.016264779396722513
8.079596020198991,0.007187094172299843
8.08459577021149,0.013622553521228058
8.08959552022399,0.004489195869726923
8.09459527023649,0.006121601772910728
8.099595020248989,0.008213485242610912
8.104594770261487,0.0015328130864774448
8.109594520273987,0.008192415470740658
8.114594270286487,0.009445996938968164
8.119594020298987,0.0034816707914730074
8.124593770311485,0.004833134835252341
8.129593520323985,0.009180533280157237
8.134593270336484,0.005704613838576551
8.139593020348983,0.008698992798016158
8.144592770361482,0.008035540772065527
8.149592520373982,0.0021932517574304116
8.154592270386482,0.008645251973605807
8.15959202039898,0.004586831786157149
8.16459177041148,0.0060220475903967445
8.16959152042398,0.00139282798177052
8.17459127043648,0.010507610327842655
8.179591020448978,0.01353986784981065
8.184590770461478,0.001389226849878812
8.189590520473978,0.006314017940917396
8.194590270486476,0.006494834615137519
8.199590020498976,0.005822018170237875
8.204589770511475,0.010558967993946847
8.209589520523975,0.006711180430569697
8.214589270536473,0.00983899834326341
8.219589020548973,0.002427067502958837
8.224588770561473,0.0007299784509170843
8.229588520573973,0.008751433643557578
8.234588270586471,0.006768831825217445
8.23958802059897,0.0029004713194153184
8.24458777061147,0.007407199925685917
8.249587520623969,0.010303633375007665
8.254587270636469,0.0132797730589806
8.259587020648969,0.0045449861471714495
8.264586770661468,0.00346750442090933
8.269586520673966,0.004363910898623471
8.274586270686466,0.006761164470084417
8.279586020698966,0.011538086603945447
8.284585770711466,0.013668489363782144
8.289585520723964,0.0032974038127446138
8.294585270736464,0.006214514999060323
8.299585020748964,0.005429964009396402
8.304584770761462,0.002791936018138894
8.309584520773962,0.016896533426664737
8.314584270786462,0.003476129863656027
8.319584020798962,0.004348891226543989
8.32458377081146,0.007243693550612654
8.32958352082396,0.011935384110087884
8.33458327083646,0.003142798468363671
8.33958302084896,0.005179082594285267
8.344582770861457,0.007099965963170747
8.349582520873957,0.0011418883120956399
8.354582270886457,0.0053898979234720664
8.359582020898955,0.009892828170932181
8.364581770911455,0.002667661062081817
8.369581520923955,0.007312728011330101
8.374581270936455,0.00799767134113058
8.379581020948953,0.009783771093750233
8.384580770961453,0.004151246307152902
8.389580520973952,0.004359605937644211
8.394580270986452,0.004234060337921969
8.39958002099895,0.002826671963877195
8.40457977101145,0.0074820848594125185
8.40957952102395,0.0019098390048598389
8.414579271036448,0.010681606583022312
8.419579021048948,0.007631209176250635
8.424578771061448,0.012159921099562303
8.429578521073948,0.007697226191333853
8.434578271086446,0.009451062605784212
8.439578021098946,0.007738006689052435
8.444577771111446,0.009080943349601175
8.449577521123945,0.0035304898467916753
8.454577271136444,0.006140481687106951
8.459577021148943,0.006237991454937454
8.464576771161443,0.0030353511115559575
8.469576521173941,0.006455637516310718
8.474576271186441,0.004411355756851304
8.479576021198941,0.003517402287588841
8.484575771211441,0.006205673241374356
8.489575521223939,0.004313472123482913
8.494575271236439,0.007497333812360948
8.499575021248939,0.0012355886422447276
8.504574771261439,0.00830394752641083
8.509574521273937,0.008292319339913846
8.514574271286437,0.00821654982028944
8.519574021298936,0.006160783212044912
8.524573771311434,0.014671175398684696
8.529573521323934,0.009955031576008385
8.534573271336434,0.0075369298466008445
8.539573021348934,0.013472171108211237
8.544572771361432,0.008542895686307764
8.549572521373932,0.008978572273161125
8.554572271386432,0.004101239900606952
8.559572021398932,0.006044000591388464
8.56457177141143,0.006535106070961558
8.56957152142393,0.00701508736609008
8.57457127143643,0.008935494081821942
8.579571021448928,0.005370782802275448
8.584570771461427,0.008220058404086168
8.589570521473927,0.0041148346433650404
8.594570271486427,0.004518124596433781
8.599570021498925,0.008725851221398481
8.604569771511425,0.01050088969545919
8.609569521523925,0.008838796384341159
8.614569271536425,0.003754527418109411
8.619569021548923,0.007050459651330081
8.624568771561423,0.009803067367958277
8.629568521573923,0.007594357721677094
8.63456827158642,0.010042508383674393
8.63956802159892,0.008659353205810596
8.64456777161142,0.013444904698805452
8.64956752162392,0.00016782654721846766
8.654567271636418,0.006678825804892067
8.659567021648918,0.008640785350421565
8.664566771661418,0.005482130499084509
8.669566521673918,0.006882734224321933
8.674566271686416,0.005231689160195693
8.679566021698916,0.005950258242150678
8.684565771711416,0.01380374037925266
8.689565521723914,0.00651723569330417
8.694565271736414,0.000848462394896107
8.699565021748914,0.0059941495644749865
8.704564771761413,0.0024230183078797437
8.709564521773911,0.012028458188157258
8.714564271786411,0.007459221416344331
8.719564021798911,0.004255691679421671
8.724563771811411,0.006081143244597716
8.72956352182391,0.0063389157424673685
8.734563271836409,0.006892921782670801
8.739563021848909,0.005237394769106836
8.744562771861407,0.0033618974293270413
8.749562521873907,0.0017706376726014286
8.754562271886407,0.0038483693252881006
8.759562021898907,0.01349915198409332
8.764561771911405,0.0044441789977413175
8.769561521923904,0.013925712226803314
8.774561271936404,0.006415927792344695
8.779561021948904,0.004485555395874779
8.784560771961402,0.005983763415555818
8.789560521973902,0.011162906672146117
8.794560271986402,0.006938275172442037
8.7995600219989,0.006719424487259611
8.8045597720114,0.008788378982390042
8.8095595220239,0.004877148914526661
8.8145592720364,0.0014788716947264264
8.819559022048898,0.004521220261886983
8.824558772061398,0.005206795741427866
8.829558522073897,0.006618871388596086
8.834558272086397,0.0037003858736826007
8.839558022098895,0.014418493581281031
8.844557772111395,0.011080587292396478
8.849557522123895,0.00485468048551304
8.854557272136393,0.006387793905475549
8.859557022148893,0.0055588391760620645
8.864556772161393,0.006083969908238878
8.869556522173893,0.00700494286975673
8.87455627218639,0.005455589083952108
8.87955602219889,0.0013980760398063013
8.88455577221139,0.010161569889695306
8.88955552222389,0.012741309065004537
8.894555272236389,0.0016712798794590075
8.899555022248888,0.004211614756108242
8.904554772261388,0.014984400801195025
8.909554522273886,0.00817180574793351
8.914554272286386,0.003213099193633488
8.919554022298886,0.0026493988572162206
8.924553772311386,0.003478510346143104
8.929553522323884,0.006713186974837144
8.934553272336384,0.003378983910463382
8.939553022348884,0.007870229425130576
8.944552772361384,0.01029932926287743
8.949552522373882,0.0015642007844807661
8.954552272386382,0.008129623602209956
8.959552022398881,0.0030366968982518247
8.96455177241138,0.003945057177813687
8.96955152242388,0.0036536768304648477
8.97455127243638,0.0029116045825337868
8.979551022448879,0.010344207972618985
8.984550772461377,0.008552192062321459
8.989550522473877,0.003896971907075657
8.994550272486377,0.0020023041992495456
8.999550022498877,0.0059164166105518555
9.004549772511375,0.011991444174026422
9.009549522523875,0.0043010039931514425
9.014549272536375,0.004577979476118072
9.019549022548873,0.0034431059941655087
9.024548772561372,0.003393961758349463
9.029548522573872,0.004993247188962705
9.034548272586372,0.01451046478916573
9.03954802259887,0.010885297045757995
9.04454777261137,0.002176707860671804
9.04954752262387,0.0024819405396943536
9.05454727263637,0.005421972412175037
9.059547022648868,0.010168551047081014
9.064546772661368,0.005236037202348614
9.069546522673868,0.004777638302427239
9.074546272686366,0.009711022009064698
9.079546022698866,0.001950335987220219
9.084545772711365,0.0029744480465235938
9.089545522723865,0.01304102561442282
9.094545272736363,0.01353818077120002
9.099545022748863,0.002547549766890918
9.104544772761363,0.007672807555509245
9.109544522773863,0.002458808621274272
9.114544272786361,0.003953304558263878
9.119544022798861,0.010134141572616643
9.12454377281136,0.002204457832081919
9.129543522823859,0.0042975136044886685
9.134543272836359,0.002495424236251171
9.139543022848859,0.0015136165306529326
9.144542772861358,0.0038069249057919733
9.149542522873856,0.004685536933884313
9.154542272886356,0.010552636861587411
9.159542022898856,0.005492358341411069
9.164541772911356,0.0008856391040467345
9.169541522923854,0.0006477658827643033
9.174541272936354,0.009316018310063404
9.179541022948854,0.006293567353778973
9.184540772961352,0.006896308844192938
9.189540522973852,0.006701182649576802
9.194540272986352,0.004129014994360436
9.199540022998852,0.007287859796745184
9.20453977301135,0.004511263961594728
9.20953952302385,0.005185881185522673
9.21453927303635,0.0015853735691486802
9.21953902304885,0.008551539493960229
9.224538773061347,0.005641012286875879
9.229538523073847,0.007269146757813286
9.234538273086347,0.005493526571301789
9.239538023098845,0.010387988029702882
9.244537773111345,0.004618705270605167
9.249537523123845,0.0052293954553282816
9.254537273136345,0.0067077493236453725
9.259537023148843,0.008133647760649482
9.264536773161343,0.01149391624827716
9.269536523173842,0.008848064737684453
9.274536273186342,0.0016143990345038179
9.27953602319884,0.008514477630343105
9.28453577321134,0.0056193101838272865
9.28953552322384,0.0024633197051937574
9.294535273236338,0.004849457339992718
9.299535023248838,0.005448019533085097
9.304534773261338,0.01017115927444521
9.309534523273838,0.0034611019035685146
9.314534273286336,0.0060414633986903945
9.319534023298836,0.006384489416804365
9.324533773311336,0.0007584728430861372
9.329533523323835,0.0066600512142372436
9.334533273336334,0.0016414653234807534
9.339533023348833,0.006013243061291209
9.344532773361333,0.00913022492377016
9.349532523373831,0.0022536955320845123
9.354532273386331,0.004675732937268328
9.359532023398831,0.0065145413920636094
9.364531773411331,0.004826104352683247
9.369531523423829,0.006835385857574508
9.374531273436329,0.002563722458320323
9.379531023448829,0.00796376866632173
9.384530773461329,0.004772353779618977
9.389530523473827,0.00833600003195406
9.394530273486327,0.006190541573883868
9.399530023498826,0.0022193194014947437
9.404529773511326,0.010576808970027928
9.409529523523824,0.004893202291498772
9.414529273536324,0.006356866672651295
9.419529023548824,0.010201638722076616
9.424528773561322,0.016662729139857967
9.429528523573822,0.01362720620966888
9.434528273586322,0.005007408370679593
9.439528023598822,0.0027822850346356366
9.44452777361132,0.0022097856793488937
9.44952752362382,0.009240751007368894
9.45452727363632,0.005340023852552459
9.45952702364882,0.006769967495377028
9.464526773661317,0.006979505272940386
9.469526523673817,0.006330092338525348
9.474526273686317,0.009825647436639537
9.479526023698815,0.005588213293446348
9.484525773711315,0.006398771145073523
9.489525523723815,0.000992515552364444
9.494525273736315,0.006138965948644938
9.499525023748813,0.009210101124824241
9.504524773761313,0.006192975570254084
9.509524523773813,0.010860760379924821
9.514524273786312,0.0016459777869628003
9.51952402379881,0.005843968091117022
9.52452377381131,0.00855617078225314
9.52952352382381,0.005528529218600342
9.534523273836308,0.002576100257055563
9.539523023848808,0.0083231835469792
9.544522773861308,0.015637711438979254
9.549522523873808,0.006685605348474517
9.554522273886306,0.004455830376932518
9.559522023898806,0.009424947307481543
9.564521773911306,0.010380304395664466
9.569521523923806,0.009240196455631445
9.574521273936304,0.007244019220000161
9.579521023948804,0.006897297015971946
9.584520773961303,0.0031782310770492174
9.589520523973802,0.0073803676493888965
9.594520273986301,0.009283941012124588
9.599520023998801,0.005525270591179874
9.604519774011301,0.004912289390366009
9.6095195240238,0.008976850744260674
9.614519274036299,0.005530274846975585
9.619519024048799,0.006023032993283822
9.624518774061299,0.011523368828887104
9.629518524073797,0.00729478328617819
9.634518274086297,0.004563469912602396
9.639518024098797,0.009401130255664213
9.644517774111295,0.008105267430166775
9.649517524123794,0.006096365092886309
9.654517274136294,0.010526013226064378
9.659517024148794,0.0019657152461834784
9.664516774161292,0.0021274287511203606
9.669516524173792,0.006880869192360861
9.674516274186292,0.009612827181326404
9.679516024198792,0.011812293159741527
9.68451577421129,0.006489878943424582
9.68951552422379,0.006740985798927711
9.69451527423629,0.002521157040885856
9.699515024248788,0.0026592321220962676
9.704514774261288,0.0061197148501757415
9.709514524273787,0.002934813452285748
9.714514274286287,0.0058380225441778105
9.719514024298785,0.0044649272335546475
9.724513774311285,0.0027877597983830887
9.729513524323785,0.006105958192674554
9.734513274336285,0.005574851259567906
9.739513024348783,0.005287206133762699
9.744512774361283,0.004501027960591968
9.749512524373783,0.0015063305508779695
9.75451227438628,0.006592529549830654
9.75951202439878,0.003634283310545172
9.76451177441128,0.005151378946265141
9.76951152442378,0.0010891331346531796
9.774511274436279,0.00324391641072676
9.779511024448778,0.00908285818153708
9.784510774461278,0.01032614130438797
9.789510524473778,0.00531596256492546
9.794510274486276,0.006714437301757772
9.799510024498776,0.005417793373301133
9.804509774511276,0.008966947140261798
9.809509524523774,0.007660210203571122
9.814509274536274,0.00336509031677951
9.819509024548774,0.007216353054001291
9.824508774561274,0.0028442928763553767
9.829508524573772,0.0019148683570623846
9.834508274586272,0.005261305513215595
9.839508024598771,0.00985587314824709
9.844507774611271,0.0072927330568405445
9.84950752462377,0.0017700059858499868
9.85450727463627,0.004791801621227267
9.859507024648769,0.0028560265726653247
9.864506774661267,0.0031678248542751173
9.869506524673767,0.007075529793636949
9.874506274686267,0.003395293591685046
9.879506024698767,0.007773841459635765
9.884505774711265,0.010287125444114503
9.889505524723765,0.00957980231955508
9.894505274736265,0.0031163901066146547
9.899505024748764,0.007153110663255086
9.904504774761262,0.007136490894787403
9.909504524773762,0.007646568572518209
9.914504274786262,0.01278630631705641
9.91950402479876,0.00401872610542013
9.92450377481126,0.012620098258050489
9.92950352482376,0.007103153361056264
9.93450327483626,0.00394927205829876
9.939503024848758,0.0027758959174908975
9.944502774861258,0.005034581622425911
9.949502524873758,0.0074965810189582425
9.954502274886257,0.0028194326820518622
9.959502024898756,0.006965336984877626
9.964501774911255,0.0009922592640518465
9.969501524923755,0.007599871936052905
9.974501274936253,0.0045768403020818
9.979501024948753,0.0035698426530173352
9.984500774961253,0.0023636139446119187
9.989500524973753,0.009511371815989903
9.994500274986251,0.013187724898853156
9.999500024998751,0.00930109165362917
10.00449977501125,0.004817999211895234
10.00949952502375,0.01029403174510109
10.014499275036249,0.0034944190844952263
10.019499025048749,0.0055031653365256
10.024498775061248,0.0022250388624540105
10.029498525073747,0.007690349587643084
10.034498275086246,0.0074202456886715154
10.039498025098746,0.007443490034208456
10.044497775111246,0.007805483786728366
10.049497525123744,0.010641335692426803
10.054497275136244,0.0024364344250876525
10.059497025148744,0.0029351822801929844
10.064496775161244,0.008915460647934706
10.069496525173742,0.013132440467839967
10.074496275186242,0.010452894378830062
10.079496025198742,0.0069228631670447405
10.08449577521124,0.00306243456449944
10.08949552522374,0.004817029204266869
10.09449527523624,0.004705336421959507
10.09949502524874,0.006579529903518855
10.104494775261237,0.004439103032208008
10.109494525273737,0.003695930441791085
10.114494275286237,0.005489525743043273
10.119494025298737,0.00623228200249623
10.124493775311235,0.012330516932971776
10.129493525323735,0.00883791940904532
10.134493275336235,0.005877840490783117
10.139493025348733,0.005958497116113491
10.144492775361233,0.006335960289271875
10.149492525373732,0.005235436422436329
10.154492275386232,0.007350090343246061
10.15949202539873,0.013027192979187278
10.16449177541123,0.004588650018743686
10.16949152542373,0.004922560870435513
10.17449127543623,0.008425139606782636
10.179491025448728,0.016857680554179837
10.184490775461228,0.007855435631458211
10.189490525473728,0.005631344140161804
10.194490275486226,0.009330839375392195
10.199490025498726,0.006190262050259361
10.204489775511226,0.0033414171477509315
10.209489525523725,0.003049850334763264
10.214489275536224,0.00519086377504063
10.219489025548723,0.002009100686549636
10.224488775561223,0.002006433425265531
10.229488525573723,0.006970408497619454
10.234488275586221,0.005066792224572746
10.239488025598721,0.006504529520085609
10.244487775611221,0.0031644765198459404
10.249487525623719,0.003560467021455358
10.254487275636219,0.00553457614733175
10.259487025648719,0.005855863763772208
10.264486775661219,0.003922454053755868
10.269486525673717,0.0058000217976531656
10.274486275686217,0.006767373103228196
10.279486025698716,0.009492426417595607
10.284485775711216,0.000608959960876286
10.289485525723714,0.00732311159553233
10.294485275736214,0.003096294427204829
10.299485025748714,0.007855316273847753
10.304484775761212,0.004198033244089232
10.309484525773712,0.004854007712147553
10.314484275786212,0.00914649844634058
10.319484025798712,0.0035010099205189126
10.32448377581121,0.008173158697119907
10.32948352582371,0.009317741243189983
10.33448327583621,0.00488166512528917
10.33948302584871,0.0046786864478784735
10.344482775861207,0.008497147434512891
10.349482525873707,0.0041265261845060104
10.354482275886207,0.0034397711973454762
10.359482025898705,0.0018011386803836794
10.364481775911205,0.0017164579764621663
10.369481525923705,0.008528993966544928
10.374481275936205,0.006637827053287243
10.379481025948703,0.0019750618191434984
10.384480775961203,0.007660074322072801
10.389480525973703,0.00739958190299208
10.394480275986202,0.008934457447173966
10.3994800259987,0.00881327272499616
10.4044797760112,0.009735949311445023
10.4094795260237,0.0025719626103203664
10.414479276036198,0.010114282661978669
10.419479026048698,0.0060911138278032535
10.424478776061198,0.0019661360279531292
10.429478526073698,0.001232662876558418
10.434478276086196,0.0034982461169496474
10.439478026098696,0.005999940277088218
10.444477776111196,0.008839038243363613
10.449477526123696,0.008439703270144
10.454477276136194,0.001617946161125993
10.459477026148694,0.011990860438842763
10.464476776161193,0.005327012878900644
10.469476526173692,0.008127521037075352
10.474476276186191,0.007130060047019022
10.479476026198691,0.006242512341226305
10.484475776211191,0.0026291083972553235
10.48947552622369,0.005409016319529161
10.494475276236189,0.005722336042463683
10.499475026248689,0.005578997349458835
10.504474776261189,0.00677763207813428
10.509474526273687,0.012996001676890093
10.514474276286187,0.002722203912763672
10.519474026298687,0.00949822366363263
10.524473776311185,0.00617387401417826
10.529473526323684,0.004227743412300171
10.534473276336184,0.006858381549726384
10.539473026348684,0.005922340866423092
10.544472776361182,0.007847571512607216
10.549472526373682,0.013897153682930801
10.554472276386182,0.010027257308360028
10.559472026398682,0.006190197877326103
10.56447177641118,0.0080685187010245
10.56947152642368,0.006819132900365276
10.57447127643618,0.004467695885310276
10.579471026448678,0.012499357037995125
10.584470776461178,0.006712390813924573
10.589470526473677,0.0056897096261596235
10.594470276486177,0.006545568802263019
10.599470026498675,0.004391208681486676
10.604469776511175,0.006463748006121702
10.609469526523675,0.0026232615955795536
10.614469276536175,0.0053547850559883675
10.619469026548673,0.0057665028812261656
10.624468776561173,0.009324354582252637
10.629468526573673,0.004271121102731988
10.63446827658617,0.0120064618646654
10.63946802659867,0.0008512918743798762
10.64446777661117,0.005131943283837176
10.64946752662367,0.006965146749473954
10.654467276636169,0.0014696586674710264
10.659467026648668,0.008120671805921999
10.664466776661168,0.005385175561847761
10.669466526673668,0.00398212410482456
10.674466276686166,0.007090531605789487
10.679466026698666,0.0041344341567277005
10.684465776711166,0.001746206062432545
10.689465526723664,0.004239825148288352
10.694465276736164,0.0018525545181874055
10.699465026748664,0.0020661767170078744
10.704464776761164,0.002252750286424419
10.709464526773662,0.012549668183618927
10.714464276786162,0.006083566014494843
10.719464026798661,0.0036608845494185034
10.724463776811161,0.005456957497366552
10.72946352682366,0.007089381119553795
10.73446327683616,0.004101356286898578
10.739463026848659,0.006121436913063612
10.744462776861157,0.0036827670944682028
10.749462526873657,0.009399525136345333
10.754462276886157,0.0026466682371219744
10.759462026898657,0.006375045199305413
10.764461776911155,0.006176474775591691
10.769461526923655,0.007762959167407759
10.774461276936155,0.0029696406444883017
10.779461026948654,0.0035650128625555216
10.784460776961152,0.0030677081332817204
10.789460526973652,0.002700876939434171
10.794460276986152,0.007548343686234988
10.79946002699865,0.01317089158026281
10.80445977701115,0.00470961717652049
10.80945952702365,0.005490780204742467
10.81445927703615,0.0009344888923889722
10.819459027048648,0.006600914567058439
10.824458777061148,0.004238846820114073
10.829458527073648,0.008243220924278222
10.834458277086148,0.004615516880699549
10.839458027098646,0.007735349296678132
10.844457777111145,0.009247780373302648
10.849457527123645,0.002715079448443494
10.854457277136143,0.006035783201877706
10.859457027148643,0.00974315697111839
10.864456777161143,0.0009749583955687469
10.869456527173643,0.006626606626996638
10.874456277186141,0.003079731592428167
10.879456027198641,0.006831733429944332
10.88445577721114,0.007108580421661101
10.88945552722364,0.007704257157863145
10.894455277236139,0.008964425273605874
10.899455027248639,0.008593355171862944
10.904454777261138,0.004899849897014558
10.909454527273637,0.013962664489097816
10.914454277286136,0.007415718921538053
10.919454027298636,0.0023956644934349323
10.924453777311136,0.004747337413636564
10.929453527323634,0.004115301008137065
10.934453277336134,0.006136080138341393
10.939453027348634,0.007418732427561625
10.944452777361134,0.00631297721746464
10.949452527373632,0.002407523618916893
10.954452277386132,0.003177828319030912
10.959452027398632,0.002846087537588473
10.96445177741113,0.006054013354774854
10.96945152742363,0.009152005659578692
10.97445127743613,0.003940793393308617
10.97945102744863,0.005618064158618382
10.984450777461127,0.0059725752809134695
10.989450527473627,0.008817385591884266
10.994450277486127,0.0038468674849456387
10.999450027498627,0.004310579516739498
11.004449777511125,0.007320611210042005
11.009449527523625,0.00539334905543244
11.014449277536125,0.005206738877165956
11.019449027548623,0.007965854230871627
11.024448777561123,0.00801939518969017
11.029448527573622,0.0025672714640776837
11.034448277586122,0.0004871455504335164
11.03944802759862,0.0055279460680776535
11.04444777761112,0.0060056027684377445
11.04944752762362,0.002820669424114331
11.05444727763612,0.010009567819603932
11.059447027648618,0.008824599383165318
11.064446777661118,0.0031752177481624852
11.069446527673618,0.01487691268723199
11.074446277686116,0.002405320861864284
11.079446027698616,0.0044620378274315975
11.084445777711116,0.008652266064947338
11.089445527723615,0.006254976353212972
11.094445277736114,0.004992476721492879
11.099445027748613,0.0038846840982038164
11.104444777761113,0.005227258075010168
11.109444527773613,0.009536692955542105
11.114444277786111,0.005502563154143889
11.119444027798611,0.0027905913557090063
11.124443777811111,0.009724581202559862
11.12944352782361,0.0045293589739838
11.134443277836109,0.00029550860604769206
11.139443027848609,0.007215530886584359
11.144442777861109,0.004687661870897283
11.149442527873607,0.004425976575499039
11.154442277886107,0.0017750158753345063
11.159442027898606,0.004295326084559636
11.164441777911106,0.007227461023573525
11.169441527923604,0.005162653846902635
11.174441277936104,0.008555631334481254
11.179441027948604,0.0034061431650180773
11.184440777961104,0.0024487976816372253
11.189440527973602,0.0035825775078739304
11.194440277986102,0.001777230174015743
11.199440027998602,0.005017172754015032
11.2044397780111,0.003112995264972935
11.2094395280236,0.004765330930885494
11.2144392780361,0.004342530642238846
11.2194390280486,0.005160097379027929
11.224438778061097,0.0022196639488483156
11.229438528073597,0.007986093933625305
11.234438278086097,0.0015363591805071432
11.239438028098597,0.003031947876043989
11.244437778111095,0.0028783465698152193
11.249437528123595,0.0019601724328560228
11.254437278136095,0.002657409137368812
11.259437028148593,0.004177719535078148
11.264436778161093,0.003309238802655106
11.269436528173593,0.007427717775803578
11.274436278186093,0.003202206349764133
11.27943602819859,0.008377466275018945
11.28443577821109,0.007675176711785249
11.28943552822359,0.005297565437540033
11.29443527823609,0.006486560227513696
11.299435028248588,0.0037570526736352403
11.304434778261088,0.006422981225100139
11.309434528273588,0.006316823333246312
11.314434278286086,0.0012500000814556758
11.319434028298586,0.010155185125821663
11.324433778311086,0.012083311599661532
11.329433528323586,0.005643382374513579
11.334433278336084,0.007337132674088492
11.339433028348584,0.006842841962491226
11.344432778361083,0.0030942174363727134
11.349432528373583,0.004657625593356679
11.354432278386081,0.0034215712176995064
11.359432028398581,0.007517575226557913
11.364431778411081,0.003335178394879687
11.36943152842358,0.008573806642136686
11.374431278436079,0.00550202738433651
11.379431028448579,0.0029737233315101997
11.384430778461079,0.0017444705200115403
11.389430528473577,0.0014173734748342693
11.394430278486077,0.002522960710259234
11.399430028498577,0.006842188126533775
11.404429778511076,0.002801297838286117
11.409429528523575,0.001220245942413059
11.414429278536074,0.00840558553372525
11.419429028548574,0.0006455837054352028
11.424428778561072,0.0018839453728246918
11.429428528573572,0.003350912452595961
11.434428278586072,0.005334739110473586
11.439428028598572,0.002166284429781654
11.44442777861107,0.004231811615251559
11.44942752862357,0.0017049699972787916
11.45442727863607,0.005983435564486496
11.45942702864857,0.004589464734400269
11.464426778661068,0.006458121337907946
11.469426528673567,0.0030522291459785574
11.474426278686067,0.007411312876729736
11.479426028698565,0.0019129350920540835
11.484425778711065,0.007368562356249614
11.489425528723565,0.0019890505523306253
11.494425278736065,0.008759706523280453
11.499425028748563,0.004263388765039562
11.504424778761063,0.00923071264567802
11.509424528773563,0.002501739091640375
11.514424278786063,0.0048138912690372584
11.51942402879856,0.003527794791968873
11.52442377881106,0.0033293643963361918
11.52942352882356,0.003552758605651244
11.534423278836059,0.0024362154892206478
11.539423028848558,0.0046227036393553435
11.544422778861058,0.0006188928716304729
11.549422528873558,0.002526136905873062
11.554422278886056,0.0008549816367984111
11.559422028898556,0.01194119725058854
11.564421778911056,0.0032588108035263427
11.569421528923556,0.005102371907818836
11.574421278936054,0.002744306121468425
11.579421028948554,0.0054207400251024985
11.584420778961054,0.008225720559655633
11.589420528973552,0.008627431052430745
11.594420278986052,0.0026998446298798534
11.599420028998551,0.0008801764758122059
11.604419779011051,0.00974812013962872
11.60941952902355,0.01603775442732561
11.61441927903605,0.0029630126358638456
11.619419029048549,0.0078048724562133414
11.624418779061049,0.0011404933352524942
11.629418529073547,0.005084893758565595
11.634418279086047,0.005450300004950815
11.639418029098547,0.007973070082121758
11.644417779111045,0.002111756567867218
11.649417529123545,0.0024403899155870214
11.654417279136045,0.0061875674528257575
11.659417029148544,0.0014617587360767474
11.664416779161042,0.009934526604945138
11.669416529173542,0.007977315056130939
11.674416279186042,0.00867717017536305
11.679416029198542,0.004793332784159496
11.68441577921104,0.006236387090540098
11.68941552922354,0.011144790472840515
11.69441527923604,0.001081249787726682
11.699415029248538,0.004403999417037654
11.704414779261038,0.006608887668052109
11.709414529273538,0.0071670083177740335
11.714414279286038,0.01308948329039072
11.719414029298536,0.0018496624362649794
11.724413779311035,0.004461409309993097
11.729413529323535,0.009022504360302165
11.734413279336035,0.010178594838367508
11.739413029348533,0.0026419440741246546
11.744412779361033,0.004036483941892114
11.749412529373533,0.003557801564820298
11.754412279386031,0.01185506566338946
11.759412029398531,0.0029077456005183436
11.76441177941103,0.00545966838176143
11.76941152942353,0.004614433293467135
11.774411279436029,0.0029673630513888673
11.779411029448529,0.003867495147096942
11.784410779461028,0.002277917915843021
11.789410529473528,0.0026134260925540585
11.794410279486026,0.010517070996968358
11.799410029498526,0.005854894147948938
11.804409779511026,0.0011723861835251166
11.809409529523524,0.007878316160125791
11.814409279536024,0.004645010282947975
11.819409029548524,0.010893990223064351
11.824408779561024,0.0027295290784434038
11.829408529573522,0.008838188413093313
11.834408279586022,0.012168037389572912
11.839408029598522,0.008944333504569878
11.844407779611021,0.006143709569129905
11.84940752962352,0.007638178996313071
11.85440727963602,0.0022141283982636856
11.85940702964852,0.004367643979480752
11.864406779661017,0.012619451135367542
11.869406529673517,0.003020882523160254
11.874406279686017,0.004258288909411696
11.879406029698517,0.002213495862953079
11.884405779711015,0.006283170529394386
11.889405529723515,0.006046220659337825
11.894405279736015,0.0026409680093040615
11.899405029748515,0.002697882161743318
11.904404779761013,0.005052491986087289
11.909404529773512,0.007220324137099462
11.914404279786012,0.0069930002955354365
11.91940402979851,0.010180791457101932
11.92440377981101,0.007823753225367314
11.92940352982351,0.00638924166219783
11.93440327983601,0.00047656465659269836
11.939403029848508,0.003459043943197303
11.944402779861008,0.005553178065444283
11.949402529873508,0.0038550667294009683
11.954402279886008,0.0035369579721751952
11.959402029898506,0.0025371350026408192
11.964401779911006,0.005960068796094731
11.969401529923505,0.0034473117863177923
11.974401279936004,0.0022628241974227397
11.979401029948503,0.0034152363833697802
11.984400779961003,0.00898716455763155
11.989400529973503,0.00172881042058122
11.994400279986001,0.006718563046651344
11.999400029998501,0.004177115467054756
12.004399780011001,0.0026157677100120567
12.0093995300235,0.002107808552886207
12.014399280035999,0.00046549599854075677
12.019399030048499,0.0022704561477637653
12.024398780060999,0.004629681237363429
12.029398530073497,0.008421880436237737
12.034398280085997,0.004210225291363713
12.039398030098496,0.0008292569888462508
12.044397780110996,0.007734669708810318
12.049397530123494,0.004608963382454545
12.054397280135994,0.0026845675676930524
12.059397030148494,0.004029663880122702
12.064396780160994,0.0033965069493117847
12.069396530173492,0.011566834529651286
12.074396280185992,0.009959765423003041
12.079396030198492,0.009553726511450103
12.08439578021099,0.0029029149372227997
12.08939553022349,0.006321218332415594
12.09439528023599,0.00497907933777986
12.09939503024849,0.00404027979581097
12.104394780260987,0.007798669628737686
12.109394530273487,0.010378327949009052
12.114394280285987,0.005705906580978047
12.119394030298487,0.00806996481746658
12.124393780310985,0.002203000772166481
12.129393530323485,0.0055241553088689
12.134393280335985,0.0021158802693200265
12.139393030348483,0.010393983091467253
12.144392780360983,0.0026943311121563735
12.149392530373483,0.007913701111044858
12.154392280385983,0.004718847359676564
12.15939203039848,0.0011237045271287852
12.16439178041098,0.004718935251714331
12.16939153042348,0.0047185738241929814
12.17439128043598,0.004944027419705039
12.179391030448478,0.005023953640021598
12.184390780460978,0.005809601669115365
12.189390530473478,0.005368455939019537
12.194390280485976,0.00578166646447242
12.199390030498476,0.005336229463706326
12.204389780510976,0.007228987614319011
12.209389530523476,0.003293399478382784
12.214389280535974,0.009001732097699763
12.219389030548474,0.008099136515009734
12.224388780560973,0.00585526255069118
12.229388530573473,0.006941101612933326
12.234388280585971,0.00839288237681952
12.239388030598471,0.0037672312167663182
12.244387780610971,0.004768476600166842
12.24938753062347,0.005088839447341892
12.254387280635969,0.0029465963247320404
12.259387030648469,0.006450419864314774
12.264386780660969,0.007990142122947335
12.269386530673467,0.003843915337822575
12.274386280685967,0.0036175763909710294
12.279386030698467,0.008592200227059747
12.284385780710966,0.002803774272379152
12.289385530723465,0.0015708276484561836
12.294385280735964,0.005565647322576762
12.299385030748464,0.002308692650897979
12.304384780760962,0.006740501629758367
12.309384530773462,0.0035549880196680153
12.314384280785962,0.006035490157183882
12.319384030798462,0.007734200819322638
12.32438378081096,0.0028375665673507056
12.32938353082346,0.0014384316428248927
12.33438328083596,0.005919187826069464
12.33938303084846,0.0029787995325608182
12.344382780860958,0.0017602312282007939
12.349382530873457,0.007833510966546876
12.354382280885957,0.0049648017565099
12.359382030898455,0.004488958577960972
12.364381780910955,0.003155601313854577
12.369381530923455,0.001919037703820661
12.374381280935955,0.008177092189258765
12.379381030948453,0.005867102470895827
12.384380780960953,0.0102999530848481
12.389380530973453,0.00829388824499298
12.394380280985953,0.006729124513293829
12.39938003099845,0.006115983847813935
12.40437978101095,0.006393042306957327
12.40937953102345,0.004186357463405398
12.414379281035949,0.004918582302174496
12.419379031048448,0.0025446688378053797
12.424378781060948,0.003320491252825757
12.429378531073448,0.005747838540290361
12.434378281085946,0.0019202690978523133
12.439378031098446,0.004612771723288971
12.444377781110946,0.007074719357417918
12.449377531123446,0.0092241780309663
12.454377281135944,0.0038279842613328533
12.459377031148444,0.007317343388120166
12.464376781160944,0.009011905283456167
12.469376531173442,0.004902973923082973
12.474376281185942,0.00848084711027009
12.479376031198441,0.006349898967176605
12.484375781210941,0.004100879000336234
12.48937553122344,0.0026013545873904815
12.49437528123594,0.006572781401766047
12.499375031248439,0.004645219173386011
12.504374781260939,0.0063207446044311446
12.509374531273437,0.003768794045917735
12.514374281285937,0.010519398744348636
12.519374031298437,0.0032702456975451373
12.524373781310935,0.0035744625293896476
12.529373531323435,0.005782589309045072
12.534373281335935,0.00358734766313979
12.539373031348434,0.0050793153966498415
12.544372781360932,0.007203575363308457
12.549372531373432,0.0060237183335586485
12.554372281385932,0.0024114927505504836
12.559372031398432,0.0029788807879774833
12.56437178141093,0.0024141184326113333
12.56937153142343,0.008701545163153388
12.57437128143593,0.006235664053034033
12.579371031448428,0.0029694751309158568
12.584370781460928,0.007514766762367634
12.589370531473428,0.0037484861614720828
12.594370281485928,0.007568089578206036
12.599370031498426,0.0045404865600622325
12.604369781510925,0.008101563195156642
12.609369531523425,0.00637133323224356
12.614369281535925,0.005416232023326407
12.619369031548423,0.0041472202718435556
12.624368781560923,0.0063464011071465804
12.629368531573423,0.009082474784526973
12.634368281585921,0.002554891732411195
12.639368031598421,0.006453256259602853
12.64436778161092,0.002114420910920644
12.64936753162342,0.0013171300506766446
12.654367281635919,0.004515005940675801
12.659367031648419,0.0045112972502243205
12.664366781660918,0.004689321631482891
12.669366531673418,0.005320921520433809
12.674366281685916,0.002563917875597969
12.679366031698416,0.004569194094429353
12.684365781710916,0.003385194464813621
12.689365531723414,0.003902452760843382
12.694365281735914,0.011341118221093687
12.699365031748414,0.0034615017609927828
12.704364781760914,0.010848952606577204
12.709364531773412,0.0023448424535733015
12.714364281785912,0.005978636510995248
12.719364031798412,0.001763806647486518
12.724363781810911,0.003840602847725906
12.72936353182341,0.015534610830425536
12.73436328183591,0.0022575606946956322
12.73936303184841,0.005548999911304421
12.744362781860907,0.0014030998671760078
12.749362531873407,0.005363763444212542
12.754362281885907,0.004051919954252632
12.759362031898407,0.004864391332391555
12.764361781910905,0.005559631558934717
12.769361531923405,0.00716324369185401
12.774361281935905,0.005713358428257167
12.779361031948405,0.004677370847041664
12.784360781960903,0.005428594689764319
12.789360531973403,0.002312353324728672
12.794360281985902,0.006037503583107135
12.7993600319984,0.007920440244469036
12.8043597820109,0.0044395847182723035
12.8093595320234,0.00861633784157479
12.8143592820359,0.005109109571697214
12.819359032048398,0.007943010728985274
12.824358782060898,0.006708870758587755
12.829358532073398,0.002544683747315124
12.834358282085898,0.004262163043199318
12.839358032098396,0.006125978109776091
12.844357782110896,0.010908964013815286
12.849357532123395,0.0061766059454726515
12.854357282135895,0.006092706684404134
12.859357032148393,0.003839680417627831
12.864356782160893,0.008804410893006131
12.869356532173393,0.004098018345028762
12.874356282185891,0.0017768269211374016
12.879356032198391,0.005605578555909664
12.884355782210891,0.007424183382234069
12.88935553222339,0.005887359422367631
12.894355282235889,0.0051736384043925875
12.899355032248389,0.00370040042886605
12.904354782260889,0.003099151703625876
12.909354532273388,0.004082603396486605
12.914354282285887,0.004016103526706616
12.919354032298386,0.002364181557810241
12.924353782310886,0.009352086070847867
12.929353532323384,0.006366691043028818
12.934353282335884,0.006286737686192631
12.939353032348384,0.002929544862642197
12.944352782360884,0.003206671429258055
12.949352532373382,0.004734733880911436
12.954352282385882,0.0040269882130737015
12.959352032398382,0.008475713193985572
12.964351782410882,0.00769075014272873
12.96935153242338,0.003791992302125305
12.97435128243588,0.0017790034542806933
12.97935103244838,0.006458142840044394
12.984350782460877,0.003324181634804213
12.989350532473377,0.004092040395869345
12.994350282485877,0.0024809403391259405
12.999350032498377,0.006902297354752748
13.004349782510875,0.001588287883541321
13.009349532523375,0.004437025377457384
13.014349282535875,0.00558247820900226
13.019349032548375,0.008758096210439019
13.024348782560873,0.00736523462196059
13.029348532573373,0.008565704566342003
13.034348282585873,0.0034543901392813134
13.03934803259837,0.0033912232527152264
13.04434778261087,0.006689549984096011
13.04934753262337,0.007006446735802981
13.05434728263587,0.00480419604454214
13.059347032648368,0.004267309430130867
13.064346782660868,0.004736299982184113
13.069346532673368,0.0063317704086274
13.074346282685868,0.0033915548723273017
13.079346032698366,0.007081322978776131
13.084345782710866,0.005778656105943442
13.089345532723366,0.002489636696178461
13.094345282735864,0.004904734100050016
13.099345032748364,0.00625148518646515
13.104344782760863,0.005645080920681006
13.109344532773363,0.004057316722929256
13.114344282785861,0.002446641955938379
13.119344032798361,0.002568200356578208
13.124343782810861,0.003001365442537977
13.129343532823361,0.006769613927762684
13.134343282835859,0.009311845078412704
13.139343032848359,0.004287213243601248
13.144342782860859,0.0031622654887755236
13.149342532873357,0.005218510957131776
13.154342282885857,0.005160979419641327
13.159342032898357,0.003396138497836152
13.164341782910856,0.005658060162470237
13.169341532923355,0.009038919730788332
13.174341282935854,0.0024621079909622574
13.179341032948354,0.008421692859407696
13.184340782960854,0.0007751796209707396
13.189340532973352,0.0038153189446366695
13.194340282985852,0.01066005730963131
13.199340032998352,0.0024841533587705886
13.20433978301085,0.004460281005995223
13.20933953302335,0.0021719961939228975
13.21433928303585,0.0010115494285337157
13.21933903304835,0.0032902895736433018
13.224338783060848,0.0011141235228530584
13.229338533073348,0.004276632868657347
13.234338283085847,0.0038661677829435383
13.239338033098347,0.0031244222249940568
13.244337783110845,0.006283175647624032
13.249337533123345,0.0090058147521933
13.254337283135845,0.004789543896706906
13.259337033148343,0.00470549322212365
13.264336783160843,0.008816966978488947
13.269336533173343,0.0011751871873818408
13.274336283185843,0.0058963332223831
13.27933603319834,0.003273582863169062
13.28433578321084,0.005557182616203789
13.28933553322334,0.0038044184590010238
13.29433528323584,0.004144338836283541
13.299335033248338,0.001199423687975721
13.304334783260838,0.00514813265491464
13.309334533273338,0.004331124448575059
13.314334283285836,0.007368289095743
13.319334033298336,0.010692170197818537
13.324333783310836,0.004124765763537498
13.329333533323336,0.00694665458148603
13.334333283335834,0.0029186630166152037
13.339333033348334,0.00735674438233286
13.344332783360834,0.0042350916822531375
13.349332533373333,0.0006821734654889417
13.354332283385832,0.0062621306780066815
13.359332033398331,0.003832746578395311
13.364331783410831,0.008181464116485779
13.36933153342333,0.007811705560639299
13.37433128343583,0.0027921214413270186
13.379331033448329,0.002615482417472196
13.384330783460829,0.0025737802073569757
13.389330533473327,0.004327675017384149
13.394330283485827,0.004774487438482734
13.399330033498327,0.005140086901761986
13.404329783510827,0.006002171913781343
13.409329533523325,0.004053821799369282
13.414329283535825,0.006393526998812564
13.419329033548324,0.005345978526917657
13.424328783560822,0.0023384826669729394
13.429328533573322,0.003894948118499528
13.434328283585822,0.0015551431074537943
13.439328033598322,0.0015302672500307124
13.44432778361082,0.0035589976407610995
13.44932753362332,0.0037927153299224746
13.45432728363582,0.0025589828444067004
13.45932703364832,0.003840180077089696
13.464326783660818,0.0016653340170247127
13.469326533673318,0.004817949082052849
13.474326283685818,0.00827378878414758
13.479326033698316,0.005536738998849002
13.484325783710815,0.0021244676266473222
13.489325533723315,0.0026057835001927535
13.494325283735815,0.005470539104406757
13.499325033748313,0.005600938512060564
13.504324783760813,0.006118594375895832
13.509324533773313,0.0031235656488983465
13.514324283785813,0.005919385364059798
13.519324033798311,0.0020975792931281594
13.52432378381081,0.005697353533659061
13.52932353382331,0.004860836820897057
13.534323283835809,0.010227084060056344
13.539323033848309,0.004837393898353707
13.544322783860808,0.00674589728357637
13.549322533873308,0.007670456062035682
13.554322283885806,0.002133422383928569
13.559322033898306,0.0008765994871337551
13.564321783910806,0.0020510571664979103
13.569321533923306,0.0011132938957120332
13.574321283935804,0.005188258016525314
13.579321033948304,0.002121308455012972
13.584320783960804,0.0049692439820851995
13.589320533973302,0.0036365650747110802
13.594320283985802,0.002480330786636007
13.599320033998302,0.0031803776827264525
13.604319784010801,0.0018543285284038386
13.6093195340233,0.005558844665038448
13.6143192840358,0.004367642318931439
13.6193190340483,0.0022018580996484268
13.624318784060799,0.006893425754804725
13.629318534073297,0.0017345157278846406
13.634318284085797,0.005548884504204877
13.639318034098297,0.004408505572657052
13.644317784110795,0.0034054383740309844
13.649317534123295,0.0012852996313110318
13.654317284135795,0.002129913510382715
13.659317034148295,0.0019162619691354414
13.664316784160793,0.005422854804677483
13.669316534173293,0.00461059940947674
13.674316284185792,0.001981625628424409
13.679316034198292,0.004061716762155984
13.68431578421079,0.00590753809870643
13.68931553422329,0.008064088517805514
13.69431528423579,0.003908999537495694
13.699315034248288,0.0030443265673919385
13.704314784260788,0.003734239849457329
13.709314534273288,0.006915816201447848
13.714314284285788,0.00327475401610198
13.719314034298286,0.004207921891854054
13.724313784310786,0.0035048726469617615
13.729313534323285,0.002546140132422885
13.734313284335785,0.007151573527314952
13.739313034348283,0.0007294387156945381
13.744312784360783,0.0010997239380694695
13.749312534373283,0.005031139330209741
13.754312284385781,0.004441840906880307
13.759312034398281,0.005908528504566141
13.764311784410781,0.0045763697455640205
13.76931153442328,0.005416399816959527
13.774311284435779,0.004979177136356428
13.779311034448279,0.003879160804994364
13.784310784460779,0.0025432916393755395
13.789310534473278,0.006253288253392198
13.794310284485777,0.002962257178347332
13.799310034498276,0.0022081723415031534
13.804309784510776,0.004764333372176125
13.809309534523274,0.003980983638409732
13.814309284535774,0.001769921742736692
13.819309034548274,0.006277646614603863
13.824308784560774,0.006050773356724545
13.829308534573272,0.00656386187220729
13.834308284585772,0.009464112948209414
13.839308034598272,0.002312454326963488
13.844307784610772,0.002363989224188783
13.84930753462327,0.00500149897869428
13.85430728463577,0.0045740806078796645
13.85930703464827,0.001870319065534903
13.864306784660767,0.002248230827079157
13.869306534673267,0.0029287951036052248
13.874306284685767,0.005965150346055135
13.879306034698267,0.0027525764224336524
13.884305784710765,0.0023084216327432247
13.889305534723265,0.0038961532919715098
13.894305284735765,0.008547682974737486
13.899305034748265,0.003024214232545778
13.904304784760763,0.0024538764518783323
13.909304534773263,0.004028731769418125
13.914304284785763,0.00500114332343528
13.91930403479826,0.003332619623598719
13.92430378481076,0.0016324683954871953
13.92930353482326,0.0037489550519068477
13.93430328483576,0.001124469267572899
13.939303034848258,0.003409988022221594
13.944302784860758,0.003475590465927977
13.949302534873258,0.002224955307590772
13.954302284885758,0.002860110000485824
13.959302034898256,0.00445192798168276
13.964301784910756,0.0017595746915090346
13.969301534923256,0.006219627173752382
13.974301284935754,0.005768601323542048
13.979301034948254,0.004977248732957559
13.984300784960753,0.0033882292359281923
13.989300534973253,0.003642320284637382
13.994300284985751,0.0021303812923570828
13.999300034998251,0.0025427130411411884
14.004299785010751,0.002421223382173234
14.009299535023251,0.00431351368001401
14.014299285035749,0.006870059118340545
14.019299035048249,0.0034259156156044913
14.024298785060749,0.0024472366296631317
14.029298535073247,0.006232463229034298
14.034298285085747,0.0028193708859518066
14.039298035098247,0.0046874429712537085
14.044297785110746,0.006566649612765735
14.049297535123245,0.0044720019316183135
14.054297285135744,0.004496314585992084
14.059297035148244,0.0034264430749435617
14.064296785160744,0.000830842521797152
14.069296535173242,0.004385460573345048
14.074296285185742,0.005300569803696123
14.079296035198242,0.002632656297732419
14.08429578521074,0.004278205658659912
14.08929553522324,0.002882707754901994
14.09429528523574,0.0016283529032798908
14.09929503524824,0.004025795140378293
14.104294785260738,0.000368693211078467
14.109294535273238,0.0047098963407248935
14.114294285285737,0.0061509585577015835
14.119294035298237,0.005079418836596798
14.124293785310735,0.0013959857992733716
14.129293535323235,0.0022305574620855926
14.134293285335735,0.008137401412717215
14.139293035348233,0.0028354228924145244
14.144292785360733,0.0017356306536395949
14.149292535373233,0.0026735164293161346
14.154292285385733,0.0056083447352568505
14.15929203539823,0.005081512073809846
14.16429178541073,0.005241384822376531
14.16929153542323,0.003382696258195889
14.17429128543573,0.0024569429892616662
14.179291035448228,0.0015355011930770334
14.184290785460728,0.0033869998094889944
14.189290535473228,0.0053911764880730535
14.194290285485726,0.002197614267690358
14.199290035498226,0.006589120065254461
14.204289785510726,0.007319727384023755
14.209289535523226,0.00423506663669673
14.214289285535724,0.0040419169771523916
14.219289035548224,0.004385879453373054
14.224288785560724,0.001374130167155102
14.229288535573223,0.001437031814060511
14.234288285585722,0.0033366771499585258
14.239288035598221,0.006902062186321422
14.244287785610721,0.003472872310307284
14.24928753562322,0.002687539866972031
14.25428728563572,0.002289050999755454
14.259287035648219,0.007078668383980696
14.264286785660719,0.004160771462367451
14.269286535673217,0.0022253781275156856
14.274286285685717,0.003188050657467993
14.279286035698217,0.008391504408851874
14.284285785710717,0.007236795315438519
14.289285535723215,0.006376900137707516
14.294285285735715,0.0015513823185351716
14.299285035748214,0.006446949659506512
14.304284785760712,0.0073892924102336825
14.309284535773212,0.003887098437647867
14.314284285785712,0.0017945608152271128
14.319284035798212,0.006033204933500518
14.32428378581071,0.011084839459050512
14.32928353582321,0.0027858123038993036
14.33428328583571,0.0034464668175487353
14.33928303584821,0.004229456607970001
14.344282785860708,0.005014660089378073
14.349282535873208,0.008276814931181797
14.354282285885708,0.002426691164014769
14.359282035898206,0.004358477742744779
14.364281785910705,0.003969697487888393
14.369281535923205,0.004127996853851541
14.374281285935705,0.00467126920485748
14.379281035948203,0.002207184141923251
14.384280785960703,0.007592302211582267
14.389280535973203,0.007296762326078636
14.394280285985703,0.003402169534273174
14.399280035998201,0.0021212997969872432
14.4042797860107,0.0019286536474726326
14.4092795360232,0.007849183637319278
14.414279286035699,0.0042051010762559566
14.419279036048199,0.005925069362319411
14.424278786060698,0.0017759112793281607
14.429278536073198,0.0003478408259744205
14.434278286085696,0.0030362540505989837
14.439278036098196,0.0026955479557248486
14.444277786110696,0.0006764233837729391
14.449277536123196,0.003219159096911594
14.454277286135694,0.002947795020619364
14.459277036148194,0.005978918156465553
14.464276786160694,0.0006468557649747295
14.469276536173192,0.0028906689058076232
14.474276286185692,0.007840102774473973
14.479276036198192,0.004651241058664565
14.484275786210691,0.0011211802107899853
14.48927553622319,0.002850225505225214
14.49427528623569,0.0031757588662587157
14.49927503624819,0.0008931644048740234
14.50427478626069,0.009258104212730472
14.509274536273187,0.004904388657189117
14.514274286285687,0.003186476512811712
14.519274036298187,0.00296840294563045
14.524273786310687,0.005068887500205776
14.529273536323185,0.0051048483846087836
14.534273286335685,0.004546924015057812
14.539273036348185,0.0042200385999675875
14.544272786360683,0.000575308031636411
14.549272536373183,0.008743076876090704
14.554272286385682,0.005865538738472669
14.559272036398182,0.003327222498538861
14.56427178641068,0.004193454545430108
14.56927153642318,0.0061795869784212806
14.57427128643568,0.0019269937900987047
14.57927103644818,0.003504573528841958
14.584270786460678,0.0032367843226766063
14.589270536473178,0.004609692413387062
14.594270286485678,0.0038951848280156447
14.599270036498176,0.0038780147829773053
14.604269786510676,0.002383599925981156
14.609269536523176,0.0029598236523471306
14.614269286535675,0.0012846175402529813
14.619269036548173,0.003470313392807014
14.624268786560673,0.004397136539996474
14.629268536573173,0.0043021596653960645
14.634268286585673,0.005001453824254234
14.639268036598171,0.002412422490040306
14.644267786610671,0.0038321138532392608
14.64926753662317,0.0028880456604331683
14.654267286635669,0.005655887653697462
14.659267036648169,0.0037841597253621875
14.664266786660669,0.005970673004231251
14.669266536673168,0.005182717462549856
14.674266286685667,0.003054911262724377
14.679266036698166,0.001285141262846304
14.684265786710666,0.004869611447351834
14.689265536723166,0.004532117118511291
14.694265286735664,0.007241346139101168
14.699265036748164,0.004741867766410118
14.704264786760664,0.004159222494747419
14.709264536773162,0.005044314354259065
14.714264286785662,0.0011973440888804823
14.719264036798162,0.002444963535725337
14.724263786810662,0.001037621756389172
14.72926353682316,0.003053229459285011
14.73426328683566,0.0015361224539703012
14.73926303684816,0.002498694770431464
14.74426278686066,0.0047890545189857555
14.749262536873157,0.004097042554943495
14.754262286885657,0.00254382911385594
14.759262036898157,0.002096100440837817
14.764261786910655,0.005207050919070626
14.769261536923155,0.002425321141942519
14.774261286935655,0.00640008518227066
14.779261036948155,0.00625632860227947
14.784260786960653,0.0029769320592491055
14.789260536973153,0.003033973963601377
14.794260286985653,0.005948558742684809
14.799260036998152,0.0030005220168701587
14.80425978701065,0.001607680594765183
14.80925953702315,0.005780708632220323
14.81425928703565,0.0032996948629386677
14.819259037048148,0.006482027828406002
14.824258787060648,0.005230622215637001
14.829258537073148,0.0046429030286219974
14.834258287085648,0.005311445258242584
14.839258037098146,0.0026687875212072732
14.844257787110646,0.0011152783475768518
14.849257537123146,0.0055278282346548566
14.854257287135646,0.0032856638498577344
14.859257037148144,0.007391937129355403
14.864256787160643,0.004397977334331453
14.869256537173143,0.005911596844543437
14.874256287185641,0.002160437244457021
14.879256037198141,0.0015219103215954046
14.884255787210641,0.004456052846705517
14.889255537223141,0.002687685363878941
14.894255287235639,0.005930956367950088
14.899255037248139,0.0008905133420212247
14.904254787260639,0.0028450036404981303
14.909254537273139,0.0020757696814023624
14.914254287285637,0.0041024298434598015
14.919254037298137,0.004186995703260009
14.924253787310636,0.0026361242132265108
14.929253537323135,0.004175017857413262
14.934253287335634,0.0037418414450165667
14.939253037348134,0.006032465088410938
14.944252787360634,0.0038732806808273795
14.949252537373132,0.0006814196244282205
14.954252287385632,0.00423984289635515
14.959252037398132,0.001646825547955443
14.964251787410632,0.006003305382672445
14.96925153742313,0.001760678041016931
14.97425128743563,0.004037728321211193
14.97925103744813,0.0006433245801097493
14.984250787460628,0.0028863072938220087
14.989250537473128,0.006634115706098129
14.994250287485627,0.0023598738194755375
14.999250037498127,0.0021971147783268483
15.004249787510625,0.0009670594839568438
15.009249537523125,0.0025421537423395988
15.014249287535625,0.0015026832442105867
15.019249037548125,0.003761834759807031
15.024248787560623,7.820304133784765e-05
15.029248537573123,0.002510620660950571
15.034248287585623,0.0023821460289602946
15.03924803759812,0.0017389227765050367
15.04424778761062,0.004142495119556455
15.04924753762312,0.006760820126308932
15.05424728763562,0.002292209768009486
15.059247037648118,0.00426720820548473
15.064246787660618,0.00743868101711854
15.069246537673118,0.0035061412481891476
15.074246287685618,0.00331438743666121
15.079246037698116,0.004061627852744592
15.084245787710616,0.003012989517195612
15.089245537723116,0.0036988038627790605
15.094245287735614,0.001782462040630047
15.099245037748114,0.0016562599840647331
15.104244787760614,0.003330165552071314
15.109244537773113,0.004300446205543781
15.114244287785612,0.0037739493126758773
15.119244037798111,0.0016667412976356054
15.124243787810611,0.005047691439084718
15.129243537823111,0.004765531229800329
15.13424328783561,0.0021302558414119915
15.139243037848109,0.002946196796372246
15.144242787860609,0.003509159976318341
15.149242537873107,0.0037716417230403347
15.154242287885607,0.002717724536463195
15.159242037898107,0.003041167713688244
15.164241787910607,0.006861671148446916
15.169241537923105,0.0007715614776759174
15.174241287935605,0.003493432054654619
15.179241037948104,0.003111037146476271
15.184240787960604,0.001660798315157151
15.189240537973102,0.0016466954477791737
15.194240287985602,0.006527339296310708
15.199240037998102,0.0032679189949787004
15.2042397880106,0.0019923100009908027
15.2092395380231,0.003558795369472533
15.2142392880356,0.004157924166351703
15.2192390380481,0.0018768898442990095
15.224238788060598,0.0027605447137117878
15.229238538073098,0.0027552530546919364
15.234238288085598,0.0031944459143830417
15.239238038098097,0.003679384543103306
15.244237788110595,0.008096065002490787
15.249237538123095,0.0026419791234874638
15.254237288135595,0.0029758211977638526
15.259237038148093,0.005999067492453445
15.264236788160593,0.004100892041831253
15.269236538173093,0.0010310355036881641
15.274236288185593,0.0019458655835069643
15.279236038198091,0.0026766258203531137
15.28423578821059,0.0034292604553937543
15.28923553822309,0.0034390672544590503
15.29423528823559,0.00685721434748202
15.299235038248089,0.0014225603901163349
15.304234788260588,0.0026451363025108143
15.309234538273088,0.002600311517921208
15.314234288285586,0.003811488696842143
15.319234038298086,0.0010970948942477037
15.324233788310586,0.0024059493222589514
15.329233538323086,0.0043783213697956855
15.334233288335584,0.0009618366957192642
15.339233038348084,0.003317693959000646
15.344232788360584,0.0036680920734336437
15.349232538373084,0.0006468504409119999
15.354232288385582,0.0028433099456342567
15.359232038398082,0.0018412598247351103
15.364231788410581,0.001361481065400626
15.36923153842308,0.0049220306566376
15.37423128843558,0.0030354134282797518
15.37923103844808,0.006538393205238261
15.38423078846058,0.0056244389448274895
15.389230538473077,0.0018127693516263213
15.394230288485577,0.0005667942141308809
15.399230038498077,0.006016244536673408
15.404229788510577,0.002517470267735223
15.409229538523075,0.0014094846247964306
15.414229288535575,0.0030479292641590106
15.419229038548075,0.004495607190164486
15.424228788560573,0.004844191901233899
15.429228538573073,0.002212659137364821
15.434228288585572,0.0030282314153010337
15.439228038598072,0.002816721941547831
15.44422778861057,0.00337728168927559
15.44922753862307,0.003376903578007465
15.45422728863557,0.0027615576469504767
15.45922703864807,0.004509286012594123
15.464226788660568,0.001958677285724764
15.469226538673068,0.0013976478438803511
15.474226288685568,0.004328993432742455
15.479226038698066,0.003519336293153165
15.484225788710566,0.001921685891429611
15.489225538723066,0.0035276836073453084
15.494225288735565,0.007037758084270371
15.499225038748063,0.0026347754554856846
15.504224788760563,0.0015465520375216725
15.509224538773063,0.0011320816190822616
15.514224288785563,0.002514888988289364
15.519224038798061,0.0017791248235501636
15.524223788810561,0.005453240559861958
15.52922353882306,0.0012573952774304624
15.534223288835559,0.0012165943027406638
15.539223038848059,0.0038922146160829713
15.544222788860559,0.001002854999927325
15.549222538873058,0.0024463643991092425
15.554222288885557,0.003572868488316695
15.559222038898056,7.37071446993935e-05
15.564221788910556,0.00289250076897684
15.569221538923056,0.0075143632454445376
15.574221288935554,0.007569817700942512
15.579221038948054,0.0020597813714840693
15.584220788960554,0.004369996196637615
15.589220538973052,0.0013241277882091052
15.594220288985552,0.003791973496786211
15.599220038998052,0.0036943384661098583
15.604219789010552,0.004317598339424403
15.60921953902305,0.006357093103502555
15.61421928903555,0.0011237332293503699
15.61921903904805,0.0011325643874451417
15.62421878906055,0.004428651406419835
15.629218539073047,0.004370564781573794
15.634218289085547,0.0018204242595375253
15.639218039098047,0.0017378979755104992
15.644217789110545,0.004384646778077206
15.649217539123045,0.001986653215489482
15.654217289135545,0.00651423184294805
15.659217039148045,0.003674121209186616
15.664216789160543,0.0007185288930862771
15.669216539173043,0.003095865790137442
15.674216289185543,0.005293999377022188
15.679216039198042,0.002077319290354927
15.68421578921054,0.001646853074800839
15.68921553922304,0.0032262778683679414
15.69421528923554,0.003944502910876944
15.699215039248038,0.0016100184443359053
15.704214789260538,0.003167051957059928
15.709214539273038,0.003152640595023601
15.714214289285538,0.00407568934384269
15.719214039298036,0.004801165198391136
15.724213789310536,0.002325187389196136
15.729213539323036,0.004902432816296187
15.734213289335536,0.0006048147297410895
15.739213039348034,0.0019563940351818997
15.744212789360533,0.002655730597668193
15.749212539373033,0.0018542334749012364
15.754212289385531,0.001375990436051881
15.759212039398031,0.00374001350971837
15.764211789410531,0.003095625308154198
15.769211539423031,0.0026382226278727034
15.774211289435529,0.005360863536223347
15.779211039448029,0.002502903024792871
15.784210789460529,0.0036908678558598535
15.789210539473029,0.001407961364081209
15.794210289485527,0.0007484614641338432
15.799210039498027,0.002718721381335814
15.804209789510526,0.004995979334440016
15.809209539523025,0.0030188590085876523
15.814209289535524,0.0004877136320867123
15.819209039548024,0.0018944521877236648
15.824208789560524,0.00471609622148564
15.829208539573022,0.004067312461527106
15.834208289585522,0.003963424009224349
15.839208039598022,0.003489025900586488
15.844207789610522,0.0032193994283208046
15.84920753962302,0.0028319619552538635
15.85420728963552,0.0018267052120805546
15.85920703964802,0.003022893191957224
15.864206789660518,0.0019860032801581433
15.869206539673018,0.004155279864870339
15.874206289685517,0.0030951282915535204
15.879206039698017,0.009189470298876179
15.884205789710515,0.005566379957225697
15.889205539723015,0.0025928199134836257
15.894205289735515,0.0019393920491543035
15.899205039748015,0.006896190127075169
15.904204789760513,0.002150974731119547
15.909204539773013,0.004647470108700067
15.914204289785513,0.003491621451982043
15.91920403979801,0.006094411927726486
15.92420378981051,0.004992426332747639
15.92920353982301,0.005983690749419005
15.93420328983551,0.0014652021144149082
15.939203039848008,0.005655753975186536
15.944202789860508,0.002857895732504346
15.949202539873008,0.0014042281372439217
15.954202289885508,0.003078402900236969
15.959202039898006,0.001533811509855795
15.964201789910506,0.005830021521719944
15.969201539923006,0.003355144772837522
15.974201289935504,0.004537593110802929
15.979201039948004,0.0032641987594937364
15.984200789960504,0.004956064828875383
15.989200539973004,0.003529665220057142
15.994200289985502,0.00640614047878795
15.999200039998001,0.0026871611420246845
16.0041997900105,0.0017130800213222572
16.009199540023,0.010058598929283798
16.0141992900355,0.004033385308255573
16.019199040048,0.0006198305804819926
16.0241987900605,0.001318340718521077
16.029198540072997,0.0025973552925510667
16.0341982900855,0.0024925129521180507
16.039198040097997,0.005948189493170491
16.044197790110495,0.0074926406408767085
16.049197540122996,0.006492841316985789
16.054197290135495,0.002790903637516238
16.059197040147993,0.0019012025356368442
16.064196790160494,0.0022141964954540136
16.069196540172992,0.0013716403046915497
16.074196290185494,0.005033136505431387
16.079196040197992,0.003438852811732151
16.08419579021049,0.0020925216465256993
16.089195540222992,0.002056754115896417
16.09419529023549,0.004945586713746041
16.099195040247988,0.0016222416486923424
16.10419479026049,0.003774411079517497
16.109194540272988,0.0020702420841350747
16.114194290285486,0.002293803539931297
16.119194040297987,0.004387174027240092
16.124193790310485,0.0032207927998782345
16.129193540322987,0.001982899067810616
16.134193290335485,0.004574217853659579
16.139193040347983,0.004791217315878898
16.144192790360485,0.0014924436243237223
16.149192540372983,0.0009663813146386491
16.15419229038548,0.004643610971232027
16.159192040397983,0.0016466590951074499
16.16419179041048,0.0025607698622748514
16.16919154042298,0.0019397232016252668
16.17419129043548,0.006466562219786372
16.17919104044798,0.0018623409687490498
16.18419079046048,0.0008848145762298799
16.18919054047298,0.0049093006566689815
16.194190290485476,0.0037888409572181124
16.199190040497978,0.0029494874271154404
16.204189790510476,0.002389413721876479
16.209189540522974,0.0033319893502851594
16.214189290535476,0.002592356271455379
16.219189040547974,0.0028218047556782624
16.224188790560472,0.0007895747694246792
16.229188540572974,0.0030971766576002144
16.23418829058547,0.0027815042339121294
16.239188040597973,0.001992000313089673
16.24418779061047,0.0058237564486176285
16.24918754062297,0.0020061648893199106
16.25418729063547,0.0018994010269601184
16.25918704064797,0.0030566413350363356
16.264186790660467,0.00530487359126194
16.26918654067297,0.0019864485706197815
16.274186290685467,0.0035241192109160924
16.279186040697965,0.003207826791715215
16.284185790710467,0.0035767090989035463
16.289185540722965,0.002556711046013071
16.294185290735467,0.004217948138123102
16.299185040747965,0.0008985328697940075
16.304184790760463,0.004053240165116089
16.309184540772964,0.004189259215313196
16.314184290785462,0.002981110515294314
16.31918404079796,0.0027778499266266476
16.324183790810462,0.0024478923300959997
16.32918354082296,0.003927473187422236
16.33418329083546,0.0007890750432800097
16.33918304084796,0.0016621401909963252
16.344182790860458,0.0018772841826281048
16.34918254087296,0.0013612696824342435
16.354182290885458,0.0027895245766346058
16.359182040897956,0.0009812206872208654
16.364181790910457,0.0005147289416723735
16.369181540922956,0.0025950967913012167
16.374181290935454,0.002783659680825294
16.379181040947955,0.0012660252214664795
16.384180790960453,0.0008318015096978847
16.38918054097295,0.0011699441606415901
16.394180290985453,0.0056080933242426585
16.39918004099795,0.0039226107612865945
16.404179791010453,0.0031576613552514662
16.40917954102295,0.0020386525062464434
16.41417929103545,0.0039089045219418365
16.41917904104795,0.003001791456748314
16.42417879106045,0.0042636643741986065
16.429178541072947,0.0018318828971741743
16.43417829108545,0.0016545487759396667
16.439178041097946,0.0006298797197506904
16.444177791110445,0.0009614604357745917
16.449177541122946,0.0037165811360420587
16.454177291135444,0.005696627247955675
16.459177041147946,0.002124332285675942
16.464176791160444,0.0025151591014811675
16.469176541172942,0.00811848158762196
16.474176291185444,0.00460119614165807
16.47917604119794,0.0016769199407151597
16.48417579121044,0.004166981391020675
16.48917554122294,0.00645055878758133
16.49417529123544,0.005369229725904054
16.499175041247938,0.002934508769579667
16.50417479126044,0.0008814410513616741
16.509174541272937,0.003329060775797862
16.51417429128544,0.0061642245402554925
16.519174041297937,0.004115142517984644
16.524173791310435,0.0017336776133592747
16.529173541322937,0.0028368804448125765
16.534173291335435,0.0009405094445856353
16.539173041347933,0.0015076849827889828
16.544172791360435,0.0031355995513828584
16.549172541372933,0.001727067174100999
16.55417229138543,0.003033141285773969
16.559172041397932,0.0011288865618269094
16.56417179141043,0.0020753496211438423
16.569171541422932,0.002388218812634564
16.57417129143543,0.004586906376136045
16.57917104144793,0.000905480961056766
16.58417079146043,0.00590366075015222
16.589170541472928,0.004302518617519686
16.594170291485426,0.0027517412753378205
16.599170041497928,0.003861980850600356
16.604169791510426,0.0030643545371378408
16.609169541522924,0.0007499159801458936
16.614169291535426,0.004148115609361717
16.619169041547924,0.0030487985201181965
16.624168791560425,0.0010742233172581531
16.629168541572923,0.0025381319751630327
16.63416829158542,0.0014200396763910266
16.639168041597923,0.0019764370245439885
16.64416779161042,0.0020474702237115675
16.64916754162292,0.0030188285604945296
16.65416729163542,0.0025036801503888987
16.65916704164792,0.004642187683487564
16.664166791660417,0.002479001157365455
16.66916654167292,0.003368370510431101
16.674166291685417,0.00575737897873378
16.67916604169792,0.0015346766151394815
16.684165791710416,0.0043624141992201345
16.689165541722915,0.001968345696385971
16.694165291735416,0.002834856629915794
16.699165041747914,0.0034710112178529045
16.704164791760412,0.0030454103229151466
16.709164541772914,0.0014679906905374657
16.714164291785412,0.0051065002297644305
16.71916404179791,0.0021764344660451115
16.724163791810412,0.003249306879414819
16.72916354182291,0.001610856746419177
16.73416329183541,0.0024159307989662262
16.73916304184791,0.0006118334865147664
16.744162791860408,0.0034372895219726336
16.74916254187291,0.004093845960345482
16.754162291885407,0.0012959788580039283
16.759162041897905,0.005019837325254744
16.764161791910407,0.00101253505232576
16.769161541922905,0.002527501790077165
16.774161291935403,0.001952571812045275
16.779161041947905,0.00018839330052300028
16.784160791960403,0.004699184965621405
16.789160541972905,0.002441357265166724
16.794160291985403,0.0022396677004547253
16.7991600419979,0.0026223911569700485
16.804159792010402,0.0019234937281888082
16.8091595420229,0.00646017175052006
16.8141592920354,0.002635463526094392
16.8191590420479,0.004142185645278035
16.8241587920604,0.002772626254370465
16.829158542072896,0.0025483632629059987
16.834158292085398,0.0036495705442705093
16.839158042097896,0.0022396831535948527
16.844157792110398,0.0022194882785486402
16.849157542122896,0.001515265144708782
16.854157292135394,0.0028055079400349636
16.859157042147896,0.0028589076257192077
16.864156792160394,0.0031293854414658024
16.86915654217289,0.00294158010253816
16.874156292185393,0.001662285311251578
16.87915604219789,0.0028523957374715064
16.88415579221039,0.003787741515073613
16.88915554222289,0.0023476603325391673
16.89415529223539,0.0024666536700587334
16.89915504224789,0.0028459450871376342
16.90415479226039,0.00381151413092798
16.909154542272887,0.0038333916008243063
16.91415429228539,0.0023518546514108888
16.919154042297887,0.00028656085444164536
16.924153792310385,0.001078921261155423
16.929153542322886,0.0026466457576509944
16.934153292335385,0.0041501744926111615
16.939153042347883,0.004222274223885706
16.944152792360384,0.0017711817057953483
16.949152542372882,0.000621178593606507
16.954152292385384,0.002645322566962713
16.959152042397882,0.004880045171724493
16.96415179241038,0.006704409815307876
16.969151542422882,0.003957993954393535
16.97415129243538,0.0008197841425559399
16.979151042447878,0.0021205244692947527
16.98415079246038,0.005857077449729605
16.989150542472878,0.0013849440817508551
16.994150292485376,0.004620119744671745
16.999150042497877,0.0038929299497418826
17.004149792510376,0.0036711541560478815
17.009149542522877,0.0009605701805527646
17.014149292535375,0.005272417851413187
17.019149042547873,0.00016544231425296788
17.024148792560375,0.002427955873542104
17.029148542572873,0.004992894136437749
17.03414829258537,0.001307530387337578
17.039148042597873,0.0066714173872721196
17.04414779261037,0.004467914220152716
17.04914754262287,0.005509622214079548
17.05414729263537,0.0028734256074874434
17.05914704264787,0.00170778709868136
17.06414679266037,0.0012881937494674711
17.06914654267287,0.0036553784272769676
17.074146292685366,0.005340875215253113
17.079146042697868,0.005796731230305948
17.084145792710366,0.002460569307124896
17.089145542722864,0.004731050509563668
17.094145292735366,0.004629216292839631
17.099145042747864,0.0034660302780752964
17.104144792760362,0.003306015021020881
17.109144542772864,0.001463857612992921
17.11414429278536,0.001897296848292999
17.119144042797863,0.0026867055522903634
17.12414379281036,0.001853391366956151
17.12914354282286,0.0022312890070484066
17.13414329283536,0.005374208961791016
17.13914304284786,0.003773192230154053
17.144142792860357,0.003320282778279059
17.14914254287286,0.0020951756770889634
17.154142292885357,0.00377821329274344
17.159142042897855,0.004780666364993213
17.164141792910357,0.0010756732914673278
17.169141542922855,0.005483763304870406
17.174141292935357,0.0033347008935854633
17.179141042947855,0.0062317227033676734
17.184140792960353,0.004891455359743542
17.189140542972854,0.004052602620079828
17.194140292985352,0.001495419676114795
17.19914004299785,0.0033513330398266565
17.204139793010352,0.0036164137393180436
17.20913954302285,0.0016305199494271957
17.21413929303535,0.00448125532763983
17.21913904304785,0.002482241311241622
17.224138793060348,0.00138709495958404
17.22913854307285,0.0029489123623360155
17.234138293085348,0.002913692187001792
17.239138043097846,0.006546076413668746
17.244137793110347,0.0009307774585740661
17.249137543122846,0.0031784612935885537
17.254137293135344,0.002870147931411075
17.259137043147845,0.0014899290008306538
17.264136793160343,0.0028385797516844624
17.26913654317284,0.000866560410670237
17.274136293185343,0.0031719693964442235
17.27913604319784,0.0020693636131558636
17.284135793210343,0.0034285641647222496
17.28913554322284,0.004802985626650699
17.29413529323534,0.0017722406031893349
17.29913504324784,0.0013421544928654138
17.30413479326034,0.0035527163473935896
17.309134543272837,0.0029395856070561248
17.31413429328534,0.001641329240935749
17.319134043297836,0.0010975998832809376
17.324133793310335,0.0021316708389118874
17.329133543322836,0.0029811345639367904
17.334133293335334,0.002658048176189528
17.339133043347836,0.003428288530469437
17.344132793360334,0.0005090459122401268
17.349132543372832,0.0011914603193075779
17.354132293385334,0.005395205957380616
17.359132043397832,0.0006206667563924019
17.36413179341033,0.0013538252495046133
17.36913154342283,0.0006129491487787565
17.37413129343533,0.002026250486442941
17.379131043447828,0.0037526734099448413
17.38413079346033,0.0017741733866545833
17.389130543472827,0.0012006298736090633
17.39413029348533,0.001548157434835268
17.399130043497827,0.001937391390861527
17.404129793510325,0.0032932459381459617
17.409129543522827,0.0020317117231870596
17.414129293535325,0.0024240555529960765
17.419129043547823,0.004096104118247444
17.424128793560325,0.003849985874519942
17.429128543572823,0.006152818687155632
17.43412829358532,0.0011607684642689971
17.439128043597822,0.0020053797140941144
17.44412779361032,0.003631745269917411
17.449127543622822,0.0018523974740441444
17.45412729363532,0.0013579009107559414
17.45912704364782,0.004965539804149585
17.46412679366032,0.0015777819016270325
17.469126543672818,0.001585487780995458
17.474126293685316,0.0031655061433111323
17.479126043697818,0.0009921469406964072
17.484125793710316,0.0026502714459890725
17.489125543722814,0.002232334305654249
17.494125293735316,0.0019953024394268283
17.499125043747814,0.004944388608004266
17.504124793760315,0.0005961723779477784
17.509124543772813,0.003573833474371835
17.51412429378531,0.003540177786903469
17.519124043797813,0.005430101462694687
17.52412379381031,0.0012168599220092424
17.52912354382281,0.0023103420036771714
17.53412329383531,0.0008724778431265245
17.53912304384781,0.00480260435038537
17.544122793860307,0.00644278900260796
17.54912254387281,0.0019070399056836088
17.554122293885307,0.0009178109524059829
17.55912204389781,0.0034934037228811633
17.564121793910306,0.0016806560112956866
17.569121543922805,0.006185551854808196
17.574121293935306,0.00015506625003425787
17.579121043947804,0.004003155175517924
17.584120793960302,0.0015455297353411852
17.589120543972804,0.0012560360178719284
17.594120293985302,0.001661180772378997
17.5991200439978,0.002003810031153921
17.604119794010302,0.0013885261960970379
17.6091195440228,0.0028855415729022627
17.6141192940353,0.0018998207583819187
17.6191190440478,0.0016475346572632822
17.624118794060298,0.0031035612615891214
17.6291185440728,0.00388670318910554
17.634118294085297,0.0013437850226521472
17.639118044097795,0.0017843097527584948
17.644117794110297,0.0010464917421599358
17.649117544122795,0.0032800790643095026
17.654117294135293,0.0015274240656545151
17.659117044147795,0.004724850294116273
17.664116794160293,0.0019736186012417702
17.669116544172795,0.0032172968674363776
17.674116294185293,0.0009607715272298207
17.67911604419779,0.001438177369975649
17.684115794210292,0.0024362721880626798
17.68911554422279,0.002280462696988693
17.69411529423529,0.0036432274483183705
17.69911504424779,0.0036742182160298996
17.70411479426029,0.0021687970440202506
17.709114544272786,0.002476534489057121
17.714114294285288,0.0034758119563529453
17.719114044297786,0.0023386944559201837
17.724113794310288,0.002919807762296969
17.729113544322786,0.00129510748611533
17.734113294335284,0.001970743092036758
17.739113044347786,0.0018343486381622515
17.744112794360284,0.005403362328853574
17.74911254437278,0.004586094463907747
17.754112294385283,0.0016347384903959252
17.75911204439778,0.002807586894771872
17.76411179441028,0.0022967587632665046
17.76911154442278,0.0034256544366485986
17.77411129443528,0.0010438606129580148
17.77911104444778,0.0027027788136206278
17.78411079446028,0.004701002827532749
17.789110544472777,0.0028756875015429734
17.79411029448528,0.00228388024028453
17.799110044497777,0.0030764281863897617
17.804109794510275,0.0034568732641513493
17.809109544522777,0.0027535055256170003
17.814109294535275,0.0019686404135365616
17.819109044547773,0.004912068809701046
17.824108794560274,0.0037066524527486345
17.829108544572772,0.0032405722710725283
17.834108294585274,0.00041914506969239953
17.839108044597772,0.0016078596743006916
17.84410779461027,0.0019621766703398396
17.849107544622772,0.0017108046152760931
17.85410729463527,0.0024802982474975083
17.859107044647768,0.002445781862388175
17.86410679466027,0.0022875746023980096
17.869106544672768,0.0032145311834127954
17.874106294685266,0.001733836793480443
17.879106044697767,0.0012197729620409773
17.884105794710266,0.0036215837932574773
17.889105544722767,0.0008849611028637309
17.894105294735265,0.002630897102024655
17.899105044747763,0.001213957421331243
17.904104794760265,0.001176835508577987
17.909104544772763,0.0031089182737700396
17.91410429478526,0.0019937750235696867
17.919104044797763,0.0016855848427495394
17.92410379481026,0.003534786084641639
17.92910354482276,0.001652467238830822
17.93410329483526,0.002145121687476435
17.93910304484776,0.00267065114670526
17.94410279486026,0.0011533087857926042
17.94910254487276,0.002833254153016556
17.954102294885256,0.004647135477080053
17.959102044897758,0.002184989586957115
17.964101794910256,0.0016266437989315113
17.969101544922754,0.0031238546644616998
17.974101294935256,0.005968631901273435
17.979101044947754,0.000229377942081106
17.984100794960252,0.0025437407692464917
17.989100544972754,0.006233626867740852
17.99410029498525,0.0024395529697302486
17.999100044997753,0.002249492261696114
18.00409979501025,0.0016072671855184698
18.00909954502275,0.00435223599116012
18.01409929503525,0.0019192873833860258
18.01909904504775,0.0019084821962455417
18.024098795060247,0.0032166308195755236
18.02909854507275,0.0019535610174007405
18.034098295085247,0.0012034308226025869
18.039098045097745,0.0023053906145417157
18.044097795110247,0.0004626597052511495
18.049097545122745,0.0010719711332375596
18.054097295135247,0.002725853459715969
18.059097045147745,0.0033552123530721082
18.064096795160243,0.00040754487815701393
18.069096545172744,0.005154519686287484
18.074096295185242,0.001710239596579098
18.07909604519774,0.003050509216222068
18.084095795210242,0.0004931591206265769
18.08909554522274,1.828078828842634e-05
18.09409529523524,0.00343558614041121
18.09909504524774,0.005249102176804327
18.104094795260238,0.0025676837304819
18.10909454527274,0.00025968280891902525
18.114094295285238,0.0017263099427892751
18.119094045297736,0.0029181996327681927
18.124093795310237,0.0036665326431054497
18.129093545322736,0.0018615839220779806
18.134093295335234,0.0005603066417726447
18.139093045347735,0.003258864692632709
18.144092795360233,0.0041528686278987145
18.14909254537273,0.002781675719878209
18.154092295385233,0.0009974325182926444
18.15909204539773,0.0009023101572399277
18.164091795410233,0.0005401238399716556
18.16909154542273,0.002648781324394765
18.17409129543523,0.0029960747244846667
18.17909104544773,0.0036267134494445993
18.18409079546023,0.004815645806900021
18.189090545472727,0.003443467004632803
18.19409029548523,0.0014356183109079956
18.199090045497726,0.004505045465966802
18.204089795510225,0.005416767557306882
18.209089545522726,0.0017218859665221477
18.214089295535224,0.0032725968083573385
18.219089045547726,0.002179196027096718
18.224088795560224,0.0004953469964460389
18.229088545572722,0.0003973576298052177
18.234088295585224,0.0028688679105729627
18.239088045597722,0.003938662490203706
18.24408779561022,0.0013749493015447066
18.24908754562272,0.0014179709946786463
18.25408729563522,0.0016331312012576944
18.259087045647718,0.00315483617695329
18.26408679566022,0.002937029281985076
18.269086545672717,0.004688579088233522
18.27408629568522,0.0005750476355877016
18.279086045697717,0.001436468756495908
18.284085795710215,0.0014555784394786667
18.289085545722717,0.002563577624735223
18.294085295735215,0.0050444099653945695
18.299085045747713,0.0026489116983080137
18.304084795760215,0.0016184320903875919
18.309084545772713,0.0007555478692667578
18.31408429578521,0.0014371937124144525
18.319084045797712,0.00226148557728989
18.32408379581021,0.004329099541479435
18.329083545822712,0.0031584412935429986
18.33408329583521,0.0016708269455484857
18.33908304584771,0.0032424173839629613
18.34408279586021,0.0028092231195731778
18.349082545872708,0.003991626691955193
18.354082295885206,0.004042236502786285
18.359082045897708,0.003286455879831192
18.364081795910206,0.003432194542807914
18.369081545922704,0.0022976537055971733
18.374081295935206,0.0019432682995832004
18.379081045947704,0.002128473036618059
18.384080795960205,0.0023040067210373613
18.389080545972703,0.001576722753381609
18.3940802959852,0.0019986739088129813
18.399080045997703,0.0009491331755829022
18.4040797960102,0.00354505729649104
18.4090795460227,0.0023996949434645686
18.4140792960352,0.0016166970585446939
18.4190790460477,0.002055657801170466
18.424078796060197,0.0024374995490233533
18.4290785460727,0.0013298505098381058
18.434078296085197,0.0007444981413117822
18.4390780460977,0.002519876821850226
18.444077796110196,0.0017369739018758981
18.449077546122695,0.0027585431085129014
18.454077296135196,0.004157365678459122
18.459077046147694,0.0014716867149206
18.464076796160192,0.005165513914694883
18.469076546172694,0.0033550621561440103
18.474076296185192,0.0008376186791333697
18.47907604619769,0.003896831101938595
18.484075796210192,0.0023518069143116135
18.48907554622269,0.0019417171462854136
18.49407529623519,0.002300279119424143
18.49907504624769,0.0013812373665544198
18.504074796260188,0.0021581615087179896
18.50907454627269,0.0016079401694490383
18.514074296285187,0.0004636532044111534
18.519074046297685,0.00027887161149811043
18.524073796310187,0.0031626720895241186
18.529073546322685,0.0008728497919105932
18.534073296335183,0.0020063674518522026
18.539073046347685,0.0028960567522872214
18.544072796360183,0.003317607876273576
18.549072546372685,0.0010737759963685624
18.554072296385183,0.0036316583677684583
18.55907204639768,0.0028333587734932913
18.564071796410182,0.0006289302102039742
18.56907154642268,0.001689006415571368
18.57407129643518,0.0022166314701482746
18.57907104644768,0.002700675328587643
18.58407079646018,0.003346417072868552
18.589070546472676,0.0004628082888621111
18.594070296485178,0.002604463820158019
18.599070046497676,0.0015023898031533668
18.604069796510178,0.00272150855542605
18.609069546522676,0.001639577223321286
18.614069296535174,0.000597121542053054
18.619069046547676,0.0028850791744302793
18.624068796560174,0.0056456658373172635
18.62906854657267,0.0036059613617456716
18.634068296585173,0.003636305789732512
18.63906804659767,0.0001386005289666482
18.64406779661017,0.0027537345528181574
18.64906754662267,0.0032601112793284983
18.65406729663517,0.001057629010651462
18.65906704664767,0.003961130818261377
18.66406679666017,0.0024191578165688775
18.669066546672667,0.0009707650365277491
18.67406629668517,0.0009293722874696074
18.679066046697667,0.0026722426958851685
18.684065796710165,0.0022893878533415115
18.689065546722667,0.0015280873468892125
18.694065296735165,0.0017933932786354206
18.699065046747663,0.00041927214729320535
18.704064796760164,0.0014795405381953237
18.709064546772662,0.0030915972276223083
18.714064296785164,0.0016703542224350868
18.719064046797662,0.0013278457851892487
18.72406379681016,0.0019310140268097734
18.729063546822662,0.0023930323927480626
18.73406329683516,0.003485472171199557
18.739063046847658,0.0049580621467137905
18.74406279686016,0.001391191182271154
18.749062546872658,0.0004289584828637884
18.754062296885156,0.0003912832943364101
18.759062046897657,0.0013512421666927316
18.764061796910156,0.0034694855984156478
18.769061546922657,0.0012956260547070803
18.774061296935155,0.0039906144739719155
18.779061046947653,0.0019479397215599764
18.784060796960155,0.004069251060921458
18.789060546972653,0.0018401776259258772
18.79406029698515,0.0014872967333647432
18.799060046997653,0.004404258049752163
18.80405979701015,0.001560397407975636
18.809059547022652,0.0018022862006996463
18.81405929703515,0.003106260838370824
18.81905904704765,0.0013034355383243841
18.82405879706015,0.002714318967443293
18.82905854707265,0.0020392064734168318
18.834058297085146,0.002265844136678468
18.839058047097648,0.0014862483982098842
18.844057797110146,0.0020784131744458196
18.849057547122644,0.002262670713088534
18.854057297135146,0.0010086164828118506
18.859057047147644,0.0008227161883570017
18.864056797160146,0.0022049609238278833
18.869056547172644,0.002558286776681192
18.87405629718514,0.0019049663414595526
18.879056047197643,0.0027382810571801703
18.88405579721014,0.0012693421012871112
18.88905554722264,0.0010916420481341359
18.89405529723514,0.0020562917608045713
18.89905504724764,0.002770959170047214
18.904054797260137,0.002206381577023268
18.90905454727264,0.0041566281604772356
18.914054297285137,0.004934544627863872
18.91905404729764,0.0014400335905864771
18.924053797310137,0.0005770338091843915
18.929053547322635,0.001061763694606876
18.934053297335137,0.002382619683496628
18.939053047347635,0.002201922788206113
18.944052797360133,0.0027971992333327804
18.949052547372634,0.002586002685608579
18.954052297385132,0.0034166149894559123
18.95905204739763,0.001978094015727908
18.964051797410132,0.0036325928730743364
18.96905154742263,0.003878245171046909
18.974051297435132,0.0016117624257931877
18.97905104744763,0.001683215420527247
18.984050797460128,0.002540603626915076
18.98905054747263,0.00019473581308109204
18.994050297485128,0.002389851982899822
18.999050047497626,0.0015223193419162892
19.004049797510127,0.0023788761655226336
19.009049547522626,0.003350377649440035
19.014049297535124,0.0013933616000081311
19.019049047547625,0.002641850911608487
19.024048797560123,0.0014781877381482554
19.029048547572625,0.0008795259614304129
19.034048297585123,0.0006118384482414445
19.03904804759762,0.0016612042130499693
19.044047797610123,0.003068092557759515
19.04904754762262,0.003427258163502327
19.05404729763512,0.0016428758883782351
19.05904704764762,0.0022150444408681243
19.06404679766012,0.001436115305467438
19.069046547672617,0.0014827308528752206
19.07404629768512,0.0004323284068076238
19.079046047697616,0.0007032818777693053
19.084045797710118,0.00023546304126794232
19.089045547722616,0.001900910575031543
19.094045297735114,0.002287815735224702
19.099045047747616,0.0023847647605830338
19.104044797760114,0.000557825681458026
19.109044547772612,0.00753973371714928
19.114044297785114,0.003996870608442313
19.119044047797612,0.0023903743574758755
19.12404379781011,0.0022073764197725644
19.12904354782261,0.004462882689705022
19.13404329783511,0.0021601009518224675
19.13904304784761,0.0001863366097029766
19.14404279786011,0.002006310168835114
19.149042547872607,0.0007531077977105438
19.15404229788511,0.0027148322790394443
19.159042047897607,0.0009097545125545429
19.164041797910105,0.002354481570245572
19.169041547922607,0.0009850078303596215
19.174041297935105,0.0009215424145000994
19.179041047947603,0.000809978552003536
19.184040797960105,0.0018743601541333795
19.189040547972603,0.0021770105531762817
19.194040297985104,0.0005570484930222839
19.199040047997602,0.002827073727248243
19.2040397980101,0.0031311716682964658
19.209039548022602,0.002998007310586796
19.2140392980351,0.0029509893401911884
19.2190390480476,0.0010835945494783047
19.2240387980601,0.002019213507893671
19.229038548072598,0.00401668438046905
19.234038298085096,0.0032450789188004105
19.239038048097598,0.003265453949383388
19.244037798110096,0.0010438197283667633
19.249037548122597,0.0026937505188390737
19.254037298135096,0.004306435178071053
19.259037048147594,0.0014525977288661345
19.264036798160095,0.0019492255467572165
19.269036548172593,0.0022128023490997372
19.27403629818509,0.0016855490927568254
19.279036048197593,0.002757491748897581
19.28403579821009,0.004676890397175516
19.28903554822259,0.00013359634339356994
19.29403529823509,0.0008489694125133155
19.29903504824759,0.0009411753680616519
19.30403479826009,0.003519161028219385
19.30903454827259,0.0004383418294678631
19.314034298285087,0.0021032077184346847
19.31903404829759,0.00038330893943475135
19.324033798310086,0.0006774407602971737
19.329033548322585,0.002337083508225798
19.334033298335086,0.0017373189718919455
19.339033048347584,0.004470957277624015
19.344032798360082,0.0034470396655238186
19.349032548372584,0.0022598785544395176
19.354032298385082,0.0020077342376928187
19.359032048397584,0.0009596681610425404
19.364031798410082,0.0022194960875059574
19.36903154842258,0.0008842660009680432
19.37403129843508,0.0026832029471004297
19.37903104844758,0.001422875215482672
19.384030798460078,0.0008242479464703996
19.38903054847258,0.002157022114473633
19.394030298485077,0.0017549739014758323
19.399030048497576,0.002644029863857719
19.404029798510077,0.001315539750985265
19.409029548522575,0.0026202192967028763
19.414029298535077,0.0014080879901397986
19.419029048547575,0.003324593587400925
19.424028798560073,0.002152489150962838
19.429028548572575,0.002214394041379126
19.434028298585073,0.0014929977643330348
19.43902804859757,0.0017288793388572745
19.444027798610072,0.0007931082987251617
19.44902754862257,0.0033506099947445142
19.45402729863507,0.001958350914763257
19.45902704864757,0.0009277775866865311
19.46402679866007,0.0016017029321569011
19.46902654867257,0.002178140776040133
19.474026298685068,0.00122568259918288
19.479026048697566,0.0027211515546184516
19.484025798710068,0.0017426775735540224
19.489025548722566,0.001005717255973502
19.494025298735064,0.00047943552128608
19.499025048747566,0.0020481621188786652
19.504024798760064,0.0026276492758862944
19.50902454877256,0.0008561041072981052
19.514024298785063,0.0040241093705346434
19.51902404879756,0.0007932409953720894
19.524023798810063,0.0014953655398728105
19.52902354882256,0.0018337626378557089
19.53402329883506,0.001607964617796153
19.53902304884756,0.004385601665879382
19.54402279886006,0.0007390762312451694
19.549022548872557,0.001494938511238459
19.55402229888506,0.00045229576385889895
19.559022048897557,0.0018437251156245304
19.564021798910055,0.0027136653814997867
19.569021548922557,0.0016543060702374894
19.574021298935055,0.002854954322035927
19.579021048947556,0.001130912781452884
19.584020798960054,0.0013629546817102186
19.589020548972552,0.00134610884191089
19.594020298985054,0.0018301619888363282
19.599020048997552,0.0005822460310637221
19.60401979901005,0.0011071514571375457
19.609019549022552,0.001085331217577521
19.61401929903505,0.004868001733526663
19.619019049047548,0.001541806149261208
19.62401879906005,0.0008919558181800384
19.629018549072548,0.0022353266318371084
19.63401829908505,0.0031611272981599586
19.639018049097547,0.0023985584818710212
19.644017799110046,0.0015953671792597005
19.649017549122547,0.0014215566102318362
19.654017299135045,0.0017113361745062716
19.659017049147543,0.0017004330311212676
19.664016799160045,0.0030432628726113024
19.669016549172543,0.0018854671403041995
19.67401629918504,0.0011812002675183238
19.679016049197543,0.002206855575069266
19.68401579921004,0.0009243703546479398
19.689015549222542,0.0007918289472654811
19.69401529923504,0.0014569038890464635
19.69901504924754,0.00302779386450068
19.70401479926004,0.003524511267115824
19.70901454927254,0.003105695428379069
19.714014299285036,0.0028761700795212845
19.719014049297538,0.001399042988803496
19.724013799310036,0.0018494110317958008
19.729013549322534,0.0030043008409237674
19.734013299335036,0.002454766004262236
19.739013049347534,0.0009395560348670032
19.744012799360036,0.0009746555671833315
19.749012549372534,0.00263285647619173
19.754012299385032,0.0019555027310813986
19.759012049397533,0.0006771273637824648
19.76401179941003,0.0026301588245113347
19.76901154942253,0.0020928101100456307
19.77401129943503,0.0018987119342419676
19.77901104944753,0.0017221498267824089
19.784010799460027,0.001966887189662995
19.78901054947253,0.0031871505017646196
19.794010299485027,0.003036630494441773
19.79901004949753,0.0028226386444727635
19.804009799510027,0.0005401149579102039
19.809009549522525,0.001769586434092749
19.814009299535027,0.003009753864043156
19.819009049547525,0.0008507290913309885
19.824008799560023,0.0026954091402111796
19.829008549572524,0.0016819486436725768
19.834008299585022,0.002328513595981644
19.83900804959752,0.0023776220253401187
19.844007799610022,0.0022727183879685483
19.84900754962252,0.0023447168479419672
19.854007299635022,0.0042313043923544414
19.85900704964752,0.0019118159035500118
19.864006799660018,0.0013102892022562834
19.86900654967252,0.001768659885453738
19.874006299685018,0.001084302504280245
19.879006049697516,0.002250696700022024
19.884005799710017,0.0002872394992187119
19.889005549722516,0.0013828181409045054
19.894005299735014,0.0031522779478946905
19.899005049747515,0.002537390124420618
19.904004799760013,0.0012394982961572004
19.909004549772515,0.0014695883056264226
19.914004299785013,0.002333425364924202
19.91900404979751,0.003482128621538889
19.924003799810013,0.0004368468084794045
19.92900354982251,0.0023687894197202686
19.93400329983501,0.00141328510395367
19.93900304984751,0.00043781495493973766
19.94400279986001,0.0027554721090431154
19.949002549872507,0.0008935384143499079
19.95400229988501,0.001794490580655826
19.959002049897506,0.0037898935423528565
19.964001799910008,0.001883035680368769
19.969001549922506,0.003881506296781229
19.974001299935004,0.0037551876414588675
19.979001049947506,0.003284046575154035
19.984000799960004,0.0019168086828536756
19.989000549972502,0.0030654913804783334
19.994000299985004,0.0014780810186620793
19.999000049997502,0.0021642925073738248
20.00399980001,0.001250793483463651
20.0089995500225,0.0004091751573360571
20.013999300035,0.003732440169630969
20.0189990500475,0.0013461503988570042
20.02399880006,0.0018902009377208932
20.028998550072497,0.0008942765552536644
20.033998300085,0.0014395704683388421
20.038998050097497,0.001910047597916203
20.043997800109995,0.0017959314551360616
20.048997550122497,0.0027002679261947113
20.053997300134995,0.002139732101137337
20.058997050147493,0.002200996633855733
20.063996800159995,0.0011616539099619113
20.068996550172493,0.004208375024844621
20.073996300184994,0.00178859463818823
20.078996050197492,0.004588050442854929
20.08399580020999,0.0027869809151511056
20.088995550222492,0.0016800095207354505
20.09399530023499,0.002161585464400322
20.09899505024749,0.0029199923510967395
20.10399480025999,0.001905352069787301
20.108994550272488,0.002252950809301652
20.113994300284986,0.002696308077926435
20.118994050297488,0.00025253206547045195
20.123993800309986,0.0019785805502831994
20.128993550322487,0.0032732998567765953
20.133993300334986,0.002024486184751462
20.138993050347484,0.0033236986910939433
20.143992800359985,0.0011584444685657047
20.148992550372483,0.0005324556241089973
20.15399230038498,0.001895050352063292
20.158992050397483,0.000790192019380671
20.16399180040998,0.0037509799200719208
20.16899155042248,0.0003676089014279452
20.17399130043498,0.0016177350813944653
20.17899105044748,0.002265451834657359
20.18399080045998,0.00047167990500096276
20.18899055047248,0.0037230802016844974
20.193990300484977,0.0024694732043088023
20.19899005049748,0.0008590827248551164
20.203989800509977,0.0017025323111625743
20.208989550522475,0.00036353073073393667
20.213989300534976,0.0004296475533506572
20.218989050547474,0.0033230829077599854
20.223988800559972,0.0018868309065187604
20.228988550572474,0.0017162049878061954
20.233988300584972,0.0019891716145868502
20.238988050597474,0.0013815180596171638
20.243987800609972,0.001873845204591091
20.24898755062247,0.0010582314786824652
20.25398730063497,0.0016294721814940267
20.25898705064747,0.003074945483308685
20.263986800659968,0.0007576381693741262
20.26898655067247,0.0025034106542494742
20.273986300684967,0.0009734198517992034
20.278986050697466,0.002546100123048974
20.283985800709967,7.380071280605174e-05
20.288985550722465,0.001532002561173058
20.293985300734967,0.001712109250125146
20.298985050747465,0.0015905231229807596
20.303984800759963,0.0032265203578805586
20.308984550772465,0.001749689620331963
20.313984300784963,0.001703616531389592
20.31898405079746,0.0015421891468436351
20.323983800809962,0.0036368246432049852
20.32898355082246,0.0008138849565466834
20.33398330083496,0.0026338375821821983
20.33898305084746,0.0035809605285970383
20.34398280085996,0.0007882782755296802
20.34898255087246,0.0025211594864217707
20.353982300884958,0.0014034941016825469
20.358982050897456,0.0010931495980228989
20.363981800909958,0.0019434718589034076
20.368981550922456,0.0005095229808448337
20.373981300934954,0.0014249049818235429
20.378981050947456,0.002604258495479242
20.383980800959954,0.001380554515791929
20.38898055097245,0.0012137303602220463
20.393980300984953,0.0022789416234195686
20.39898005099745,0.0024884181154181256
20.403979801009953,0.0019741871648067157
20.40897955102245,0.001858159642890241
20.41397930103495,0.0013264489753488295
20.41897905104745,0.0021637696975953013
20.42397880105995,0.002324025339643798
20.428978551072447,0.0033283147120073586
20.43397830108495,0.0014502048485614649
20.438978051097447,0.0016387586012827045
20.443977801109945,0.001550505568630648
20.448977551122447,0.0014016481984694322
20.453977301134945,0.0011250970693192225
20.458977051147446,0.0016565829656112227
20.463976801159944,0.0006076007253981852
20.468976551172442,0.0009147791268679103
20.473976301184944,0.003618734484374894
20.478976051197442,0.0013494367793161022
20.48397580120994,0.00045322708386646824
20.488975551222442,0.001446020174166079
20.49397530123494,0.002415198500443863
20.498975051247438,0.0009309967912849203
20.50397480125994,0.001717008156028508
20.508974551272438,0.0029819551007322117
20.51397430128494,0.0011191363901048251
20.518974051297437,0.0005329674164702978
20.523973801309936,0.0010725385299443625
20.528973551322437,0.0008242332055330143
20.533973301334935,0.0011564972293529878
20.538973051347433,0.0038326643264415807
20.543972801359935,0.00023630841929025994
20.548972551372433,0.0007747864032981122
20.55397230138493,0.0026358584767404523
20.558972051397433,0.002523180722161237
20.56397180140993,0.0021640076115784254
20.568971551422432,0.0009082283646200275
20.57397130143493,0.0016667712056365196
20.57897105144743,0.002555696956939918
20.58397080145993,0.0013055906106901544
20.58897055147243,0.00197874205628398
20.593970301484926,0.0005409181910366792
20.598970051497428,0.0013883640839982834
20.603969801509926,0.0007358382054836349
20.608969551522424,0.0012344897572606657
20.613969301534926,0.0015440914068388923
20.618969051547424,0.0013821856023257333
20.623968801559926,0.000931899618470732
20.628968551572424,0.0015815470887017085
20.633968301584922,0.0007599797068932725
20.638968051597423,0.001257395879876297
20.64396780160992,0.0009347748450463081
20.64896755162242,0.0025966908909632203
20.65396730163492,0.0022641013164457807
20.65896705164742,0.00093781406500851
20.663966801659917,0.0012875427024487897
20.66896655167242,0.0024090012470198347
20.673966301684917,0.0005171401554911236
20.67896605169742,0.0008040292426619029
20.683965801709917,0.002087787725123565
20.688965551722415,0.003214055097936527
20.693965301734917,0.001324470153490567
20.698965051747415,0.001388451837225149
20.703964801759913,0.0011568961523234472
20.708964551772414,0.0003200923077849361
20.713964301784912,0.001795536878024683
20.71896405179741,0.0015832479022088676
20.723963801809912,0.0023907669096713624
20.72896355182241,0.0024822115750115998
20.733963301834912,0.0009242128635848846
20.73896305184741,0.0008490750165802417
20.743962801859908,0.002127033623260014
20.74896255187241,0.0019539260304491353
20.753962301884908,0.0017118125599802259
20.758962051897406,0.0009477048696201545
20.763961801909907,0.0016700087039293282
20.768961551922406,0.001259673216862839
20.773961301934904,0.0023931736187001573
20.778961051947405,0.00215003920501064
20.783960801959903,0.0017889621635779603
20.788960551972405,0.002073590206259829
20.793960301984903,0.0017798917211540321
20.7989600519974,0.0016284363352756844
20.803959802009903,0.0017566939343181944
20.8089595520224,0.0018132809368060945
20.8139593020349,0.0009603997334386557
20.8189590520474,0.0032212077978970126
20.8239588020599,0.0010234734725311557
20.828958552072397,0.0017199177318380095
20.8339583020849,0.0002206858008258742
20.838958052097396,0.0008456176880173019
20.843957802109898,0.0008383081125997238
20.848957552122396,0.00032076619088208027
20.853957302134894,0.002911738109072491
20.858957052147396,0.0024639745762355717
20.863956802159894,0.0018959427102476934
20.868956552172392,0.0018877749214041026
20.873956302184894,0.0003340383202539946
20.878956052197392,0.0016367130768976169
20.88395580220989,0.000678136146819788
20.88895555222239,0.00039041057256947057
20.89395530223489,0.0013997971401241327
20.89895505224739,0.0020796775623417195
20.90395480225989,0.0007314404437414066
20.908954552272387,0.005426473633813184
20.91395430228489,0.00012312669814099875
20.918954052297387,0.0013583228932906683
20.923953802309885,0.0016177390604662331
20.928953552322387,0.0004120743725943031
20.933953302334885,0.00240908881833259
20.938953052347383,0.0018831365113114791
20.943952802359885,0.0024576486938283205
20.948952552372383,0.0027581200939552322
20.953952302384884,0.001349752309406633
20.958952052397382,0.0016876980674293868
20.96395180240988,0.0022824079129133974
20.968951552422382,0.0017982590639933716
20.97395130243488,0.0019366982144957566
20.97895105244738,0.0028713948208266235
20.98395080245988,0.0011423816742002144
20.988950552472378,0.0004858255589562186
20.993950302484876,0.002432231669964834
20.998950052497378,0.0014026903312435405
21.003949802509876,0.0009086747728515733
21.008949552522378,0.0023322458692564556
21.013949302534876,0.002427423003395901
21.018949052547374,0.0007770986706989737
21.023948802559875,0.0012816959128865222
21.028948552572373,0.0018737896491947215
21.03394830258487,0.0013483858370927297
21.038948052597373,0.00187668598724782
21.04394780260987,0.0022874125546608224
21.04894755262237,0.002426475575707918
21.05394730263487,0.0009794861096504989
21.05894705264737,0.0015709454123542768
21.06394680265987,0.001205979720450961
21.06894655267237,0.001723094823218108
21.073946302684867,0.0025013651416378635
21.07894605269737,0.0006955838379277132
21.083945802709867,0.0011719305247077144
21.088945552722365,0.0016896045020955758
21.093945302734866,0.001430723677431186
21.098945052747364,0.0010455288260779422
21.103944802759862,0.0014372351962719638
21.108944552772364,0.0022648508371605966
21.113944302784862,0.0020226335481969976
21.118944052797364,0.0015427263631722732
21.123943802809862,0.0019264166855400163
21.12894355282236,0.0014052638484704722
21.13394330283486,0.0012074367304432106
21.13894305284736,0.00011440294682352579
21.143942802859858,0.0014546829265178222
21.14894255287236,0.0002838734572144287
21.153942302884857,0.002409790922013571
21.158942052897356,0.0012663707636190846
21.163941802909857,0.0011871100861852312
21.168941552922355,0.0037719572224028885
21.173941302934857,0.0023446999373954703
21.178941052947355,0.0012684684441859491
21.183940802959853,0.00040024829347378316
21.188940552972355,0.002094015837089537
21.193940302984853,0.002644884930053375
21.19894005299735,0.002939108622165091
21.203939803009852,0.0011224137886626606
21.20893955302235,0.0023102755595916544
21.21393930303485,0.0008898547280743492
21.21893905304735,0.000477095640173468
21.22393880305985,0.0011647106676006
21.22893855307235,0.0015424425627213849
21.233938303084848,0.0013241943821263977
21.238938053097346,0.0025514332391579153
21.243937803109848,0.0011771350861168486
21.248937553122346,0.0005060872043209978
21.253937303134844,0.0014353747901360754
21.258937053147346,0.00211978477290213
21.263936803159844,0.0019577512133284783
21.26893655317234,0.001640197573578315
21.273936303184843,0.0012025889086393787
21.27893605319734,0.003408183516188798
21.283935803209843,0.001982447710088867
21.28893555322234,0.0017228991748403251
21.29393530323484,0.00170661798721849
21.29893505324734,0.0020000261091508245
21.30393480325984,0.0012355989119100495
21.308934553272337,0.0018446302974358163
21.31393430328484,0.001059647362409046
21.318934053297337,0.0026604613495022286
21.323933803309835,0.00044646953946081083
21.328933553322337,0.0008590588251494171
21.333933303334835,0.0026806751366624643
21.338933053347336,0.0023433407092186974
21.343932803359834,0.0012560285992464669
21.348932553372332,0.00123067721847647
21.353932303384834,0.00225612145198496
21.358932053397332,0.0019706464619741963
21.36393180340983,0.0009756412970704282
21.368931553422332,0.00019126324725135185
21.37393130343483,0.0012521216986826167
21.378931053447328,0.0006226608321359458
21.38393080345983,0.001169060185217117
21.388930553472328,0.0016351131150864728
21.39393030348483,0.0012097682258071245
21.398930053497327,0.0010640856622742704
21.403929803509826,0.001481137772632992
21.408929553522327,0.0018873940310112952
21.413929303534825,0.002266313606075363
21.418929053547323,0.0010888224316640733
21.423928803559825,0.001118159840222545
21.428928553572323,0.0012925901213815055
21.43392830358482,0.0011103417537025072
21.438928053597323,0.000643448825397672
21.44392780360982,0.004403500587607052
21.448927553622323,0.0009225904640649669
21.45392730363482,0.0030512988422750536
21.45892705364732,0.00048288487998690674
21.46392680365982,0.002304725900937433
21.46892655367232,0.002077167829033629
21.473926303684816,0.0013063003364135184
21.478926053697318,0.0007540524370691985
21.483925803709816,0.0015490236445898872
21.488925553722314,0.0010655941794689068
21.493925303734816,0.0010624575691926654
21.498925053747314,0.0011174658123503534
21.503924803759816,0.004151487799105632
21.508924553772314,0.00148969484331549
21.513924303784812,0.001579929268780054
21.518924053797313,0.0018140181292927303
21.52392380380981,0.001785430301900475
21.52892355382231,0.0028612725676315665
21.53392330383481,0.0011601063600148163
21.53892305384731,0.0008909372270762617
21.543922803859807,0.0020909647178621706
21.54892255387231,0.0025304793227066864
21.553922303884807,0.0013130475001849494
21.55892205389731,0.0012124745867691817
21.563921803909807,0.00044080157501863475
21.568921553922305,0.0008456256087960428
21.573921303934807,0.0021186164502918193
21.578921053947305,0.0014523471335559108
21.583920803959803,0.004132424488158113
21.588920553972304,0.005072851803893754
21.593920303984802,0.0009865679238643692
21.5989200539973,0.0025957426067607383
21.603919804009802,0.003933775700422756
21.6089195540223,0.001482875339668891
21.613919304034802,0.0016988950768150742
21.6189190540473,0.0009341785361474731
21.623918804059798,0.001237667341344294
21.6289185540723,0.0024057980626844785
21.633918304084798,0.0008799794221261582
21.638918054097296,0.0009170541009850559
21.643917804109797,0.0006399125185608832
21.648917554122296,0.0010631846419728143
21.653917304134794,0.0011774945153619869
21.658917054147295,0.002528580979621853
21.663916804159793,0.002517105497257571
21.668916554172295,0.0010723515465992034
21.673916304184793,0.0015931116929472661
21.67891605419729,0.002509086981046953
21.683915804209793,0.0015376275429606775
21.68891555422229,0.00040079596174841145
21.69391530423479,0.0008820599953070903
21.69891505424729,0.0018477889697824776
21.70391480425979,0.0011740195766563597
21.708914554272287,0.0024424940547274157
21.71391430428479,0.0013834496321957182
21.718914054297286,0.0010533338830536968
21.723913804309788,0.0011972924552426374
21.728913554322286,0.00035949328143040915
21.733913304334784,0.0018916896210729969
21.738913054347286,0.0007273398964072455
21.743912804359784,0.0006960283426894526
21.748912554372282,0.00035018257972998384
21.753912304384784,0.0006320483286875401
21.758912054397282,0.0017131865598301866
21.76391180440978,0.0014880990829551192
21.76891155442228,0.0018819137847623068
21.77391130443478,0.0006196930776207775
21.77891105444728,0.0010929814732138362
21.78391080445978,0.0005931186485113695
21.788910554472277,0.0033335484042945427
21.79391030448478,0.0012999654049017492
21.798910054497277,0.0011829704095775665
21.803909804509775,0.001227772942994443
21.808909554522277,0.0014704727324595253
21.813909304534775,0.0006826973843006296
21.818909054547273,0.0019984441491833495
21.823908804559775,0.0005292493684184463
21.828908554572273,0.0009822917819775649
21.833908304584774,0.0029840679727858735
21.838908054597272,0.001847068769303457
21.84390780460977,0.0008799727239029218
21.848907554622272,0.002292039819544888
21.85390730463477,0.0006945668566290267
21.85890705464727,0.0008127214926457945
21.86390680465977,0.0013548689209846485
21.868906554672268,0.000879530421025673
21.873906304684766,0.0006864396467964019
21.878906054697268,0.001419863467266015
21.883905804709766,0.0015519869407692813
21.888905554722268,0.0023114511853014113
21.893905304734766,0.00297599712065385
21.898905054747264,0.0007650217360970179
21.903904804759765,0.001783253452397206
21.908904554772263,0.0010644822146012797
21.91390430478476,0.0016782958723576625
21.918904054797263,0.0024703719218554417
21.92390380480976,0.0032248706951545475
21.92890355482226,0.001689270461810489
21.93390330483476,0.0010153019747024291
21.93890305484726,0.0027345913368872344
21.94390280485976,0.0015460851702264141
21.94890255487226,0.0019141978486306164
21.953902304884757,0.0028230303523039046
21.95890205489726,0.0033044549482149545
21.963901804909757,0.002367420566108677
21.968901554922255,0.001775281995578203
21.973901304934756,0.0015301176124251224
21.978901054947254,0.0006316549951127159
21.983900804959752,0.0006044205858892982
21.988900554972254,0.0027243907232436092
21.993900304984752,0.0009220282188858253
21.998900054997254,0.0019097390017184185
22.003899805009752,0.001918987766971724
22.00889955502225,0.003631754738808058
22.01389930503475,0.001652757850194964
22.01889905504725,0.0021694599559215206
22.023898805059748,0.0006155759710777958
22.02889855507225,0.0015315450172753663
22.033898305084747,0.0009683837431836272
22.038898055097246,0.002190670945483922
22.043897805109747,0.0009969284501492141
22.048897555122245,0.0002270052673603675
22.053897305134747,0.00262988040000629
22.058897055147245,0.0001192337818355876
22.063896805159743,0.0007535395638925951
22.068896555172245,0.0027511529819360847
22.073896305184743,0.0006644823618606354
22.07889605519724,0.0012470716322815544
22.083895805209742,0.0007376804389922277
22.08889555522224,0.00016945605321849297
22.09389530523474,0.0014409865324005783
22.09889505524724,0.0016403462374024662
22.10389480525974,0.0007321480421539843
22.10889455527224,0.0025346816156622846
22.113894305284738,0.002304317156881158
22.118894055297236,0.002605994743142957
22.123893805309738,0.0025714802509075037
22.128893555322236,0.0006183360506838079
22.133893305334734,0.0015053263238003997
22.138893055347236,0.001111090073665248
22.143892805359734,0.0025280861166153425
22.148892555372232,0.001037038196846947
22.153892305384733,0.0020941096373445498
22.15889205539723,0.00033733015997340296
22.163891805409733,0.001914972090772536
22.16889155542223,0.0013337124336381633
22.17389130543473,0.0011497177524175729
22.17889105544723,0.003710707526049239
22.18389080545973,0.000940790323539867
22.188890555472227,0.0004786380289798052
22.19389030548473,0.002485898955317267
22.198890055497227,0.00040675914013863727
22.20388980550973,0.0014020462445101618
22.208889555522227,0.0024642710501726578
22.213889305534725,0.0009400339291897737
22.218889055547226,0.0011075073480331014
22.223888805559724,0.003058291481322008
22.228888555572222,0.0013211706296955188
22.233888305584724,0.0002817517325236178
22.238888055597222,0.0005332786402588736
22.24388780560972,0.0008785217512173425
22.248887555622222,0.001771893186621958
22.25388730563472,0.0012973223078456555
22.25888705564722,0.0012958748375082373
22.26388680565972,0.00094282286564584
22.268886555672218,0.0010453124154307057
22.27388630568472,0.000984208253940446
22.278886055697217,0.0013441932904544834
22.283885805709716,0.0013770582487023619
22.288885555722217,0.002067867944623535
22.293885305734715,0.001241839170526274
22.298885055747213,0.00021203370633910118
22.303884805759715,0.001680980781696486
22.308884555772213,0.0017787101197363434
22.313884305784715,0.0025986186954729536
22.318884055797213,0.001574085596118394
22.32388380580971,0.0009536174156159242
22.328883555822213,0.0008700424288960493
22.33388330583471,0.0010847156827412455
22.33888305584721,0.001999528498928393
22.34388280585971,0.0008320281893456375
22.34888255587221,0.0008217051940995784
22.353882305884706,0.0013107907357758366
22.358882055897208,0.0014508692466322596
22.363881805909706,0.0011430722736988903
22.368881555922208,0.0012007016543883666
22.373881305934706,0.0016588973378756642
22.378881055947204,0.001113618534594748
22.383880805959706,0.0009288269560306304
22.388880555972204,0.001755587936331444
22.393880305984702,0.0002795322447470585
22.398880055997203,0.0019878588176943353
22.4038798060097,0.0016254977083281722
22.4088795560222,0.0007588266783372593
22.4138793060347,0.0014754170072924988
22.4188790560472,0.0020248896976774733
22.4238788060597,0.0008346548087280435
22.4288785560722,0.0019348514230684336
22.433878306084697,0.0015519516273782353
22.4388780560972,0.0021928498028662632
22.443877806109697,0.001705368039544938
22.448877556122195,0.0018116448690488958
22.453877306134697,0.002178302718060761
22.458877056147195,0.0025450558567296842
22.463876806159693,3.883397919062915e-05
22.468876556172194,0.001160168778347165
22.473876306184692,0.0007594275365183736
22.478876056197194,0.0021061794238518877
22.483875806209692,0.0010450168220065615
22.48887555622219,0.0007966620178645851
22.493875306234692,0.0009435177975314637
22.49887505624719,0.0014983890936470497
22.503874806259688,0.0015552291597602252
22.50887455627219,0.0008356578899017416
22.513874306284688,0.0007104342312940774
22.518874056297186,0.0016517321276822217
22.523873806309687,0.0026138372114870917
22.528873556322186,0.0005722829005698628
22.533873306334687,0.002466881967288391
22.538873056347185,0.0015814890111667025
22.543872806359683,0.0016127878059392334
22.548872556372185,0.001402953984419023
22.553872306384683,0.0007213322219054081
22.55887205639718,0.00021640154541874288
22.563871806409683,0.0015764028959286364
22.56887155642218,0.0017953991745887799
22.57387130643468,0.001512661478119667
22.57887105644718,0.0007638197683536356
22.58387080645968,0.0009392412615476873
22.58887055647218,0.0015427530932329515
22.59387030648468,0.0003052800717359915
22.598870056497177,0.001785136095221451
22.603869806509678,0.001573389489274324
22.608869556522176,0.00020189815218675376
22.613869306534674,0.0015724839575856527
22.618869056547176,0.0008330465683044588
22.623868806559674,0.0006485503132549491
22.628868556572172,0.0009050941872705127
22.633868306584674,0.0021265488968062424
22.638868056597172,0.003860999910725153
22.643867806609673,0.0010219046465238149
22.64886755662217,0.0020625609632974108
22.65386730663467,0.0019566760199384854
22.65886705664717,0.001806690933124989
22.66386680665967,0.0003739723307568996
22.668866556672167,0.0016909739167393577
22.67386630668467,0.0021239754778995053
22.678866056697167,5.8999503926229645e-05
22.683865806709665,0.001831064313253927
22.688865556722167,0.0008723756743432026
22.693865306734665,0.0022683349761424836
22.698865056747167,0.00033690160811281224
22.703864806759665,0.0012035220272514744
22.708864556772163,0.0006521239705990765
22.713864306784664,0.00180267482597259
22.718864056797162,0.0020806338195531507
22.72386380680966,0.0008476801051522011
22.728863556822162,0.0015828216535206355
22.73386330683466,0.0007666851596969818
22.73886305684716,0.0012761363632289404
22.74386280685966,0.0013142209706523888
22.748862556872158,0.0013207954878302751
22.75386230688466,0.0013292546617185688
22.758862056897158,0.0022402416333565734
22.763861806909656,0.0009494328017274405
22.768861556922158,0.0007349674212775225
22.773861306934656,0.0005148903908411791
22.778861056947154,0.000751641960082283
22.783860806959655,0.0023095641029308896
22.788860556972153,0.000600111921726864
22.79386030698465,0.0017066983554403924
22.798860056997153,0.0015333015968660472
22.80385980700965,0.002911856754605569
22.808859557022153,0.0004820683275055182
22.81385930703465,0.0033777917526598435
22.81885905704715,0.0015061255724496219
22.82385880705965,0.0010302668130667424
22.82885855707215,0.0002642078514460458
22.833858307084647,0.0008375932992841824
22.83885805709715,0.001271677639483614
22.843857807109647,0.0005531963652471039
22.848857557122145,0.00037528622117568656
22.853857307134646,0.0008101311354279713
22.858857057147144,0.0020888982691909925
22.863856807159646,0.0011193811606940878
22.868856557172144,0.001241753177389816
22.873856307184642,0.0016427855488387784
22.878856057197144,0.0008571490532087972
22.883855807209642,0.0012592828058532188
22.88885555722214,0.0014088129576069568
22.89385530723464,0.0012231903062688107
22.89885505724714,0.0003252550452104117
22.903854807259638,0.00034342582043731977
22.90885455727214,0.0013624252201059318
22.913854307284637,0.0004957083276789114
22.91885405729714,0.00017570944295976592
22.923853807309637,0.0037631454500131048
22.928853557322135,0.0008167028849593424
22.933853307334637,0.002598993789151758
22.938853057347135,0.0008269683694583982
22.943852807359633,0.0008479567785331464
22.948852557372135,0.0007169274417677152
22.953852307384633,0.00031091165915521867
22.95885205739713,0.0014995717049653625
22.963851807409632,0.0005723528723658331
22.96885155742213,0.0005240496726319748
22.973851307434632,0.0009368973732043097
22.97885105744713,0.0009563350568319397
22.98385080745963,0.00021462272958121904
22.98885055747213,0.0011593124680611723
22.993850307484628,0.0009559102352816166
22.998850057497126,0.00033728221850674465
23.003849807509628,0.0015493316905698068
23.008849557522126,0.0007760046831299096
23.013849307534624,0.002304712083038381
23.018849057547126,0.0020800016883535236
23.023848807559624,0.000514677237922705
23.028848557572125,0.0009886724036681188
23.033848307584623,0.0015835691069665588
23.03884805759712,0.002305990755303652
23.043847807609623,0.0018966768840884781
23.04884755762212,0.0012828881346706735
23.05384730763462,0.0010987054009466805
23.05884705764712,0.0009304242749874277
23.06384680765962,0.0016408617561654766
23.068846557672117,0.0008593309580501117
23.07384630768462,0.0006366410701392514
23.078846057697117,0.001622419482462355
23.08384580770962,0.0015726726920961766
23.088845557722117,0.0011296831670456005
23.093845307734615,0.0025361378627505346
23.098845057747116,0.001240223892933649
23.103844807759614,0.0008987872527545934
23.108844557772112,0.0014711908527763877
23.113844307784614,0.0008549696808514153
23.118844057797112,0.0021016031513659186
23.12384380780961,0.0008584611347151906
23.128843557822112,0.0003355263612967839
23.13384330783461,0.001024350429849809
23.13884305784711,0.0008967095060646061
23.14384280785961,0.0013068648292544039
23.148842557872108,0.0017094465306673717
23.15384230788461,0.000595517521936184
23.158842057897107,0.0013290051716891074
23.163841807909606,0.0007283170619151128
23.168841557922107,0.0022429373480726627
23.173841307934605,0.0019090846233172174
23.178841057947103,0.00120109502146625
23.183840807959605,0.0009488543181595191
23.188840557972103,0.0013852909953368854
23.193840307984605,0.0003910621879802193
23.198840057997103,0.001511535686206017
23.2038398080096,0.0014818254872593294
23.208839558022103,0.0018680229071297207
23.2138393080346,0.0005103052148595248
23.2188390580471,0.0014327276835748974
23.2238388080596,0.0009052141993262997
23.2288385580721,0.000786230603470482
23.233838308084596,0.0011805664837068624
23.238838058097098,0.002628714718850733
23.243837808109596,0.00016331791476018764
23.248837558122098,0.0007549969695394747
23.253837308134596,0.001024726748253211
23.258837058147094,0.001348721835510111
23.263836808159596,0.00040147960028646994
23.268836558172094,0.0026274260906562637
23.273836308184592,0.001586510259160812
23.278836058197093,0.0003265231922952828
23.28383580820959,0.001080510040315626
23.28883555822209,0.000749703191925511
23.29383530823459,0.0006358406749608373
23.29883505824709,0.0013281398153669754
23.30383480825959,0.002279928336892649
23.30883455827209,0.001190116948274319
23.313834308284587,0.0013407821013908037
23.31883405829709,0.0017210612293570404
23.323833808309587,0.001294185990679962
23.328833558322085,0.0023661160152694156
23.333833308334587,0.0008189217457208944
23.338833058347085,0.0018324989199493124
23.343832808359583,0.0009658695037899076
23.348832558372084,0.0010073950114638365
23.353832308384582,0.0003792286260833109
23.358832058397084,0.0012570153926555025
23.363831808409582,0.0018830146124361614
23.36883155842208,0.00147289271075188
23.373831308434582,0.0012207379155287277
23.37883105844708,0.0012965249199149633
23.383830808459578,0.0025820018647006965
23.38883055847208,0.0009809194313407444
23.393830308484578,0.0011591879965060668
23.398830058497076,0.0008253289538385575
23.403829808509578,0.002308072402750655
23.408829558522076,0.001146729830350161
23.413829308534577,0.0016420894790842276
23.418829058547075,0.0014397364632066638
23.423828808559573,0.0008823204391024879
23.428828558572075,0.0020807298269536487
23.433828308584573,0.0003383333781090731
23.43882805859707,0.001823272846417553
23.443827808609573,0.0028594633391899327
23.44882755862207,0.0010418461499552935
23.45382730863457,0.002560708227006012
23.45882705864707,0.0018649489882312474
23.46382680865957,0.0009163175626349718
23.46882655867207,0.0019834214960606908
23.47382630868457,0.001122842976993696
23.478826058697067,0.0011743407661046381
23.483825808709568,0.0009592825024474077
23.488825558722066,0.00020788499705374854
23.493825308734564,0.001365009671545904
23.498825058747066,0.002267159731465887
23.503824808759564,0.0018168969591700868
23.508824558772062,0.001839552529469701
23.513824308784564,0.0013483809933078632
23.518824058797062,0.0018840088242918901
23.523823808809563,0.0011734033317498508
23.52882355882206,0.0009313269973251691
23.53382330883456,0.0012871009497111617
23.53882305884706,0.0005212820976264777
23.54382280885956,0.0003260833319529826
23.548822558872057,0.0007583186288511635
23.55382230888456,0.0011524153111010002
23.558822058897057,0.0016843280913439887
23.563821808909555,0.001669890993122339
23.568821558922057,0.00035199832075654195
23.573821308934555,0.001593438748746152
23.578821058947057,0.002612058205950521
23.583820808959555,0.0022122774994063933
23.588820558972053,0.0012073626699441922
23.593820308984554,0.001822047598108507
23.598820058997052,0.0012478266822747149
23.60381980900955,0.001146767254808256
23.608819559022052,0.002477128786611169
23.61381930903455,0.0009993089639148628
23.61881905904705,0.0014613694877845078
23.62381880905955,0.0005385235064609127
23.628818559072048,0.0007397796649836958
23.63381830908455,0.0008623200658632442
23.638818059097048,0.0009399908683209988
23.643817809109546,0.0012056042948721578
23.648817559122048,0.0014601525662090694
23.653817309134546,0.0019965093442424185
23.658817059147044,0.00081746343199058
23.663816809159545,0.0008679324942222799
23.668816559172043,0.0013725663784473503
23.67381630918454,0.0028592187493463456
23.678816059197043,0.0015971182066126415
23.68381580920954,0.0006426233225194865
23.688815559222043,0.0003277225391186296
23.69381530923454,0.0015704926320654544
23.69881505924704,0.001100027612446435
23.70381480925954,0.0010859398666179497
23.70881455927204,0.00068080263563893
23.713814309284537,0.0027881138080961564
23.71881405929704,0.0018635989446429333
23.723813809309537,8.726818361165857e-05
23.728813559322035,0.0008842206733573739
23.733813309334536,0.0014212307464596318
23.738813059347034,0.0007807338515217664
23.743812809359536,0.0018676015706647587
23.748812559372034,0.0006787372809137202
23.753812309384532,0.0006633433305230794
23.758812059397034,0.001814362439348364
23.763811809409532,0.0011362506032508303
23.76881155942203,0.001265048491868399
23.77381130943453,0.0010060144927975542
23.77881105944703,0.000936868330542673
23.783810809459528,0.0010058425976727419
23.78881055947203,0.0008685705537879626
23.793810309484527,0.0018687693966741412
23.79881005949703,0.0015198316444537715
23.803809809509527,0.0019738456145421495
23.808809559522025,0.0013858989590770645
23.813809309534527,0.0008861967927245875
23.818809059547025,0.0014896200783461884
23.823808809559523,0.0014819704751676066
23.828808559572025,0.001554852942351918
23.833808309584523,0.0019741980064231623
23.83880805959702,0.0024044853906998957
23.843807809609523,0.00071924560304331
23.84880755962202,0.0019789695969170233
23.853807309634522,0.002066740437006494
23.85880705964702,0.0013749045431489428
23.86380680965952,0.0015319739412985873
23.86880655967202,0.0007221636298381205
23.873806309684518,0.0005512704248237948
23.878806059697016,0.0016118490024839588
23.883805809709518,0.0015224019278508546
23.888805559722016,0.0024880458003889126
23.893805309734514,0.0018945723701395147
23.898805059747016,0.0011596012875660956
23.903804809759514,0.0008674548316559426
23.908804559772015,0.0006998320078285106
23.913804309784513,0.0011281355505924873
23.91880405979701,0.0017583103704311453
23.923803809809513,0.0015211130559284582
23.92880355982201,0.000739860912945712
23.93380330983451,0.0008466994020339445
23.93880305984701,0.0010529780947540052
23.94380280985951,6.488003506179741e-05
23.948802559872007,0.0014515483566813734
23.95380230988451,0.0011085618056042332
23.958802059897007,0.0023056624099956195
23.96380180990951,0.0010535001500094692
23.968801559922007,0.0018582354078606183
23.973801309934505,0.0013917727060409287
23.978801059947006,0.0013624959075564504
23.983800809959504,0.0010412875629162966
23.988800559972002,0.0013323149856025096
23.993800309984504,0.0014823731674343055
23.998800059997002,0.00048356562235244495
24.0037998100095,0.001167705625091923
24.008799560022002,0.0003514415854550125
24.0137993100345,0.0013037806818606418
24.018799060047,0.0026724992151041455
24.0237988100595,0.0016339488155373261
24.028798560071998,0.001438180960784437
24.0337983100845,0.0017440341480970353
24.038798060096997,0.00015366322129010802
24.043797810109496,0.001725306004141187
24.048797560121997,0.0008903881647059371
24.053797310134495,0.0018810980277670687
24.058797060146993,0.001250345009755288
24.063796810159495,0.0008998927232735379
24.068796560171993,0.0014551057238537336
24.073796310184495,0.0014309800131578432
24.078796060196993,0.001786355299297893
24.08379581020949,0.001750784527411707
24.088795560221993,0.0017297696516400925
24.09379531023449,0.0015607570445022347
24.09879506024699,0.0009764207377270616
24.10379481025949,0.002040759478181303
24.10879456027199,0.001082204419644133
24.113794310284486,0.0009332069966714225
24.118794060296988,0.0014493505829867384
24.123793810309486,0.0010958194635958473
24.128793560321988,0.0007535693862172507
24.133793310334486,0.0006655021507866982
24.138793060346984,0.0006681868780765837
24.143792810359486,0.0013829360805828062
24.148792560371984,0.000950068899977498
24.153792310384482,0.0006277802463674834
24.158792060396983,0.0019000540665319477
24.16379181040948,0.0013594921597009635
24.16879156042198,0.0005178333806511167
24.17379131043448,0.0010136352290309129
24.17879106044698,0.0013068461958530436
24.18379081045948,0.0007846781733697078
24.18879056047198,0.0007655223435652623
24.193790310484477,0.0011456088546666706
24.19879006049698,0.0004270642098036915
24.203789810509477,0.00046095434616281637
24.208789560521975,0.0005978548861144124
24.213789310534477,0.0012002594987830047
24.218789060546975,0.0005068775106893826
24.223788810559473,0.0004385462566247394
24.228788560571974,0.000545240503290907
24.233788310584472,0.0006445428366558619
24.238788060596974,0.0009816139369418378
24.243787810609472,0.00029086064444492406
24.24878756062197,0.0004009643433422055
24.253787310634472,0.0013952459516460192
24.25878706064697,0.00024680116893626786
24.263786810659468,0.0005347744224090115
24.26878656067197,0.0008293533085466105
24.273786310684468,0.00032268021019702514
24.278786060696966,0.0013844099613445644
24.283785810709468,0.0009730175316579826
24.288785560721966,0.000883067773789204
24.293785310734467,0.0002491002504866876
24.298785060746965,0.001850076426524206
24.303784810759463,0.00028642097543587455
24.308784560771965,0.0004403145321039648
24.313784310784463,0.00206257359922098
24.31878406079696,0.0007520085248367483
24.323783810809463,0.0007527566999679441
24.32878356082196,0.00100907294023207
24.33378331083446,0.0005514367009383166
24.33878306084696,0.0013385974225691851
24.34378281085946,0.0005970195104197305
24.34878256087196,0.0009791329072377597
24.35378231088446,0.002403301434765331
24.358782060896957,0.0002734785984428024
24.363781810909458,0.00026079972458339966
24.368781560921956,0.002806349748119611
24.373781310934454,0.002352690169185515
24.378781060946956,0.0014646058912739825
24.383780810959454,0.0009887290950361244
24.388780560971952,0.0010733458040166966
24.393780310984454,0.0014603568989267882
24.398780060996952,0.0012520752407555397
24.403779811009453,0.0006195537565319199
24.40877956102195,0.0020539003287968773
24.41377931103445,0.0011890606645878893
24.41877906104695,0.0005703379581058715
24.42377881105945,0.0011411559035647185
24.428778561071947,0.0019874180660583002
24.43377831108445,0.0012548010159293163
24.438778061096947,0.0013105069277884378
24.443777811109445,0.0010364427339922258
24.448777561121947,0.0010782374928758247
24.453777311134445,0.0008696679240352797
24.458777061146947,0.0014825012941139548
24.463776811159445,0.00011146727103809032
24.468776561171943,0.0016292233947171962
24.473776311184444,0.0013687056212390131
24.478776061196942,0.0006974863445866353
24.48377581120944,0.000597288963395068
24.488775561221942,0.0007857177728599281
24.49377531123444,0.0007561946899901432
24.49877506124694,0.00029810670677236884
24.50377481125944,0.00014429110957107604
24.508774561271938,0.0012128264779948496
24.51377431128444,0.00040106324939717924
24.518774061296938,0.0009077770012154764
24.523773811309436,0.0014563687768976113
24.528773561321938,0.0008396631920038607
24.533773311334436,0.0019784873746278063
24.538773061346934,0.000889019528032111
24.543772811359435,0.0016779599934686588
24.548772561371933,0.0009835116117175497
24.55377231138443,0.0008393006631278004
24.558772061396933,0.0005305718885146397
24.56377181140943,0.002501959169595097
24.568771561421933,0.0007342577113312445
24.57377131143443,0.001376938070953509
24.57877106144693,0.0015258984921794618
24.58377081145943,0.0013124257076601723
24.58877056147193,0.0006777582111393296
24.593770311484427,0.00053891617942469
24.59877006149693,0.0010464797286775607
24.603769811509427,0.0005732006616598997
24.608769561521925,0.0005446977382690976
24.613769311534426,0.0008016901461665314
24.618769061546924,0.0006419627419174574
24.623768811559426,0.0010907636343024754
24.628768561571924,0.001123477062887338
24.633768311584422,0.0010682892572775496
24.638768061596924,0.0008815476706138882
24.643767811609422,0.0004240488856457958
24.64876756162192,0.0011609884946082057
24.65376731163442,0.0012735847572538444
24.65876706164692,0.0005916492657153053
24.663766811659418,0.0014364406145692685
24.66876656167192,0.0010121153835856798
24.673766311684417,0.0005162641507698374
24.67876606169692,0.0004204236393784692
24.683765811709417,0.001177555485202823
24.688765561721915,0.0001945631043338264
24.693765311734417,0.0005389169725297679
24.698765061746915,0.0007442688515237264
24.703764811759413,0.0017604707021885485
24.708764561771915,0.0010276617432605436
24.713764311784413,0.0014615056247157133
24.71876406179691,0.00148448569226884
24.723763811809413,0.0010349517777921875
24.72876356182191,0.0007391450029746424
24.733763311834412,0.0007518278458502923
24.73876306184691,0.0015796003781390529
24.74376281185941,0.0007872981947082479
24.74876256187191,0.0003661282465831411
24.753762311884408,0.0007494510792156458
24.758762061896906,0.0009028699814082191
24.763761811909408,0.0005120733163033493
24.768761561921906,0.0010632065472538136
24.773761311934404,0.0005622731197762165
24.778761061946906,0.0007781961416080017
24.783760811959404,0.0014669804032016052
24.788760561971905,0.0016097704983361676
24.793760311984403,0.0009924494126564963
24.7987600619969,0.00018624895876385674
24.803759812009403,0.00030039131338553216
24.8087595620219,0.0011285059985341028
24.8137593120344,0.0014258040139407812
24.8187590620469,0.0014217624796126942
24.8237588120594,0.0025363973431992526
24.828758562071897,0.0018913903740044359
24.8337583120844,0.00047209752201467567
24.838758062096897,0.0008531882565460971
24.8437578121094,0.0007331857861659759
24.848757562121897,0.00024784994614859303
24.853757312134395,0.0005509483458102579
24.858757062146896,0.0006156749546211638
24.863756812159394,0.000756969281881692
24.868756562171892,0.0016308831446987973
24.873756312184394,0.0013127374036563423
24.878756062196892,0.000493066483382886
24.88375581220939,0.00042049646297561376
24.888755562221892,0.0008707255675711456
24.89375531223439,0.0011236287246864634
24.89875506224689,8.888911713945689e-05
24.90375481225939,0.0014723327286741896
24.908754562271888,0.0019012023901786436
24.91375431228439,0.0013925396638904354
24.918754062296887,0.0016330575728902336
24.923753812309386,0.0007346875129120836
24.928753562321887,0.00048707623012717846
24.933753312334385,0.0006274208525074411
24.938753062346883,0.0004988842216090058
24.943752812359385,0.0005956876775381227
24.948752562371883,0.000548035567548977
24.953752312384385,0.0007665233436146622
24.958752062396883,0.0011510146515245623
24.96375181240938,0.0012393643939475824
24.968751562421883,0.0008297323002655988
24.97375131243438,0.0009708924017543871
24.97875106244688,0.0012333532201952878
24.98375081245938,0.0007268332156576798
24.98875056247188,0.0013021739491963322
24.993750312484377,0.001085560745373363
24.998750062496878,0.0008811964838327713
25.003749812509376,0.0009953433780435586
25.008749562521878,0.0009667556224308577
25.013749312534376,0.0006871928131908822
25.018749062546874,0.0013330384129384063
25.023748812559376,0.0017583011389390195
25.028748562571874,0.000920444412192268
25.033748312584372,0.0010496114218091898
25.038748062596873,0.0011046804200615628
25.04374781260937,0.001982160707900576
25.04874756262187,0.0011630113059990558
25.05374731263437,0.00011306800212549674
25.05874706264687,0.0009870078225711909
25.06374681265937,0.0017559460241332188
25.06874656267187,0.0016403296848181792
25.073746312684367,0.0006321339367095749
25.07874606269687,0.000916329499762285
25.083745812709367,0.0007848342431201954
25.088745562721865,0.0010732219431038611
25.093745312734367,0.00017925712373461502
25.098745062746865,0.0011680918743566953
25.103744812759363,0.0013288048290104528
25.108744562771864,0.00240928110236322
25.113744312784362,0.0014502571722760451
25.118744062796864,0.0005206458501166438
25.123743812809362,0.001439783486593817
25.12874356282186,0.0012361892264463623
25.133743312834362,0.0005532025961295674
25.13874306284686,0.0011427800625513776
25.143742812859358,0.0009270197420502294
25.14874256287186,0.001281386900782554
25.153742312884358,0.00014209379797359346
25.158742062896856,0.0008832259200520584
25.163741812909358,0.0006044061412093429
25.168741562921856,0.0002205076841203439
25.173741312934357,0.0005076121447137466
25.178741062946855,0.0008905846785640423
25.183740812959353,0.00010653187990528702
25.188740562971855,0.001280926201894411
25.193740312984353,0.00047937249082871696
25.19874006299685,0.000698217067742567
25.203739813009353,0.0006300785605926934
25.20873956302185,0.0016866666970556945
25.21373931303435,0.0006572970005816334
25.21873906304685,0.0011245228820904252
25.22373881305935,0.0006572579008965626
25.22873856307185,0.0006596343898211933
25.23373831308435,0.0016630940693711214
25.238738063096847,0.0008035070962480846
25.243737813109348,0.00017178316637663735
25.248737563121846,0.0003363307877874403
25.253737313134344,0.0011019050105766004
25.258737063146846,0.0013819756790510657
25.263736813159344,0.0013617632832330332
25.268736563171842,0.0008223880303518195
25.273736313184344,0.0013863503336605807
25.278736063196842,0.0009518583726667863
25.283735813209343,0.0009535371166106908
25.28873556322184,0.0006801005602302185
25.29373531323434,0.00029641693198278573
25.29873506324684,0.0017128395884849525
25.30373481325934,0.0006821039450540117
25.308734563271837,0.0019816999806333085
25.31373431328434,0.0003199033521846612
25.318734063296837,0.000394800718480264
25.323733813309335,0.0005363953429975611
25.328733563321837,0.00033854592274383283
25.333733313334335,0.00016674319703136246
25.338733063346837,0.0004961281467393803
25.343732813359335,0.0006132762677334628
25.348732563371833,0.0005942415186469265
25.353732313384334,0.000979840943241183
25.358732063396833,0.0011467412730238754
25.36373181340933,0.0010696532021303854
25.368731563421832,0.0002565574294408348
25.37373131343433,0.0011811555806474424
25.37873106344683,0.0012312995378610156
25.38373081345933,0.00013380494752861488
25.388730563471828,0.0009567304058373621
25.39373031348433,0.00195395300058368
25.398730063496828,0.0004507308201921617
25.403729813509326,0.0014783750971345275
25.408729563521828,0.0010076548716507303
25.413729313534326,0.00136429120951034
25.418729063546824,0.0008693304650513196
25.423728813559325,0.0008772314043123798
25.428728563571823,0.0007826345016246016
25.43372831358432,0.0004589928655067154
25.438728063596823,7.794524707177108e-05
25.44372781360932,0.0006262477718215957
25.448727563621823,0.0011412125641247167
25.45372731363432,0.0009207742883375888
25.45872706364682,0.000263578452175486
25.46372681365932,0.0009994062850641995
25.46872656367182,0.0006250898932230518
25.473726313684317,0.0013676617007622703
25.47872606369682,0.0006903743607210659
25.483725813709317,0.002436428511939293
25.488725563721815,0.0004692859864151496
25.493725313734316,0.0008212496571635676
25.498725063746814,0.0010487954325728089
25.503724813759316,0.0005519466096096746
25.508724563771814,0.0020724918417041366
25.513724313784312,0.0011636078285013945
25.518724063796814,0.00029537652072433114
25.523723813809312,0.0012558048766360542
25.52872356382181,0.0012273017807515444
25.53372331383431,0.001242681083178055
25.53872306384681,0.0013136178243739103
25.543722813859308,0.0010498825120170527
25.54872256387181,0.0010059838549443991
25.553722313884307,0.0008595690725623269
25.55872206389681,0.0006802339718447537
25.563721813909307,0.00032223870330422196
25.568721563921805,0.0010671121320828827
25.573721313934307,0.0007564444191210475
25.578721063946805,0.0012340972889440139
25.583720813959303,0.000765749015669635
25.588720563971805,0.0014633689792149338
25.593720313984303,0.0010374711744228755
25.5987200639968,0.0011285938849014564
25.603719814009303,0.0012286837162690093
25.6087195640218,0.0009316533817823187
25.613719314034302,0.0008604378633983694
25.6187190640468,0.0011029867171926254
25.6237188140593,0.0006489551788400762
25.6287185640718,0.0008652827032461086
25.633718314084298,0.0010588274948451798
25.638718064096796,0.0006333378237964691
25.643717814109298,0.0003995506698123718
25.648717564121796,0.0010821643834450193
25.653717314134298,0.0005400923937351631
25.658717064146796,0.001886920376247505
25.663716814159294,0.0010780378978480793
25.668716564171795,0.0004524592571430964
25.673716314184293,0.0002215871741004613
25.67871606419679,0.0006274925748292174
25.683715814209293,0.0009160125027672153
25.68871556422179,0.0007911713190694312
25.69371531423429,0.0013989778114630038
25.69871506424679,0.0004019008221628901
25.70371481425929,0.0015019712805162948
25.70871456427179,0.0006810308499034611
25.71371431428429,0.000951963121816312
25.718714064296787,0.0011909638475723476
25.72371381430929,0.0005546020460934877
25.728713564321787,0.0013691322432477717
25.733713314334285,0.001121676469914625
25.738713064346786,0.000743294761769004
25.743712814359284,0.0007955686579377729
25.748712564371782,0.0012877406919349953
25.753712314384284,0.0015906067605477845
25.758712064396782,0.0004755599585334982
25.763711814409284,0.0004584601574833985
25.768711564421782,0.0009171193556178539
25.77371131443428,0.0007292783717355413
25.77871106444678,0.0007880747307809239
25.78371081445928,0.0006712363727001087
25.788710564471778,0.0007497481798098296
25.79371031448428,0.0010430796951527014
25.798710064496778,0.0010523055312753017
25.803709814509276,0.0005221197916338055
25.808709564521777,0.0007104903060392131
25.813709314534275,0.0012268199906411007
25.818709064546777,0.0003783493820961892
25.823708814559275,0.0008230431732636254
25.828708564571773,0.0012830568835772336
25.833708314584275,0.00012625823029881666
25.838708064596773,0.0008902475373578083
25.84370781460927,0.0017856085490059457
25.848707564621773,0.0005504853424978078
25.85370731463427,0.000754695536741863
25.85870706464677,0.0008845139071147707
25.86370681465927,0.0009986319266786082
25.86870656467177,0.0002919539122078374
25.87370631468427,0.0012370532234902108
25.878706064696768,0.0009068744933108608
25.883705814709266,0.00045126990431952255
25.888705564721768,0.0002502353556779812
25.893705314734266,0.0012224447514296382
25.898705064746764,0.0006549808049062771
25.903704814759266,0.0011457240027615493
25.908704564771764,0.0008160351376670798
25.913704314784262,0.0010902442547195447
25.918704064796763,0.0009224669008424464
25.92370381480926,0.0005933869926249808
25.928703564821763,0.00145157937022548
25.93370331483426,0.0007651585551290523
25.93870306484676,0.0005905558354525522
25.94370281485926,0.0008182962494045975
25.94870256487176,0.0005949666315177781
25.953702314884257,0.0011110582185050299
25.95870206489676,0.0003706306828882473
25.963701814909257,0.00045897913620478485
25.968701564921755,0.0011167940495391225
25.973701314934257,0.001543694954387146
25.978701064946755,0.0005439718350017903
25.983700814959256,0.0007231356620603975
25.988700564971754,0.0007324421321453758
25.993700314984252,0.0003317216224862141
25.998700064996754,0.00036569147400736517
26.003699815009252,0.0009936192735307688
26.00869956502175,0.0012821800795221226
26.013699315034252,0.00044709385996663916
26.01869906504675,0.0010311176840385899
26.023698815059248,0.00017179545961998582
26.02869856507175,0.00033148833476969824
26.033698315084248,0.0012962234670794819
26.03869806509675,0.0003917644582488144
26.043697815109248,0.001523030338445941
26.048697565121746,0.0008128648429480708
26.053697315134247,0.0007850787354078059
26.058697065146745,0.0004949957874085088
26.063696815159243,0.0003969958888113401
26.068696565171745,0.0010503045717323405
26.073696315184243,0.0009183569986591713
26.07869606519674,0.0014236868866346118
26.083695815209243,0.0015144611733738389
26.08869556522174,0.001367120264501091
26.093695315234243,0.0016807697337005967
26.09869506524674,0.0012892582814826668
26.10369481525924,0.0015244420750008987
26.10869456527174,0.0017932727182209602
26.11369431528424,0.0014830024359241008
26.118694065296737,0.0010628349373251356
26.123693815309238,0.00056461004070123
26.128693565321736,0.0014704762693597804
26.133693315334234,0.0006637711589270374
26.138693065346736,0.0009672764334309
26.143692815359234,0.00029157589538114
26.148692565371736,0.001652036146767337
26.153692315384234,0.0005296936168103941
26.158692065396732,0.0006494730483432264
26.163691815409233,0.00036325504142916543
26.16869156542173,0.0005575493010072639
26.17369131543423,0.0007003456009160731
26.17869106544673,0.0002361585772420923
26.18369081545923,0.00031000354876188976
26.188690565471727,0.0009804088429413668
26.19369031548423,0.0017333593455878967
26.198690065496727,0.0021376311121381864
26.20368981550923,0.0008310079677336264
26.208689565521727,0.00018707214998810932
26.213689315534225,0.0008643000602424597
26.218689065546727,0.0013404315470148893
26.223688815559225,0.0011372214702510214
26.228688565571723,0.0007295233744369896
26.233688315584224,0.0008509484711285593
26.238688065596723,0.0005814619717417177
26.24368781560922,0.0008251266093320187
26.248687565621722,0.00077620644830861
26.25368731563422,0.00046010591384459796
26.258687065646722,0.0010098979651998999
26.26368681565922,0.0007039308522713895
26.268686565671718,0.0007702600867226447
26.27368631568422,0.0007787609084683624
26.278686065696718,0.0022447895238533275
26.283685815709216,0.0004886752382074387
26.288685565721718,0.0005518352726629615
26.293685315734216,0.000521058202937887
26.298685065746714,0.0010104102234507648
26.303684815759215,0.0007278390561138978
26.308684565771713,0.0003124124971100595
26.313684315784215,0.0005998870128241244
26.318684065796713,0.0006329790914866293
26.32368381580921,0.0003505439328492383
26.328683565821713,0.00042939225591305866
26.33368331583421,0.0011087192936216235
26.33868306584671,0.0010948813746328309
26.34368281585921,0.0004857438307303242
26.34868256587171,0.000909433814516319
26.353682315884207,0.00029119165248209054
26.35868206589671,0.0005090555710977441
26.363681815909207,0.0017108579714060332
26.368681565921708,0.001227381575069167
26.373681315934206,0.001091653950270606
26.378681065946704,0.0005257833779258858
26.383680815959206,0.00020718129964319686
26.388680565971704,0.00018555128572316277
26.393680315984202,0.0002386410124385865
26.398680065996704,0.0013522807719869839
26.403679816009202,0.00044668465307525927
26.4086795660217,0.0011356308617369091
26.4136793160342,0.0011396170231331403
26.4186790660467,0.000155363266659083
26.4236788160592,0.0008239431483179841
26.4286785660717,0.0011406760554980144
26.433678316084197,0.0008436521571885727
26.4386780660967,0.0008360563152950893
26.443677816109197,0.0008976023722087996
26.448677566121695,0.0005339069073588933
26.453677316134197,0.000507477535181064
26.458677066146695,0.0012297844561701696
26.463676816159193,0.0010882088412163305
26.468676566171695,0.00012550304852828827
26.473676316184193,0.0002141065168432568
26.478676066196694,0.0005634152814008728
26.483675816209193,0.0007254491490181027
26.48867556622169,0.00020465139609831786
26.493675316234192,0.00040125485405552734
26.49867506624669,0.0016875040367514394
26.50367481625919,0.00013553910713717663
26.50867456627169,0.001409361086305508
26.513674316284188,0.0006986773535881195
26.518674066296686,0.0014552763829539174
26.523673816309188,0.0011397335934547836
26.528673566321686,8.5473465412109e-05
26.533673316334188,0.0006717385217815956
26.538673066346686,0.0012763119014898953
26.543672816359184,0.001228364744568624
26.548672566371685,0.0016972507889580033
26.553672316384183,0.0011844353163218805
26.55867206639668,0.0006686934231771029
26.563671816409183,0.0011516173204399603
26.56867156642168,0.0007523984683797747
26.57367131643418,0.0007766307232570599
26.57867106644668,0.0008591977221973884
26.58367081645918,0.0007828957061706688
26.58867056647168,0.0009309329319847797
26.59367031648418,0.00010103240053688562
26.598670066496677,0.0004240761062116855
26.60366981650918,0.0003848801018617877
26.608669566521677,0.0008247320488856027
26.613669316534175,0.0005929443247462099
26.618669066546676,0.0005895802872057631
26.623668816559174,3.5387937804298036e-05
26.628668566571672,0.0013181096976362654
26.633668316584174,0.0013124497141441072
26.638668066596672,0.0007481908383981795
26.643667816609174,0.00047813128294574655
26.648667566621672,0.00043907700102712355
26.65366731663417,0.0008273315898597075
26.65866706664667,0.0007002668673787262
26.66366681665917,0.0008000716142909576
26.668666566671668,0.0005755827396535188
26.67366631668417,0.0012768813683168823
26.678666066696668,0.001076741689308648
26.683665816709166,0.0006842442678257636
26.688665566721667,0.0010705767731837752
26.693665316734165,0.0006781216823311035
26.698665066746667,0.0003250894280227192
26.703664816759165,0.0001717686844576655
26.708664566771663,0.0008225711887889162
26.713664316784165,0.001152512588102641
26.718664066796663,0.0011657987094981625
26.72366381680916,0.0008705454680094806
26.728663566821663,0.0017591940443823415
26.73366331683416,0.001337561034966214
26.73866306684666,0.0012348171714500734
26.74366281685916,0.00022736256203732596
26.74866256687166,0.00042426001197167824
26.75366231688416,0.0007291781473091603
26.758662066896658,0.0008144253271345738
26.763661816909156,0.0006328156073652757
26.768661566921658,0.0004174560312953073
26.773661316934156,0.0006815466938846533
26.778661066946654,0.0014909391198546864
26.783660816959156,0.0008825581288114749
26.788660566971654,0.0013202599514852897
26.793660316984152,0.0010555130671938708
26.798660066996653,0.0010413688086222642
26.80365981700915,0.0012230474299325187
26.808659567021653,0.0005333338480966695
26.81365931703415,0.00024837520580082615
26.81865906704665,0.0002903371597068896
26.82365881705915,0.0005566510945199611
26.82865856707165,0.0005288758052263592
26.833658317084147,0.00045056891957020664
26.83865806709665,0.0015234895080253185
26.843657817109147,0.0010408067860110087
26.848657567121645,0.0008324239690541278
26.853657317134147,0.00043465290761441515
26.858657067146645,0.00027235245096061
26.863656817159146,0.00014508150860357622
26.868656567171644,0.0007899441859887112
26.873656317184142,0.000570310162199757
26.878656067196644,0.0006756285477762872
26.883655817209142,8.5561775336337e-05
26.88865556722164,0.00046828974181244414
26.893655317234142,0.00044065946402465934
26.89865506724664,0.0003036526124459658
26.903654817259138,0.0003520403118745298
26.90865456727164,0.0006097296211900261
26.913654317284138,0.0014467251469987717
26.91865406729664,0.0006071328252866385
26.923653817309138,0.0012776293637285878
26.928653567321636,0.00040300550233114864
26.933653317334137,0.001195880353114433
26.938653067346635,0.001148015288512151
26.943652817359133,0.0007763627102272966
26.948652567371635,0.00023946517086224244
26.953652317384133,0.0005451967929507246
26.95865206739663,0.0009178209266328676
26.963651817409133,0.0005879146445953794
26.96865156742163,0.0005348416119087112
26.973651317434133,0.0009586632667597838
26.97865106744663,0.00172858745497533
26.98365081745913,0.0005036962210125933
26.98865056747163,0.0009983003753279848
26.99365031748413,0.00017498759577316245
26.998650067496627,0.0006798884777162819
27.003649817509128,0.00023832278490335695
27.008649567521626,0.0003543453908459383
27.013649317534124,0.000870859842678761
27.018649067546626,0.0011054377335897921
27.023648817559124,0.0010431198266365714
27.028648567571626,0.0011086531266142395
27.033648317584124,0.0005404150311921507
27.038648067596622,0.000614694183993969
27.043647817609124,0.0010742755834808753
27.04864756762162,0.0005590891370468528
27.05364731763412,0.0009812792697077943
27.05864706764662,0.0011334118801528945
27.06364681765912,0.001399240980604815
27.068646567671617,0.000950068099950496
27.07364631768412,0.0005261226546303298
27.078646067696617,0.000926852525119969
27.08364581770912,0.0007470824561070585
27.088645567721617,0.0004218588202084209
27.093645317734115,0.000414143593920989
27.098645067746617,0.0005677289207874851
27.103644817759115,0.0008320675155438756
27.108644567771613,0.0007803406708273458
27.113644317784114,0.0004836240118438265
27.118644067796613,0.0005527020804270396
27.12364381780911,0.001467367685360154
27.128643567821612,0.0008398946077533096
27.13364331783411,0.0005078591265276276
27.138643067846612,0.0007316668708852734
27.14364281785911,0.00025103258023678884
27.148642567871608,0.0005655357828086047
27.15364231788411,0.0007823710377472401
27.158642067896608,0.0003562838476099817
27.163641817909106,0.0007037310980301406
27.168641567921608,0.0008185616015280173
27.173641317934106,0.0002718128252209726
27.178641067946604,6.137527691982576e-05
27.183640817959105,0.0010489777933162788
27.188640567971603,0.0009260790752266925
27.193640317984105,0.0008310397911693016
27.198640067996603,0.0014693670304140242
27.2036398180091,0.0007549896174903212
27.208639568021603,0.0005973375743811764
27.2136393180341,0.0004003963297234546
27.2186390680466,0.0010326976455286524
27.2236388180591,0.0007052191250714578
27.2286385680716,0.00045277450683846993
27.233638318084097,0.0009115891736156573
27.2386380680966,0.0016467056452071048
27.243637818109097,0.0005879826535992773
27.248637568121598,0.0002801285767107296
27.253637318134096,0.0010870612302779096
27.258637068146594,0.0008684272001084543
27.263636818159096,0.0015327972711451055
27.268636568171594,0.0005996300710120444
27.273636318184092,0.000725734227111537
27.278636068196594,0.00024650169959310766
27.283635818209092,0.0005445614855458543
27.28863556822159,0.001781734059543163
27.29363531823409,0.0015544218025345757
27.29863506824659,0.001174534410963925
27.30363481825909,0.0009270288739238744
27.30863456827159,0.0003153575456639577
27.313634318284087,0.0014032150442112893
27.31863406829659,0.0010954689718926393
27.323633818309087,0.0009406784471503834
27.328633568321585,0.0005138193018497404
27.333633318334087,0.0009048877301674083
27.338633068346585,0.0007844335685880923
27.343632818359083,0.0008684040039414374
27.348632568371585,0.00019600515344325915
27.353632318384083,0.0010070455109058357
27.358632068396584,0.0012386925671541073
27.363631818409083,0.0005784486343510194
27.36863156842158,0.0016405719701653573
27.373631318434082,0.0003468526504069749
27.37863106844658,0.00037231889022130505
27.38363081845908,0.0007524133943022262
27.38863056847158,0.0004117939921222445
27.393630318484078,0.0007463311991063932
27.398630068496576,0.0005968352438886048
27.403629818509078,0.000815095744460152
27.408629568521576,0.00020685369864002236
27.413629318534078,0.0009353644811357998
27.418629068546576,0.0008662514079851993
27.423628818559074,0.00024140857176707537
27.428628568571575,0.0015477482921193374
27.433628318584073,0.0006359123544379012
27.43862806859657,0.0008320373064381867
27.443627818609073,0.0013439643489146606
27.44862756862157,0.0006006245374481587
27.45362731863407,0.0008186106379255404
27.45862706864657,0.001500408897369253
27.46362681865907,0.001029595420546191
27.46862656867157,0.0016872037652648092
27.47362631868407,0.0010436867895416361
27.478626068696567,0.0003439667225848687
27.48362581870907,0.0004063490596287926
27.488625568721567,0.0007505164113089992
27.493625318734065,0.0010112214822324927
27.498625068746566,0.0004654467238906287
27.503624818759064,0.00015473290186911103
27.508624568771562,0.0006964629741353091
27.513624318784064,0.0007392938304023769
27.518624068796562,0.00046973727343903353
27.523623818809064,0.0005435951835944838
27.528623568821562,0.00015064642690918497
27.53362331883406,0.0009255918711683312
27.53862306884656,0.000711200089965841
27.54362281885906,6.804120296246931e-05
27.548622568871558,0.0009019001282373216
27.55362231888406,0.0010443045115705143
27.558622068896558,0.0006459378255779929
27.563621818909056,0.0003533190393238701
27.568621568921557,0.001461204681602935
27.573621318934055,0.0006657283492286396
27.578621068946557,0.0008266550122367702
27.583620818959055,0.0003958990254210881
27.588620568971553,0.0006955543764787459
27.593620318984055,0.0009811167083512804
27.598620068996553,0.0006104833803858079
27.60361981900905,0.0001572619676924635
27.608619569021553,0.0005542052075821319
27.61361931903405,0.0008879929983711317
27.61861906904655,0.00013068344586332682
27.62361881905905,0.0008090661392546845
27.62861856907155,0.0004612181035386925
27.63361831908405,2.5975827709293996e-05
27.638618069096548,0.0005470307646374367
27.643617819109046,0.0011429323369499624
27.648617569121548,0.0003989824347584009
27.653617319134046,0.0011497990164960259
27.658617069146544,0.0006708604385382282
27.663616819159046,0.000728539090967992
27.668616569171544,0.0012817435196306245
27.673616319184042,0.0004291209633685605
27.678616069196543,0.0004147128224498037
27.68361581920904,0.0005953270709066654
27.688615569221543,0.0003025822469535968
27.69361531923404,0.001962773608564052
27.69861506924654,0.00045571579962588296
27.70361481925904,0.00014056832926691786
27.70861456927154,0.0008459449863822248
27.713614319284037,0.0010562617312135656
27.71861406929654,0.0007790879392541894
27.723613819309037,0.0010693047593899464
27.728613569321535,0.0003528997278193082
27.733613319334037,0.0002536459982721105
27.738613069346535,0.0003426066515798704
27.743612819359036,0.000545689790446477
27.748612569371534,0.0013151818147541861
27.753612319384033,0.0007104542374512612
27.758612069396534,0.0010706632582386058
27.763611819409032,0.00019324001801283188
27.76861156942153,0.0003727632047008935
27.773611319434032,0.0006716143561896875
27.77861106944653,0.00030168649613450973
27.783610819459028,0.00042326630947936655
27.78861056947153,0.0004624144883874061
27.793610319484028,0.0008682232717019591
27.79861006949653,0.0011605188440306756
27.803609819509028,0.00045098336362776035
27.808609569521526,0.000808911178592995
27.813609319534027,0.0003948220174282394
27.818609069546525,0.0002429440551635592
27.823608819559023,0.001058628239572977
27.828608569571525,0.0003033682161813975
27.833608319584023,0.0009509926817053036
27.83860806959652,0.00041440756385576876
27.843607819609023,0.0003392123362417181
27.84860756962152,0.0007104891625631532
27.853607319634023,0.0002405940815636535
27.85860706964652,0.000250837895378297
27.86360681965902,0.0010992411818524293
27.86860656967152,0.0006912368627594575
27.87360631968402,0.0015237346850265237
27.878606069696517,0.0003696376072169177
27.883605819709018,0.0005307841949792072
27.888605569721516,0.0005163138632153695
27.893605319734014,0.0007538494807674318
27.898605069746516,0.0006122118249423143
27.903604819759014,0.00045479886390279
27.908604569771516,0.0005117605732768947
27.913604319784014,0.0014221287907013997
27.918604069796512,0.0008954575706345113
27.923603819809014,0.00022437653367744014
27.92860356982151,0.00022609291407786605
27.93360331983401,0.0003606729873853696
27.93860306984651,0.0010004595619187305
27.94360281985901,0.000699550916259347
27.948602569871507,0.0003331552546035801
27.95360231988401,0.000918702535399206
27.958602069896507,0.00014795715036282722
27.96360181990901,0.001350847992034348
27.968601569921507,0.00010010540421727587
27.973601319934005,0.0005806507167631522
27.978601069946507,0.0014840224036481258
27.983600819959005,0.0006608426881310667
27.988600569971503,0.0004034900105362722
27.993600319984004,0.000373173283111209
27.998600069996503,0.000507056888308143
28.003599820009,0.0005360185651700028
28.008599570021502,0.0004765195272774663
28.013599320034,0.0004589046374767491
28.018599070046502,0.0006188901463185289
28.023598820059,0.0005037696068960704
28.028598570071498,0.0008888960154044682
28.033598320084,0.001037713202293989
28.038598070096498,0.0012997544881221507
28.043597820108996,0.0010966726456674866
28.048597570121498,0.0005176532592693175
28.053597320133996,0.0006191478128750143
28.058597070146494,0.0005408665939798855
28.063596820158995,0.0007918733285482922
28.068596570171493,0.000635841123745061
28.073596320183995,0.0005645505209480796
28.078596070196493,0.0006358717822886578
28.08359582020899,0.0006560670196675466
28.088595570221493,0.0007156256169208789
28.09359532023399,0.0009812281551674692
28.09859507024649,0.0005169592782394656
28.10359482025899,0.00019380738174396264
28.10859457027149,0.0003429209360252679
28.113594320283987,0.0006904524108044362
28.11859407029649,0.0004193844146545954
28.123593820308987,0.0003666888901495105
28.128593570321488,0.0006938592353849727
28.133593320333986,0.0007641698648632345
28.138593070346484,0.0009025125353358997
28.143592820358986,0.0003544065769039279
28.148592570371484,0.0008066607042028741
28.153592320383982,0.0011073202601954988
28.158592070396484,0.0008433576195828135
28.163591820408982,0.0010193929984232898
28.16859157042148,0.00017895129120559387
28.17359132043398,0.000655989768851608
28.17859107044648,0.0005251613498765716
28.18359082045898,0.0010060852558935673
28.18859057047148,0.000650685007857765
28.193590320483978,0.0007277364844466169
28.19859007049648,0.0004936182184485605
28.203589820508977,0.00039637582310902546
28.208589570521475,0.000841417411437529
28.213589320533977,0.0003706354757658952
28.218589070546475,0.0003048352044921489
28.223588820558973,0.00020657003522458632
28.228588570571475,0.0010950496557663462
28.233588320583973,0.00033722081925417356
28.238588070596474,0.0006922597568981563
28.243587820608973,0.0007878319690254369
28.24858757062147,0.00022019855966940572
28.253587320633972,0.0008496978529516202
28.25858707064647,0.0004272214641624186
28.26358682065897,0.0008345449319661092
28.26858657067147,0.0008978031277809361
28.273586320683968,0.0009280853757270643
28.278586070696466,0.000807968436345862
28.283585820708968,7.077429725156765e-05
28.288585570721466,0.0010006226615824649
28.293585320733968,0.0011174754625905535
28.298585070746466,0.00032899166851009493
28.303584820758964,0.0004302463671291762
28.308584570771465,0.0005350172232871846
28.313584320783963,0.0007063505216065825
28.31858407079646,0.0009050188912122053
28.323583820808963,0.0007786037399394113
28.32858357082146,0.0007140579959457558
28.33358332083396,0.0005167657989957605
28.33858307084646,0.0003176343589759263
28.34358282085896,0.0004811781033361737
28.34858257087146,0.0009807097089697158
28.35358232088396,0.0003076400670507382
28.358582070896457,0.0001606104314079039
28.36358182090896,0.0010468832584857968
28.368581570921457,0.0005267430776473247
28.373581320933955,0.0006131315777921837
28.378581070946456,0.0005238393301577698
28.383580820958954,0.0010136115212195102
28.388580570971452,0.0008593428283249621
28.393580320983954,0.0007669233328671379
28.398580070996452,0.0010238970880902787
28.403579821008954,0.0004928917238387357
28.408579571021452,0.0002496143291888336
28.41357932103395,0.0006869642152608705
28.41857907104645,0.0002985797052382502
28.42357882105895,0.0004782207483978999
28.428578571071448,0.0007129653371684612
28.43357832108395,0.0005494959005544652
28.438578071096448,0.00035085168362365286
28.443577821108946,0.0004359880726566331
28.448577571121447,0.0005153047957223334
28.453577321133945,0.0002461396286417567
28.458577071146447,0.0006417144036182573
28.463576821158945,0.00047850754248643005
28.468576571171443,0.000975840755493535
28.473576321183945,0.0005824740704706911
28.478576071196443,0.0010607631911712036
28.48357582120894,0.000573900375605289
28.488575571221443,0.00041119190881780355
28.49357532123394,0.0007478196206931493
28.49857507124644,0.0007439077388526754
28.50357482125894,0.0004986938150350813
28.50857457127144,0.0006741997288515637
28.51357432128394,0.00023889748686604334
28.518574071296438,0.0008310635986999351
28.523573821308936,0.0005616199064603929
28.528573571321438,0.0004397388286403063
28.533573321333936,0.0005971417232896252
28.538573071346434,0.00047995487962089624
28.543572821358936,0.0005537489152098218
28.548572571371434,0.0005298091874042426
28.553572321383932,0.0005179749943843177
28.558572071396434,0.00038092866535136184
28.56357182140893,0.0006842653353575254
28.568571571421433,0.0004104133772743506
28.57357132143393,0.0005296108563601888
28.57857107144643,0.0006852709682449425
28.58357082145893,0.000839868447786189
28.58857057147143,0.000545792282891433
28.593570321483927,0.0010094737357749435
28.59857007149643,0.0005715957312461582
28.603569821508927,0.00044524429878744435
28.608569571521425,0.001147283758657052
28.613569321533927,0.0008342806686258334
28.618569071546425,0.00046936399312899987
28.623568821558926,0.0005334559874564663
28.628568571571424,0.0007809609148284397
28.633568321583923,6.161255185862865e-05
28.638568071596424,0.0006166425128740255
28.643567821608922,0.00015517411356943045
28.64856757162142,0.0007394278714927093
28.653567321633922,0.0010072466644361685
28.65856707164642,0.0004942616863488329
28.663566821658918,0.0009429467680148821
28.66856657167142,0.00037729633698624517
28.673566321683918,0.00034531817885448076
28.67856607169642,0.00087842142713881
28.683565821708918,0.0006549238391019692
28.688565571721416,0.000635200557003609
28.693565321733917,0.00016154693429814616
28.698565071746415,0.00034676373547740206
28.703564821758913,0.0007899883447486302
28.708564571771415,0.001290003395093807
28.713564321783913,0.0012472324432013817
28.71856407179641,0.0003740458989443601
28.723563821808913,0.0005325355488453667
28.72856357182141,0.0009017899938987864
28.733563321833913,0.0012247554507070029
28.73856307184641,0.0008783291754080772
28.74356282185891,0.0006592555067283844
28.74856257187141,0.000731579862135044
28.75356232188391,0.00023750647720274543
28.758562071896407,0.0006362167426128065
28.763561821908908,0.00039023804833388263
28.768561571921406,0.000504432354945326
28.773561321933904,0.00017884093060642248
28.778561071946406,0.0005143562288644843
28.783560821958904,0.0007224671630957794
28.788560571971406,0.00032405220869337613
28.793560321983904,0.000767556253629465
28.798560071996402,0.00020175578710309003
28.803559822008904,0.0005355718658927614
28.8085595720214,0.00042770069994617257
28.8135593220339,0.00048517534063571827
28.8185590720464,0.0004985332960119951
28.8235588220589,0.0006572560625661812
28.828558572071397,0.0007195076404754672
28.8335583220839,0.0007419678614483324
28.838558072096397,0.0005388208741682318
28.8435578221089,0.0007065675442006154
28.848557572121397,0.0003734215359150034
28.853557322133895,0.00010881561603412163
28.858557072146397,0.0005235337904620514
28.863556822158895,0.001302384676809419
28.868556572171393,0.0001330914737519892
28.873556322183894,0.0009216305325613387
28.878556072196393,0.0005265354091785742
28.88355582220889,0.0007320043492451029
28.888555572221392,0.0011000992247888642
28.89355532223389,0.00048215644927969187
28.898555072246392,0.0005119303198867912
28.90355482225889,0.0002546688426909651
28.908554572271388,0.0008429264928302486
28.91355432228389,0.00016479404907683706
28.918554072296388,0.0010533140343507294
28.923553822308886,0.0009988932314529502
28.928553572321388,0.000365509063293781
28.933553322333886,0.0012918222290310818
28.938553072346384,0.0003987250424357661
28.943552822358885,0.0002899855905021796
28.948552572371383,0.000577352231237409
28.953552322383885,0.0007537048904281922
28.958552072396383,0.00022395764266686883
28.96355182240888,0.0007538094834133002
28.968551572421383,0.0006028359712860133
28.97355132243388,0.0007764304124315684
28.97855107244638,0.0007853606795296023
28.98355082245888,0.0010338234996011613
28.98855057247138,0.00023770229968844288
28.993550322483877,0.0008783522077245135
28.99855007249638,0.0007409604146699677
29.003549822508877,0.0008706337352609892
29.00854957252138,0.0003951762437369737
29.013549322533876,0.00041693720888780526
29.018549072546374,0.0002642694598651183
29.023548822558876,0.0006526304782308785
29.028548572571374,0.0004849207745530331
29.033548322583872,0.0006854522477150169
29.038548072596374,0.0007637649993886546
29.043547822608872,0.0002892831673005141
29.048547572621374,0.0007336794543758862
29.05354732263387,0.00046989225158503305
29.05854707264637,0.00031990389921456144
29.06354682265887,0.0003115400369506522
29.06854657267137,0.0008369751301655228
29.073546322683868,0.00021328578483267372
29.07854607269637,0.0008392561563373905
29.083545822708867,0.00046044206694129754
29.088545572721365,0.00036003174571351033
29.093545322733867,0.0004251380010365942
29.098545072746365,0.0008587768607346357
29.103544822758867,0.0007904122124470911
29.108544572771365,0.0004465320377132618
29.113544322783863,0.001016912440733927
29.118544072796364,0.0007860940377349134
29.123543822808863,0.00020059576841137858
29.12854357282136,0.0010923971831094852
29.133543322833862,0.0005720109129772966
29.13854307284636,0.0008721082641721317
29.14354282285886,0.0003965412084368905
29.14854257287136,0.0005762475602393972
29.153542322883858,0.00011731805842071258
29.15854207289636,0.0006139151332935208
29.163541822908858,7.557378241706332e-05
29.168541572921356,0.0007624852015658837
29.173541322933858,0.0003697819929791472
29.178541072946356,0.0006027372064645826
29.183540822958854,0.0005420648365736365
29.188540572971355,0.0006839256205710272
29.193540322983853,0.00029099704606799315
29.19854007299635,0.00046070684130759273
29.203539823008853,0.0004408328763249368
29.20853957302135,0.0007445584549994923
29.213539323033853,0.0004199889356324172
29.21853907304635,0.0004376137972830813
29.22353882305885,0.0004930706517940348
29.22853857307135,0.00035544459156346304
29.23353832308385,0.00040876238675970723
29.238538073096347,0.0012469275203348625
29.24353782310885,0.00014336636410662763
29.248537573121347,0.0009763380282118031
29.253537323133845,0.00034997388951748225
29.258537073146346,0.00027683529194999935
29.263536823158844,0.0005397473709763526
29.268536573171346,0.0004804780792914796
29.273536323183844,0.0004414969220298619
29.278536073196342,0.0006113048563594453
29.283535823208844,0.0005413654778707505
29.288535573221342,7.073172557259044e-05
29.29353532323384,0.0005219215461342786
29.29853507324634,0.0004200041445893663
29.30353482325884,0.0012152061367506123
29.308534573271338,0.0002931334972644697
29.31353432328384,0.0004239879122009425
29.318534073296338,0.0006457972406914219
29.32353382330884,0.0005724142018719205
29.328533573321337,0.0007057346247968797
29.333533323333835,0.00039533365953741247
29.338533073346337,0.0008082087643417781
29.343532823358835,0.00021337322850750387
29.348532573371333,0.0007118279635974023
29.353532323383835,0.0006459714991040707
29.358532073396333,0.0002555397014457885
29.36353182340883,0.0006202623659224102
29.368531573421333,0.00035405861078617444
29.37353132343383,0.00028777400435896894
29.378531073446332,0.0006863447286150694
29.38353082345883,0.00018766946175284387
29.38853057347133,0.0006498805678883047
29.39353032348383,0.00024991549326895077
29.398530073496328,0.0007597446724017715
29.403529823508826,0.0003432310904829942
29.408529573521328,0.0009895807763235622
29.413529323533826,0.0005852773111806629
29.418529073546324,0.00048518818438461153
29.423528823558826,0.00019742659444045663
29.428528573571324,0.000483200018846108
29.433528323583825,0.00040666071845910204
29.438528073596324,0.0003804017337073883
29.44352782360882,0.000314732233788344
29.448527573621323,0.0011474872582224098
29.45352732363382,7.911587077423186e-05
29.45852707364632,0.00022277245524820227
29.46352682365882,0.0003386203034436775
29.46852657367132,0.0007878569788047292
29.473526323683817,0.00047796350409211563
29.47852607369632,0.00047004852064595884
29.483525823708817,0.0006474827082131135
29.48852557372132,0.0010693700134023715
29.493525323733817,0.00041301659700662246
29.498525073746315,0.0005475188461699385
29.503524823758816,0.00038456111801061463
29.508524573771314,0.00016766924582226224
29.513524323783813,0.00033679256261012937
29.518524073796314,0.0005280844753110825
29.523523823808812,0.0005006953326880515
29.52852357382131,0.0009243047945878466
29.533523323833812,0.0008903030837972087
29.53852307384631,0.000764443811071848
29.54352282385881,0.0005352082750039862
29.54852257387131,0.0005749767590694445
29.553522323883808,0.00015305052545649625
29.55852207389631,0.0007109878102776771
29.563521823908808,0.0004231766560630692
29.568521573921306,0.00021858805471249083
29.573521323933807,0.0007441666212303793
29.578521073946305,0.0007055004708971409
29.583520823958803,0.00026933349760744637
29.588520573971305,0.00014930132417308463
29.593520323983803,0.00033977785422065085
29.598520073996305,0.0008068160851937331
29.603519824008803,0.0009751300179461432
29.6085195740213,0.0006048356259762958
29.613519324033803,0.00073550814277363
29.6185190740463,0.00053765159959883
29.6235188240588,0.0006023046760001514
29.6285185740713,0.00047356448686912644
29.6335183240838,0.0006502545232298157
29.638518074096297,0.0006276361962153945
29.643517824108798,0.0004581392907138488
29.648517574121296,0.00025674081304413477
29.653517324133798,0.00033310771280597957
29.658517074146296,0.0011515004861442635
29.663516824158794,0.00027579369807982624
29.668516574171296,0.0005699363398704127
29.673516324183794,0.0013069227296976292
29.678516074196292,0.0003272267927088665
29.683515824208794,0.0004503268887652491
29.68851557422129,0.00042938868982575577
29.69351532423379,0.00013052718433052393
29.69851507424629,0.000841022138943981
29.70351482425879,0.000267830253604348
29.70851457427129,0.00022626343256651712
29.71351432428379,0.0007499595857817053
29.718514074296287,0.0009267279942086683
29.72351382430879,0.0005849671880721292
29.728513574321287,0.0007609199488110027
29.733513324333785,0.0006576055758590841
29.738513074346287,0.00040443430222641144
29.743512824358785,0.0005653388428031625
29.748512574371283,0.000937248585716537
29.753512324383784,0.00033313740937525245
29.758512074396283,0.0005764640017412186
29.763511824408784,0.00022229332987332512
29.768511574421282,0.00042623222543566625
29.77351132443378,0.00064995767911597
29.778511074446282,0.0001534651052631341
29.78351082445878,0.000493213973502297
29.788510574471278,0.0002477764203687258
29.79351032448378,0.0001996915744638576
29.798510074496278,0.0010955155661502426
29.803509824508776,0.0005476088191472706
29.808509574521278,0.0003123003719664732
29.813509324533776,0.0005239753341113064
29.818509074546277,0.00045911381687865574
29.823508824558775,0.0005722427541856052
29.828508574571273,0.0007924718529471013
29.833508324583775,5.0185149833480795e-05
29.838508074596273,0.00044401377437790354
29.84350782460877,9.31491181745569e-06
29.848507574621273,0.0006051943678998336
29.85350732463377,0.0001060555766436782
29.85850707464627,0.0002370277150481446
29.86350682465877,0.0005812746145420937
29.86850657467127,0.00023938262889128554
29.87350632468377,0.0005149110258301933
29.87850607469627,0.0003913798084726265
29.883505824708767,0.0014369178165646477
29.88850557472127,0.0008408399478992789
29.893505324733766,0.00028942265247364186
29.898505074746264,0.00023349778599400804
29.903504824758766,0.000507876022453162
29.908504574771264,0.00019981116285206881
29.913504324783762,0.0005202093362267543
29.918504074796264,0.000479735699435045
29.923503824808762,0.0006186695565903145
29.928503574821264,7.671746176507338e-05
29.93350332483376,0.00039810287963310817
29.93850307484626,0.00032860482748731085
29.94350282485876,0.00022056470728744102
29.94850257487126,0.00039564153178432205
29.953502324883758,0.0002229133897790868
29.95850207489626,0.0012081182754044308
29.963501824908757,0.0004965506083952941
29.968501574921255,0.0009290099761608559
29.973501324933757,0.000700091871864469
29.978501074946255,0.00033732644275522847
29.983500824958757,0.0003029876049595423
29.988500574971255,6.747901316337867e-05
29.993500324983753,0.00042860833500282694
29.998500074996254,0.0009498608806780629
30.003499825008753,0.0003225718724262425
30.00849957502125,0.0002267843686855155
30.013499325033752,0.0002480680681240764
30.01849907504625,0.000771501625267249
30.02349882505875,0.0004648285152417468
30.02849857507125,0.0003534208260701314
30.033498325083748,0.0005577087865265919
30.03849807509625,0.0002394822653401454
30.043497825108748,0.0008718065544673669
30.048497575121246,0.00028663734335970976
30.053497325133748,0.00022582939840100344
30.058497075146246,0.0002734363059978805
30.063496825158744,0.00018335736071923875
30.068496575171245,0.00038861985567448514
30.073496325183743,0.0005131161021911149
30.07849607519624,0.0003648524222208194
30.083495825208743,0.00043857055980129164
30.08849557522124,0.0003419738077678193
30.093495325233743,0.00022934967900655582
30.09849507524624,0.0007474660347610515
30.10349482525874,0.0001675063770132266
30.10849457527124,0.0003454741234659339
30.11349432528374,0.0003370680511383471
30.118494075296237,0.0007039711423726042
30.12349382530874,0.0008104754019120989
30.128493575321237,0.00065438097364828
30.133493325333735,0.0007853808462161282
30.138493075346236,0.00037405113577822214
30.143492825358734,0.000713057680255402
30.148492575371236,0.0007082722656736934
30.153492325383734,0.0005416180714902621
30.158492075396232,0.0004562770412693131
30.163491825408734,0.00038410218735290336
30.168491575421232,0.000553648972151416
30.17349132543373,0.0003416375153815206
30.17849107544623,0.00047241837533032043
30.18349082545873,0.0004624785584249105
30.188490575471228,0.0007596195097923209
30.19349032548373,0.0009955867784641201
30.198490075496228,0.0009743015022203059
30.20348982550873,0.000527149839614154
30.208489575521227,0.00014286380753262296
30.213489325533725,2.66793220257499e-05
30.218489075546227,0.000537253125257765
30.223488825558725,0.00024333605898105426
30.228488575571223,0.0009010153381638237
30.233488325583725,0.00047731306349467755
30.238488075596223,0.0001363873166061565
30.24348782560872,0.0007362397650697609
30.248487575621223,0.0007744159419851267
30.25348732563372,0.00030067813702923146
30.258487075646222,0.0006802623262516849
30.26348682565872,0.00035212536984855945
30.26848657567122,0.0005725118938754253
30.27348632568372,0.0004048364169542378
30.278486075696218,0.0007046378754964449
30.283485825708716,0.00011516159733009568
30.288485575721218,0.0006187248255978771
30.293485325733716,0.0005269141565220967
30.298485075746214,0.0009612081873298188
30.303484825758716,0.0007256090074867136
30.308484575771214,0.0005034420883499427
30.313484325783715,0.000383091808199054
30.318484075796214,0.0003628089588006026
30.32348382580871,0.00023756156063304984
30.328483575821213,0.0008627805537719677
30.33348332583371,0.00014276657777688
30.33848307584621,0.0007475979494738464
30.34348282585871,0.0001642023407912567
30.34848257587121,0.0011178859639768132
30.353482325883707,0.00017283223504264655
30.35848207589621,0.00037715785304945376
30.363481825908707,0.0004693494084287246
30.36848157592121,8.198802287141235e-05
30.373481325933707,0.00013806923632889392
30.378481075946205,0.0006978676094544117
30.383480825958706,0.0004493451933904664
30.388480575971204,0.0005710634161746539
30.393480325983703,0.0003571537598210898
30.398480075996204,0.0005449364256539417
30.403479826008702,0.0005005071792147476
30.4084795760212,0.00055418734726682
30.413479326033702,0.0003631127833842231
30.4184790760462,0.00020686368910601558
30.4234788260587,0.00030265045591308724
30.4284785760712,0.00032979088694461194
30.433478326083698,9.081454834142147e-05
30.4384780760962,0.0007441890175406413
30.443477826108698,0.0004737216448982845
30.448477576121196,0.00018091707115512409
30.453477326133697,0.00019654076004737176
30.458477076146195,0.00015947048459063597
30.463476826158693,0.0004468862578538744
30.468476576171195,0.0005351572440156189
30.473476326183693,0.0007083078677595374
30.478476076196195,0.00021827358509477547
30.483475826208693,0.00045476673852434325
30.48847557622119,0.0007307551049963382
30.493475326233693,0.0006259044500145224
30.49847507624619,0.0005115680379662078
30.50347482625869,0.0006128291879873047
30.50847457627119,0.0002826185013944252
30.51347432628369,0.0005982004167872593
30.518474076296187,0.0004677167304414575
30.523473826308688,0.0002812408961434571
30.528473576321186,0.0004065399266015595
30.533473326333688,4.071226489872162e-05
30.538473076346186,0.0004177757800372612
30.543472826358684,0.0005657517980232846
30.548472576371186,0.00043113750817126196
30.553472326383684,0.00039279807212710065
30.558472076396182,0.0001386626470862268
30.563471826408684,8.020227723408358e-05
30.56847157642118,0.00021532524381862665
30.57347132643368,0.0003424963697309503
30.57847107644618,0.0006207772742250903
30.58347082645868,0.00039549329507282215
30.58847057647118,0.0003539849196306987
30.59347032648368,0.0004478026692116965
30.598470076496177,0.00010858141188147773
30.60346982650868,0.0005189927262026433
30.608469576521177,0.00029372800409750005
30.613469326533675,0.00025623883779926903
30.618469076546177,0.0005155028243615954
30.623468826558675,0.0005557825305993672
30.628468576571173,0.0007859550640548403
30.633468326583674,0.00018073884354999762
30.638468076596173,0.0003054568148181321
30.643467826608674,0.0006780501109064617
30.648467576621172,0.0007062146027585804
30.65346732663367,0.00014450066598729034
30.658467076646172,0.00024499643958563193
30.66346682665867,0.0007829863153570032
30.668466576671168,0.000183352106063378
30.67346632668367,0.00045465733675402757
30.678466076696168,0.00037362775948414476
30.683465826708666,0.0004170439519967395
30.688465576721168,0.00016955308957424656
30.693465326733666,0.000771679979105726
30.698465076746167,0.000700049273928852
30.703464826758665,0.0006292288944537449
30.708464576771163,0.0005345089911970707
30.713464326783665,0.0005602883533083564
30.718464076796163,0.000574542233109856
30.72346382680866,0.000569341946176203
30.728463576821163,5.2171937853148704e-05
30.73346332683366,0.0002854610948535654
30.73846307684616,0.00025571287615017363
30.74346282685866,0.0008681340380820475
30.74846257687116,0.0008187250550778311
30.75346232688366,0.0005853738330319764
30.75846207689616,0.0005606807643889824
30.763461826908657,0.0006744422081779743
30.76846157692116,0.00024639878680408764
30.773461326933656,0.0001837457687777474
30.778461076946154,0.0008002243226859523
30.783460826958656,0.00022839510717417722
30.788460576971154,0.00030627378936744616
30.793460326983652,0.0004981021324676564
30.798460076996154,0.00047634053719187747
30.803459827008652,0.00025388165132918293
30.808459577021154,0.00011636512595131619
30.81345932703365,0.00036504625257857367
30.81845907704615,0.0006464533195738823
30.82345882705865,0.00034488972725167427
30.82845857707115,0.00034190420943632996
30.833458327083648,7.348489351280482e-05
30.83845807709615,0.0004993767162915775
30.843457827108647,0.0005172743322594496
30.848457577121145,0.00037755767162910963
30.853457327133647,0.00017490489498167615
30.858457077146145,0.00014832293775322148
30.863456827158647,0.0005680156093860975
30.868456577171145,0.0001348411243333453
30.873456327183643,0.000568137027672087
30.878456077196144,0.0003293406267950226
30.883455827208643,0.0006106707242134615
30.88845557722114,0.0007390680348467163
30.893455327233642,0.0003432545260319756
30.89845507724614,0.0005551011823701158
30.90345482725864,0.0008275734305470329
30.90845457727114,0.0006929804174387462
30.913454327283638,0.0005684279621923133
30.91845407729614,0.0004072263369488392
30.923453827308638,0.0007053020784334984
30.928453577321136,0.0005242265380616728
30.933453327333638,0.00043251057911865276
30.938453077346136,0.00035150559986029127
30.943452827358634,0.00034142601807428115
30.948452577371135,0.00014506498938513933
30.953452327383634,0.0002718167524797204
30.95845207739613,0.0007314998454062531
30.963451827408633,0.0005029187689523146
30.96845157742113,0.0006538675778458679
30.973451327433633,0.0004913066107606266
30.97845107744613,0.0007015535643375572
30.98345082745863,0.000447883719840562
30.98845057747113,0.0009190360272668241
30.99345032748363,0.00012158474799029247
30.998450077496127,0.0004314939270979551
31.00344982750863,0.0007715479882331444
31.008449577521127,0.00036027947492275463
31.013449327533625,0.0006157178461212196
31.018449077546126,0.0007804583293240017
31.023448827558624,0.0005889642454864369
31.028448577571126,0.0002781061594365997
31.033448327583624,0.0006699713944399298
31.038448077596122,0.0008746812141000265
31.043447827608624,0.0004904509773063205
31.048447577621122,0.0005281358885339865
31.05344732763362,0.0006460267006456345
31.05844707764612,0.0008474092531976615
31.06344682765862,0.0006449395079503496
31.068446577671118,0.00042204461305072027
31.07344632768362,0.0007905926452623336
31.078446077696118,0.00043247727286513686
31.08344582770862,0.00030875629026251496
31.088445577721117,0.0003198439317346106
31.093445327733615,0.0003094247886405805
31.098445077746117,0.00022269520633591964
31.103444827758615,0.0004953633758210322
31.108444577771113,0.00033964856394812367
31.113444327783615,0.00025962263860800745
31.118444077796113,0.0003881183266084097
31.12344382780861,0.0004435185049943232
31.128443577821113,0.0009546306227001546
31.13344332783361,0.00011684309687927463
31.138443077846112,0.0003822182184975411
31.14344282785861,0.0008163885676231275
31.14844257787111,9.578255716826291e-05
31.15344232788361,0.0003221863331341459
31.158442077896108,0.0007279955436663588
31.163441827908606,0.0007513584016035805
31.168441577921108,0.0002984560716165406
31.173441327933606,0.00029233447418023256
31.178441077946104,0.00027369069792319834
31.183440827958606,0.00017577673199568525
31.188440577971104,0.0003801454360541689
31.193440327983605,0.001010002256195912
31.198440077996104,1.108315288145576e-05
31.2034398280086,0.00017439210033092577
31.208439578021103,0.0004457672003140695
31.2134393280336,0.0004730962764996843
31.2184390780461,0.000776469698006607
31.2234388280586,0.0002459316627056403
31.2284385780711,0.0003204980099846707
31.233438328083597,0.0001260916430136992
31.2384380780961,0.00033934957615854873
31.243437828108597,0.0008629154895071741
31.2484375781211,0.0002239677867778781
31.253437328133597,0.000750559967074162
31.258437078146095,0.0006684765621456765
31.263436828158596,0.0003638396256795602
31.268436578171094,0.00011814732734349517
31.273436328183593,0.0005960408425169219
31.278436078196094,0.0006512468748851138
31.283435828208592,0.0003972659628857681
31.28843557822109,0.0008338548304037559
31.293435328233592,0.00010211441718633794
31.29843507824609,0.0003711104449369886
31.30343482825859,0.00032148827840944517
31.30843457827109,0.00037176038021993345
31.313434328283588,0.0010605071363890871
31.31843407829609,0.0008578768518713649
31.323433828308588,0.0004285349915947464
31.328433578321086,0.00027941899827836836
31.333433328333587,0.0007868615438692561
31.338433078346085,0.0003104855213092205
31.343432828358583,0.0002545103862697645
31.348432578371085,0.00048462798153394907
31.353432328383583,0.00031165132732399097
31.358432078396085,0.0003674586619229711
31.363431828408583,0.0004959488066001356
31.36843157842108,0.00019719547313824893
31.373431328433583,0.000318303191629378
31.37843107844608,0.0006933444210548893
31.38343082845858,0.00021622014555186517
31.38843057847108,0.0006597801403736415
31.39343032848358,0.0007009368144625965
31.398430078496077,0.00038805852894775397
31.40342982850858,0.00026397993275915834
31.408429578521076,0.00016950355459365702
31.413429328533578,0.00033510193013027334
31.418429078546076,0.00040748590495123685
31.423428828558574,0.0005008809801417402
31.428428578571076,0.0008949374919156725
31.433428328583574,0.0003590323123720237
31.438428078596072,0.0008272100495841587
31.443427828608574,9.534600668394332e-05
31.44842757862107,0.0006032482390631209
31.45342732863357,0.0004789230296196867
31.45842707864607,0.0005882018804241599
31.46342682865857,0.00022425128544630873
31.46842657867107,0.0006414035315509526
31.47342632868357,0.0006881695301672994
31.478426078696067,0.000208234748300914
31.48342582870857,0.0006997883525642821
31.488425578721067,0.0003985034508712803
31.493425328733565,0.000518285158785016
31.498425078746067,0.0006626858930142587
31.503424828758565,0.00015753337803118544
31.508424578771063,0.00022720498852114325
31.513424328783564,0.0003089443115574721
31.518424078796063,0.0006917928554956101
31.523423828808564,0.0009414627664798154
31.528423578821062,0.00015803411109389378
31.53342332883356,0.00037071745087114566
31.538423078846062,0.0003716628768806575
31.54342282885856,0.00023906527314743298
31.548422578871058,0.0006144418469431571
31.55342232888356,0.00022373869649544033
31.558422078896058,0.00031184398962129476
31.563421828908556,0.00021395425991036082
31.568421578921058,0.00023243070244727436
31.573421328933556,0.0005840292283770833
31.578421078946057,0.0006541259479670283
31.583420828958555,0.0005342221749574865
31.588420578971053,9.153903598085856e-05
31.593420328983555,0.0006216096922973282
31.598420078996053,0.000445019708054105
31.60341982900855,0.0003866634220353978
31.608419579021053,0.0007611453212819329
31.61341932903355,0.0001402768184334638
31.61841907904605,0.0005734878974930724
31.62341882905855,0.0007502776790209157
31.62841857907105,0.0002902026259957535
31.63341832908355,0.0007983401047962986
31.63841807909605,0.00023635511977865457
31.643417829108547,0.00021174974610149746
31.64841757912105,0.0008745287824448034
31.653417329133546,0.0005246318641028646
31.658417079146044,0.00039199905588355025
31.663416829158546,0.0004907317547460473
31.668416579171044,0.000494314103183726
31.673416329183542,0.0002188648761316058
31.678416079196044,0.00019073707233974892
31.683415829208542,0.0008261063991833536
31.688415579221044,0.00021914320072019894
31.69341532923354,0.00031833620911091615
31.69841507924604,9.708787243029909e-05
31.70341482925854,0.00044712077866352837
31.70841457927104,0.0005832903698543135
31.713414329283538,0.0006485332199062018
31.71841407929604,0.0005923559728679198
31.723413829308537,0.00010322546915903024
31.728413579321035,0.0003599242301287412
31.733413329333537,0.000359176405161413
31.738413079346035,0.000826435649426408
31.743412829358537,0.000319953910525526
31.748412579371035,0.00034981546690966876
31.753412329383533,0.0005168226475550263
31.758412079396034,0.00055634663493749
31.763411829408533,0.0002151808268748285
31.76841157942103,0.00022107385464293437
31.773411329433532,0.00018322391981700505
31.77841107944603,0.0005807732353429103
31.78341082945853,0.0006565742869876995
31.78841057947103,0.0005010968920339529
31.793410329483528,0.00027213753374984753
31.79841007949603,0.0004898792785392859
31.803409829508528,0.0005216106419833235
31.808409579521026,0.0001879242243268187
31.813409329533528,0.0002969220632583076
31.818409079546026,0.00019227444737066808
31.823408829558524,8.328683709429873e-05
31.828408579571025,0.00030665113748887376
31.833408329583524,0.00027226497890863393
31.83840807959602,0.00015857317903277262
31.843407829608523,0.0005246192231798251
31.84840757962102,0.000225779487578086
31.853407329633523,0.0004857283483424855
31.85840707964602,0.00016700058766428295
31.86340682965852,0.0007404258477340557
31.86840657967102,0.0004743007992053646
31.87340632968352,0.0001478773599456629
31.878406079696017,0.00034344126736612934
31.88340582970852,0.0008527203147957607
31.888405579721017,0.00037823311663875606
31.893405329733515,0.000353721613413621
31.898405079746016,0.0005673140601100436
31.903404829758514,0.0006947210324185009
31.908404579771016,0.00024323164657149188
31.913404329783514,0.00037184860205799014
31.918404079796012,0.0003559182012242335
31.923403829808514,0.0005145743795712272
31.928403579821012,0.0005869083391746287
31.93340332983351,0.0005399017688886409
31.93840307984601,0.0002438881150379775
31.94340282985851,0.00019601617660293809
31.948402579871008,0.00022442486560670917
31.95340232988351,0.0001849462839999052
31.958402079896008,0.0003248081354971417
31.96340182990851,0.0005219325290194678
31.968401579921007,0.0005126441139053582
31.973401329933505,0.00010715688660256593
31.978401079946007,0.0010660238437180292
31.983400829958505,0.00013772053682315987
31.988400579971003,0.0003316877429097841
31.993400329983505,0.000597305835104535
31.998400079996003,0.0006275406231746118
32.003399830008505,0.0006281589050289926
32.008399580021,0.00035732689055195644
32.0133993300335,0.0002926260282936054
32.018399080046,0.0008872914110931035
32.0233988300585,0.0003796414444776018
32.028398580071,0.00016994469715533633
32.0333983300835,0.0005601405772210749
32.038398080096,9.158515287653542e-05
32.043397830108496,0.00029915176845105815
32.048397580121,0.0006239089036340203
32.0533973301335,0.00017565295905009213
32.058397080145994,0.00032950724957759084
32.063396830158496,0.00024208805491211853
32.068396580171,0.0003285738689743897
32.07339633018349,0.00020247052943351792
32.07839608019599,0.00035993967616091576
32.083395830208495,0.0002867507891281828
32.08839558022099,0.0006109180456634353
32.09339533023349,0.0004001865881871919
32.09839508024599,0.00042028086498319383
32.10339483025849,0.00041936532971008437
32.10839458027099,0.0002625217689530343
32.11339433028349,0.0007070016979892704
32.118394080295985,0.00015698312416325793
32.12339383030849,0.00016993246267950872
32.12839358032099,0.00011686511065226685
32.13339333033348,0.00029912428245228064
32.138393080345985,0.0002504882395674584
32.143392830358486,0.0004805814724554504
32.14839258037099,0.000394455868190741
32.15339233038348,0.00035337063201391824
32.158392080395984,0.00035856654584573406
32.163391830408486,0.0003352381645453666
32.16839158042098,0.0004886532365164911
32.17339133043348,0.0002684838373634854
32.178391080445984,0.0005230181445744064
32.18339083045848,0.0005218771842778361
32.18839058047098,0.00047592231113701734
32.19339033048348,0.00041547147744930947
32.198390080495976,0.00026384667567883524
32.20338983050848,0.0007848202850998566
32.20838958052098,0.0002032829246069342
32.213389330533474,0.00014124289457834372
32.218389080545975,0.00018975455774299156
32.22338883055848,0.00026156161006977443
32.22838858057097,8.933822275354447e-05
32.23338833058347,0.0010035685866257595
32.238388080595975,0.0007757328959409759
32.24338783060847,0.00018454907595873732
32.24838758062097,0.0003255254083170436
32.25338733063347,0.0003517127794275384
32.258387080645974,0.0009836271239366473
32.26338683065847,0.00010148012882723063
32.26838658067097,0.00016364376766145658
32.27338633068347,0.00037847511310568354
32.27838608069597,0.00018700895490872152
32.28338583070847,0.0005162687185101357
32.28838558072097,0.00043293090400388227
32.293385330733464,0.0007044490552943611
32.298385080745966,0.00045425184592011783
32.30338483075847,0.0005411536928886258
32.30838458077096,0.00037684107114958074
32.313384330783464,0.0003193814981083836
32.318384080795965,0.0006150196791493114
32.32338383080846,0.0003561534193396553
32.32838358082096,0.00037715251433146984
32.33338333083346,0.0004018675032564144
32.33838308084596,0.00031596687019593835
32.34338283085846,7.588174070865422e-05
32.34838258087096,0.0004078619742137352
32.353382330883456,0.00032870867766816115
32.35838208089596,0.0005578601369978831
32.36338183090846,0.0006063760730509514
32.36838158092096,9.330104498282222e-05
32.373381330933455,7.540043826664919e-05
32.37838108094596,5.6499219272229594e-05
32.38338083095846,0.00015365554526402509
32.38838058097095,0.0006377706260579591
32.393380330983454,0.0004193301176319764
32.398380080995956,8.73309780936955e-05
32.40337983100845,0.00026821571598023406
32.40837958102095,0.00026782412181800713
32.413379331033454,0.0005211690065881397
32.41837908104595,0.0006419422422625136
32.42337883105845,0.0006104190011412587
32.42837858107095,0.00018433968910802658
32.433378331083446,0.0007040160866435684
32.43837808109595,0.00019356768571508813
32.44337783110845,0.0003838646045924813
32.448377581120944,0.00010025330558165555
32.453377331133446,0.0005879554324925815
32.45837708114595,0.00027431192961156943
32.46337683115844,0.0005179912974102685
32.46837658117094,0.0008009851927407341
32.473376331183445,7.249337471217213e-06
32.47837608119595,0.0005113919362825909
32.48337583120844,0.0005628674987528488
32.48837558122094,0.00012011380596498062
32.493375331233445,9.204874597157567e-05
32.49837508124594,0.0003980811238487304
32.50337483125844,0.00044581332762321456
32.50837458127094,4.765708093748909e-05
32.51337433128344,0.0003677325142460702
32.51837408129594,0.00029853841492448105
32.52337383130844,0.00028645737739691894
32.528373581320935,0.00035134381538322426
32.533373331333436,0.0008746118220699256
32.53837308134594,0.00014904476041572616
32.54337283135843,0.0003444910005508664
32.548372581370934,0.000774831651921664
32.553372331383436,0.00026629051841591325
32.55837208139593,0.0002272080447421938
32.56337183140843,0.0011465364649861553
32.568371581420934,0.0007048300115088858
32.57337133143343,0.0004283015583417385
32.57837108144593,0.00037641094958994827
32.58337083145843,0.00028343702245110504
32.58837058147093,0.000535983915698182
32.59337033148343,0.0002504594046884169
32.59837008149593,0.000357349327450829
32.60336983150843,0.00015008526858258735
32.608369581520925,0.0001895678262845919
32.61336933153343,0.0003439359701099398
32.61836908154593,0.0005757068054057748
32.62336883155842,7.599595391391454e-05
32.628368581570925,8.328395288034807e-05
32.633368331583426,0.00028539369351894664
32.63836808159592,0.0007116016242823577
32.64336783160842,0.0004594350098287127
32.648367581620924,0.0005899197850348896
32.65336733163342,0.00027402476930384723
32.65836708164592,0.0003369134969686887
32.66336683165842,0.00029375067870867646
32.66836658167092,0.0006907934595626107
32.67336633168342,0.00011593450095797049
32.67836608169592,0.000491769771453255
32.683365831708414,0.00024288577385758422
32.688365581720916,0.00022084604030501623
32.69336533173342,8.933659977594369e-05
32.69836508174592,0.0002827988817815175
32.703364831758414,0.0005368787276622528
32.708364581770915,0.0005764531141039725
32.71336433178342,0.0003842224911524718
32.71836408179591,0.0004942448800108042
32.72336383180841,0.00010205229284916394
32.728363581820915,0.0005183895627356543
32.73336333183341,0.0004223353382649473
32.73836308184591,7.808709823030387e-05
32.74336283185841,0.0003373981896486611
32.74836258187091,0.0002932294124541991
32.75336233188341,0.00020632702029042268
32.75836208189591,3.5750620487654877e-05
32.763361831908405,0.0002780657601190554
32.76836158192091,0.00031569467678645044
32.77336133193341,0.00025211182345891706
32.7783610819459,0.00027240108780256033
32.783360831958404,0.0002970977395544004
32.788360581970906,0.0002646036630212784
32.7933603319834,0.0005367882166226309
32.7983600819959,0.0001615655682475947
32.803359832008404,0.00018473362212095745
32.808359582020906,0.00037334273959941885
32.8133593320334,0.0008623142644311034
32.8183590820459,0.00023687252657318114
32.8233588320584,0.00021506767747312187
32.8283585820709,0.0002685234438037791
32.8333583320834,7.227293680335207e-05
32.8383580820959,0.0002412923572469392
32.843357832108396,5.514984794500161e-05
32.8483575821209,0.0002966666075239992
32.8533573321334,0.00043847319195170056
32.85835708214589,0.0001175392564641809
32.863356832158395,0.0006173397759761302
32.8683565821709,0.00018779341822355982
32.87335633218339,0.0002838851719398153
32.87835608219589,0.00024577532312052827
32.883355832208395,0.0005452868594162345
32.88835558222089,0.0004696380026236118
32.89335533223339,0.0004507128785743614
32.89835508224589,0.00026142391796574936
32.90335483225839,0.000323457204602658
32.90835458227089,0.00034712567398094847
32.91335433228339,0.00020286307616602567
32.91835408229589,0.00039066271581694127
32.923353832308386,0.0002852042255841255
32.92835358232089,0.00020006444320596825
32.93335333233339,0.0003008252139036047
32.938353082345884,0.00020556521278256205
32.943352832358386,0.000678661479881087
32.94835258237089,0.0001519967182912333
32.95335233238338,0.00026295846744200674
32.95835208239588,0.0003216392670261579
32.963351832408385,0.0006145479163982532
32.96835158242088,0.00043450379541393365
32.97335133243338,0.0001579095099611694
32.97835108244588,0.00012491796384713096
32.98335083245838,0.0007936923306430533
32.98835058247088,3.475646571972275e-05
32.99335033248338,0.00023668602187138573
32.998350082495875,0.0001244001098504338
33.00334983250838,0.0005378507417179902
33.00834958252088,0.00020925376331980332
33.01334933253337,0.00035015819488775897
33.018349082545875,9.976462955067381e-05
33.023348832558376,0.0003478543138942475
33.02834858257088,0.0004846819008755423
33.03334833258337,7.906812072963389e-05
33.038348082595874,0.0002686921474132345
33.043347832608376,0.00036313695787942277
33.04834758262087,0.0006521739658839153
33.05334733263337,0.00022567843289204384
33.058347082645874,0.0005375986099063547
33.06334683265837,0.0003116869026609385
33.06834658267087,0.00038442244721560617
33.07334633268337,0.0007509447264648805
33.078346082695866,4.8100775384150506e-05
33.08334583270837,0.0002474254915311062
33.08834558272087,5.615422327629674e-05
33.093345332733364,0.00036521111138952754
33.098345082745865,0.0003298081794744399
33.10334483275837,0.000488431614049815
33.10834458277086,0.0006001567367506947
33.11334433278336,0.000201306897943944
33.118344082795865,0.00014368305970519538
33.12334383280836,0.00026271659716916044
33.12834358282086,0.0005361133338915923
33.13334333283336,0.0001773829175716288
33.138343082845864,0.0007922185850933996
33.14334283285836,0.00016340862927745914
33.14834258287086,0.0003249847699566722
33.15334233288336,0.0002654023236673477
33.15834208289586,0.00031023821200799434
33.16334183290836,0.00025876825835176624
33.16834158292086,0.0006885158451033633
33.173341332933354,0.0007194294874718394
33.178341082945856,0.00013295031044390255
33.18334083295836,0.0006113105020848639
33.18834058297085,0.0002391275694547878
33.193340332983354,0.00011720120623718281
33.198340082995855,0.0003907532419289534
33.20333983300835,6.363741239957956e-05
33.20833958302085,0.0001971920610502046
33.21333933303335,0.00014330163363778282
33.21833908304585,0.000731083303156636
33.22333883305835,8.003001481989191e-05
33.22833858307085,0.00019650339826669143
33.233338333083346,0.00038054316939196763
33.23833808309585,7.728190050764101e-05
33.24333783310835,0.0004728327754201546
33.24833758312085,0.0004793343655790524
33.253337333133345,7.615404984959597e-05
33.25833708314585,0.00016414699331860412
33.26333683315835,0.00037107856519552374
33.26833658317084,0.00017922904929446555
33.273336333183344,0.00010663952284152004
33.278336083195846,0.00034947645135010436
33.28333583320834,0.00048099805423243707
33.28833558322084,0.0002652097711405375
33.293335333233344,0.0004933086179992769
33.29833508324584,0.0006472843277838955
33.30333483325834,0.00016842344305308493
33.30833458327084,0.0003345306296176905
33.313334333283336,0.0005242669128606696
33.31833408329584,0.0002635359977535996
33.32333383330834,0.00025298035844101426
33.328333583320834,0.0004150944454282646
33.333333333333336,0.00021812126345886843
33.33833308334584,0.0004108580789921632
33.34333283335833,0.0005454657358259157
33.34833258337083,9.590080729223722e-05
33.353332333383335,0.00015730115641383804
33.35833208339584,0.00034646217831280096
33.36333183340833,0.00012591569816762673
33.36833158342083,0.00018983895053403262
33.373331333433335,0.00036061088639913885
33.37833108344583,0.0003224007324654094
33.38333083345833,6.028098075987403e-05
33.38833058347083,0.00016767863958293034
33.39333033348333,0.00015239523455839362
33.39833008349583,0.0004703835297170994
33.40332983350833,0.0004967804037165513
33.408329583520825,0.0004779597252641577
33.413329333533326,0.00020705324636393033
33.41832908354583,0.00025888575051267093
33.42332883355832,0.00023683716056277333
33.428328583570824,0.0005273719442570054
33.433328333583326,0.0002985967593713367
33.43832808359582,0.00015216538146058816
33.44332783360832,0.00038894771067290085
33.448327583620824,0.00013759625430149683
33.45332733363332,0.00030454523113549966
33.45832708364582,0.00037760153849103543
33.46332683365832,0.00019533884023049036
33.46832658367082,0.00020472709557345484
33.47332633368332,0.0002474455555260448
33.47832608369582,0.0003453700380751569
33.48332583370832,0.00026113458592952137
33.488325583720815,0.0004026132620269938
33.49332533373332,0.00012677548408944686
33.49832508374582,0.0002309502831172473
33.50332483375831,0.00040313091283239997
33.508324583770815,0.00013895554936598292
33.513324333783316,0.0002661212692061791
33.51832408379581,0.00013431048537247694
33.52332383380831,0.0002800159535995639
33.528323583820814,0.00047594989868813675
33.53332333383331,9.807700340653415e-05
33.53832308384581,0.000368409732610395
33.54332283385831,0.00014877165990805847
33.54832258387081,0.0005542777468143091
33.55332233388331,0.0006790338078591757
33.55832208389581,0.00031607690263880516
33.563321833908304,0.0002588838187669271
33.568321583920806,0.00028545516972841415
33.57332133393331,0.00036767428711605247
33.57832108394581,0.0004294328446121855
33.583320833958304,0.00024060179259941742
33.588320583970805,0.0002312160249541954
33.59332033398331,0.0003545787817214922
33.5983200839958,0.0001714649093572495
33.6033198340083,0.00014767027813467873
33.608319584020805,7.637816516927456e-05
33.6133193340333,8.759130276498959e-05
33.6183190840458,0.00020236827229509565
33.6233188340583,0.00019458826182190258
33.6283185840708,4.868898709634836e-05
33.6333183340833,0.0002336933417289679
33.6383180840958,0.00013160074067845116
33.643317834108295,8.477097682792567e-05
33.6483175841208,0.0003783926275069412
33.6533173341333,0.00035294937157427544
33.65831708414579,0.0001624936727224654
33.663316834158294,0.00011811686318345248
33.668316584170796,8.907267561509053e-05
33.67331633418329,8.046974158776815e-05
33.67831608419579,0.0002508660988901807
33.683315834208294,0.0003056053983578929
33.688315584220796,0.00032634293353178847
33.69331533423329,0.00041099334762119703
33.69831508424579,0.0004633889053450517
33.70331483425829,0.0003058103742669984
33.70831458427079,0.00016710377744624873
33.71331433428329,0.000213671647074939
33.71831408429579,0.000265268743605459
33.723313834308286,0.0001769147379687148
33.72831358432079,0.0005079148115070328
33.73331333433329,0.000162314359466239
33.73831308434578,0.00015702230313408065
33.743312834358285,0.00037875206966304865
33.74831258437079,0.0002617066670639299
33.75331233438328,0.0002958285629914808
33.75831208439578,0.00018994945131204345
33.763311834408285,0.0002379666582723575
33.76831158442078,0.0006573826856965617
33.77331133443328,0.0002559114432412438
33.77831108444578,0.0004405425010261558
33.78331083445828,0.0002539430603915328
33.78831058447078,0.0005027487340819532
33.79331033448328,0.0003631751350557475
33.79831008449578,0.0001739945287672073
33.803309834508276,0.00021090556289062365
33.80830958452078,0.0002625869864188404
33.81330933453328,0.0003307349774650038
33.818309084545774,0.0004883189477303936
33.823308834558276,0.00027474535335483846
33.82830858457078,0.0001025744722334465
33.83330833458327,0.00013520817173830497
33.83830808459577,0.0004188179667102443
33.843307834608275,0.0001618800640454569
33.84830758462077,0.00023506738102556553
33.85330733463327,9.06868344049718e-05
33.85830708464577,0.0005490451696906685
33.86330683465827,0.00045058149626151813
33.86830658467077,0.00024752665356046484
33.87330633468327,0.00012554294892826222
33.878306084695765,0.0006431219374616658
33.88330583470827,0.00040542266608236516
33.88830558472077,0.00029110349803143865
33.89330533473326,0.0003885500390596232
33.898305084745765,0.00035018265179553057
33.903304834758266,0.0004071153107958394
33.90830458477077,0.00013738219439430948
33.91330433478326,0.00031071437439494047
33.918304084795764,0.00016106406232848318
33.923303834808266,0.00028139333238178443
33.92830358482076,0.00029563560949197776
33.93330333483326,0.0002697351622098554
33.938303084845764,0.0002002899770275374
33.94330283485826,0.00026155294518648693
33.94830258487076,4.5362871273678154e-05
33.95330233488326,0.00013939826871898255
33.958302084895756,0.00010079517694742977
33.96330183490826,5.883525088161212e-05
33.96830158492076,0.00018890715460716275
33.973301334933254,0.0001693508815689695
33.978301084945755,0.0002085430245035243
33.98330083495826,0.00017416970251652236
33.98830058497075,0.0001467702724441811
33.99330033498325,0.00014561698401760755
33.998300084995755,0.00030976633066914647
34.00329983500825,0.00036586785652833933
34.00829958502075,0.00019284768599398536
34.01329933503325,0.00017161902970160188
34.018299085045754,0.0003111433215508099
34.02329883505825,0.00020503577588673656
34.02829858507075,0.00011974093541361099
34.03329833508325,0.00011040483257230688
34.03829808509575,0.00011802397442627684
34.04329783510825,0.0004716375503513377
34.04829758512075,0.000452411088988906
34.053297335133244,0.0003882035117612684
34.058297085145746,0.0005097895392136034
34.06329683515825,0.00029223572078532266
34.06829658517074,0.0003777595119766335
34.073296335183244,0.00014177112562898498
34.078296085195745,0.00026565297140999174
34.08329583520824,0.00012195276055369026
34.08829558522074,0.00019793055168270998
34.09329533523324,0.00025841700673644597
34.09829508524574,7.379959633813758e-05
34.10329483525824,0.0001409309240741449
34.10829458527074,0.00014510895794870202
34.113294335283236,0.0003700085298715608
34.11829408529574,0.0002718772741633804
34.12329383530824,0.0002648897132744543
34.12829358532074,0.00025662539910347213
34.133293335333235,0.00016125621094681926
34.13829308534574,0.0002701223277519994
34.14329283535824,1.2632129971438455e-05
34.14829258537073,0.0004642122393995122
34.153292335383235,0.0002744402729267151
34.158292085395736,0.00040737648131369624
34.16329183540823,0.00024805093972170685
34.16829158542073,8.908459099855717e-05
34.173291335433234,0.0002355097885635684
34.17829108544573,0.0005726920947980193
34.18329083545823,0.0003030152799685475
34.18829058547073,0.00011308333165858464
34.193290335483226,7.731540026961755e-05
34.19829008549573,0.00012036733877540371
34.20328983550823,0.00027861366749911765
34.208289585520724,0.0005370832336190736
34.213289335533226,0.00021677768822107778
34.21828908554573,0.00017791199317790596
34.22328883555823,0.00031536453325790696
34.22828858557072,0.00015527278412070955
34.233288335583225,0.00029560645253664603
34.23828808559573,7.751975607797212e-05
34.24328783560822,0.00020566976161327265
34.24828758562072,0.00018675086246477198
34.253287335633225,0.0004468315537674083
34.25828708564572,0.0003627313932937804
34.26328683565822,9.064087135284348e-05
34.26828658567072,0.0005198091445410015
34.27328633568322,0.00013213311165062716
34.27828608569572,0.00022500017587573893
34.28328583570822,0.0003695935290202416
34.288285585720715,0.00021245627566920936
34.293285335733216,8.858081773466244e-05
34.29828508574572,0.00025328035311639814
34.30328483575821,5.105162822063806e-05
34.308284585770714,0.00018320963549804084
34.313284335783216,0.00012084647887460563
34.31828408579571,0.00026943715583102856
34.32328383580821,0.0002957285433295581
34.328283585820714,0.000310985448046817
34.333283335833215,0.0002716676153124356
34.33828308584571,0.0002627178409817064
34.34328283585821,5.8369939507063255e-05
34.34828258587071,0.0005062750854399662
34.35328233588321,6.0610129158872586e-05
34.35828208589571,0.0005124668178851961
34.36328183590821,0.0004493918443778003
34.368281585920705,0.00028174701439559284
34.37328133593321,0.00024700497054183835
34.37828108594571,0.0002029082054412917
34.3832808359582,0.0002521849955696973
34.388280585970705,0.0003094308204139317
34.393280335983206,8.54883421098043e-05
34.3982800859957,0.00010584078077936902
34.4032798360082,0.00022250532517852005
34.408279586020704,0.00031678622292188256
34.4132793360332,0.0002455015701892061
34.4182790860457,0.00024108698575118462
34.4232788360582,0.0002771967906670735
34.4282785860707,0.0002372436955865243
34.4332783360832,0.00012087715870393446
34.4382780860957,0.00046509301431365803
34.4432778361082,6.297936773706042e-05
34.448277586120696,0.00015579234730410296
34.4532773361332,0.00014962991770140955
34.4582770861457,0.00020859409472385136
34.463276836158194,0.0002146059273162896
34.468276586170695,0.00033913470572712284
34.4732763361832,0.00017973063061822722
34.47827608619569,0.00015761468624725172
34.48327583620819,0.000365437970531518
34.488275586220695,7.405726890992493e-05
34.49327533623319,0.00014646210282594688
34.49827508624569,0.00018646300025614143
34.50327483625819,0.00024315562516864545
34.50827458627069,0.00024442912073555014
34.51327433628319,0.00018789924767415682
34.51827408629569,0.00031012805544488887
34.523273836308185,0.00019547447549719216
34.52827358632069,0.0004766156466632934
34.53327333633319,0.00016913742784779146
34.53827308634568,5.387753659536367e-05
34.543272836358184,0.00023837520605811437
34.548272586370686,0.00011592560028719048
34.55327233638319,9.995442227287004e-05
34.55827208639568,0.0001590373316938312
34.563271836408184,0.00029141147963594364
34.568271586420686,3.035849666017273e-07
34.57327133643318,5.5297043600177934e-05
34.57827108644568,0.00030067485663176234
34.58327083645818,0.0002387292826907283
34.58827058647068,0.0002481869016059975
34.59327033648318,0.00018927792782297712
34.59827008649568,0.0003810935358465905
34.603269836508176,0.00022927964852594894
34.60826958652068,0.00016212544411771103
34.61326933653318,0.0001766039277443618
34.61826908654567,0.00017025729712711528
34.623268836558175,0.00021424293797898145
34.62826858657068,0.00034799972387546607
34.63326833658317,3.793597451368083e-05
34.63826808659567,0.00031067696057789703
34.643267836608175,0.0004260298655420857
34.64826758662067,0.00019320141398602753
34.65326733663317,0.00012048277213625179
34.65826708664567,0.00027780167492316444
34.663266836658174,0.0004299152483184168
34.66826658667067,0.000154603288505454
34.67326633668317,0.00017631575756663277
34.67826608669567,0.0002822541885045051
34.683265836708166,0.0001959255912948215
34.68826558672067,0.00033973067444792004
34.69326533673317,4.710382001377753e-05
34.698265086745664,0.00035259898348363554
34.703264836758166,0.00022424871327550122
34.70826458677067,0.00029479471128368345
34.71326433678316,0.0004191973564002015
34.718264086795664,0.00010441819393726366
34.723263836808165,9.343140489960167e-05
34.72826358682066,0.0002111317290039266
34.73326333683316,0.00011372454707753307
34.73826308684566,0.00028405801483308085
34.74326283685816,7.626569673267594e-05
34.74826258687066,0.00012343939866715455
34.75326233688316,0.000255363087608495
34.758262086895655,0.00038148649403806556
34.76326183690816,0.0004906845368674223
34.76826158692066,0.00014629929992542306
34.77326133693316,0.00023454165660677674
34.778261086945655,0.00033249195236022754
34.783260836958156,0.00021180881059230532
34.78826058697066,0.00027900886223355324
34.79326033698315,0.00023181467172069973
34.798260086995654,0.0002340187811399387
34.803259837008156,0.00021722137069701543
34.80825958702065,9.212519490956817e-05
34.81325933703315,0.00021051860818248217
34.818259087045654,5.787613918520968e-05
34.82325883705815,0.00019909976150862468
34.82825858707065,0.000355826056141694
34.83325833708315,0.0003127858676143772
34.838258087095646,3.446059587632753e-05
34.84325783710815,0.0001245136522704493
34.84825758712065,0.00044119908280632693
34.853257337133144,0.00021912939516888214
34.858257087145645,0.00022074135278710993
34.86325683715815,6.698234367149169e-05
34.86825658717064,0.0003496168863496031
34.87325633718314,0.00014670457299620617
34.878256087195645,0.0001795382471393923
34.88325583720815,0.0003225688510340988
34.88825558722064,0.00031157653297283355
34.89325533723314,0.0002322749374649616
34.898255087245644,0.00038127548588790856
34.90325483725814,0.00018375306157692099
34.90825458727064,0.00024817534683775535
34.91325433728314,0.000581615634589933
34.91825408729564,0.00024547118206403457
34.92325383730814,0.0004428912637286886
34.92825358732064,0.00016775417159088708
34.933253337333134,0.0004482071403935416
34.938253087345636,0.0002350637604544722
34.94325283735814,0.00040517111755680924
34.94825258737063,0.00016290677093501734
34.953252337383134,0.00028682920163048076
34.958252087395635,0.00018093435569602512
34.96325183740813,0.00020191245835055058
34.96825158742063,0.0002911294690373718
34.97325133743313,0.000139035976391082
34.97825108744563,8.432159947746467e-05
34.98325083745813,0.00015754903841442753
34.98825058747063,9.09673613958033e-05
34.99325033748313,0.00026932314360952447
34.99825008749563,9.211481043825747e-05
35.00324983750813,0.0003260117929903123
35.00824958752063,4.262804224094974e-05
35.013249337533125,0.00036942402417421036
35.01824908754563,0.0001059279029237247
35.02324883755813,0.0002979774986712523
35.02824858757062,0.0002147097627147598
35.033248337583125,0.00022338653797636387
35.038248087595626,0.00013018667347744378
35.04324783760812,0.0001957986833032087
35.04824758762062,0.0001141859170497686
35.053247337633124,0.0002873853278885411
35.05824708764562,0.00016119726911267151
35.06324683765812,0.00019666082693368017
35.06824658767062,5.936574657019825e-05
35.073246337683116,0.0002886853642610886
35.07824608769562,0.00023162434404510362
35.08324583770812,0.0004665283002675675
35.088245587720614,0.00024388165198133252
35.093245337733116,0.00021675281021537178
35.09824508774562,3.8091473798556526e-05
35.10324483775812,0.00017036781612099892
35.10824458777061,0.00015350745364615227
35.113244337783115,5.6496637056742525e-05
35.11824408779562,8.811502295582505e-05
35.12324383780811,0.00024869476126696975
35.12824358782061,0.00034530779516582863
35.133243337833115,0.0001624339844284656
35.13824308784561,0.00022494679950091557
35.14324283785811,0.00027653176753496543
35.14824258787061,0.00012789820899407044
35.15324233788311,0.0003247901802114137
35.15824208789561,0.00023308184045018335
35.16324183790811,0.00033995002227135446
35.168241587920605,0.0001811605330868632
35.173241337933106,0.00014593450991875494
35.17824108794561,0.0003380420084369303
35.1832408379581,0.00023001198995943132
35.188240587970604,0.00021838807569484072
35.193240337983106,0.00026627144613785637
35.1982400879956,0.0003536266070633894
35.2032398380081,0.0002747254732532194
35.208239588020604,0.00014376985930117286
35.213239338033105,0.00030699272618262864
35.2182390880456,7.804989834554658e-05
35.2232388380581,6.608163366967971e-05
35.2282385880706,0.00015429952651396778
35.2332383380831,7.440284164461848e-05
35.2382380880956,0.00010520528086935438
35.2432378381081,0.00013696575990663592
35.248237588120595,0.00019897855794640521
35.2532373381331,9.125629199853857e-05
35.2582370881456,8.71933559757224e-05
35.26323683815809,0.00025711824271461975
35.268236588170595,0.0001509358990685249
35.2732363381831,0.00033016291088621856
35.27823608819559,6.029952142177574e-05
35.28323583820809,0.0003235257180903672
35.288235588220594,9.795957009894744e-05
35.29323533823309,7.153045521121323e-05
35.29823508824559,0.0003195888474272719
35.30323483825809,0.00011070458265126434
35.30823458827059,0.00013215051605251196
35.31323433828309,0.0001284369346976367
35.31823408829559,0.0003233330551153956
35.32323383830809,0.0003348671889023863
35.328233588320586,3.6238802926218366e-05
35.33323333833309,0.00034953114056299043
35.33823308834559,0.0003295125066069793
35.343232838358084,0.0001521180042483584
35.348232588370585,0.00011084591884458356
35.35323233838309,0.00031583666508151385
35.35823208839558,0.0002981772479975794
35.36323183840808,0.00020818428894509215
35.368231588420585,0.00012609290521790192
35.37323133843308,0.0001856339969105016
35.37823108844558,0.00023458883277206464
35.38323083845808,0.00031367098546222235
35.38823058847058,0.00030474773106249896
35.39323033848308,0.00016560040972119988
35.39823008849558,0.00012020575602508517
35.403229838508075,0.0001769266731069463
35.40822958852058,0.0001447674382054855
35.41322933853308,0.00025329605983910635
35.41822908854557,0.00019116556753578248
35.423228838558074,0.00017536690432937073
35.428228588570576,7.95604587275591e-05
35.43322833858308,0.0003955578826219827
35.43822808859557,0.00032137887415741186
35.443227838608074,0.00034811496294004336
35.448227588620576,6.714977437056007e-05
35.45322733863307,3.85246815905657e-05
35.45822708864557,7.657129543623323e-05
35.46322683865807,0.0002706672192552555
35.46822658867057,3.252869180896453e-05
35.47322633868307,0.00021805921220159356
35.47822608869557,8.662693191173882e-05
35.483225838708066,9.892504705315462e-05
35.48822558872057,0.00019703799653343848
35.49322533873307,0.00026106137036284184
35.49822508874556,0.00015806851902317373
35.503224838758065,0.000138418092842461
35.50822458877057,0.00023535941873844174
35.51322433878306,0.00022306381339272835
35.51822408879556,0.00027397441752325107
35.523223838808065,0.00010361364931596098
35.52822358882056,0.000342738133995665
35.53322333883306,0.00022857512915570548
35.53822308884556,0.00024272393517147184
35.543222838858064,0.00029698129478236587
35.54822258887056,0.0003456478055343686
35.55322233888306,0.0002870712361789632
35.55822208889556,0.00018713444484047212
35.563221838908056,0.0001261358951427882
35.56822158892056,0.00019710205439030386
35.57322133893306,6.394042975868757e-05
35.578221088945554,0.0001412064274633088
35.583220838958056,0.00020477097156408134
35.58822058897056,0.00015664112565116166
35.59322033898305,0.0004373401443276274
35.598220088995554,4.098378263191198e-05
35.603219839008055,5.310341722214764e-05
35.60821958902055,0.00016343450043694515
35.61321933903305,0.0002715524172285378
35.61821908904555,0.0001605353846618826
35.62321883905805,0.00010818247816066531
35.62821858907055,0.00021578345726478028
35.63321833908305,8.121977919336725e-05
35.638218089095545,6.869981955194046e-05
35.64321783910805,0.0002050243072454195
35.64821758912055,0.00034505649149659033
35.65321733913305,0.0001886621611042382
35.658217089145545,0.00018211130835043358
35.663216839158046,4.45063571248186e-05
35.66821658917055,0.00020310813112303465
35.67321633918304,0.00025537909127543217
35.678216089195544,0.00027469736763601567
35.683215839208046,0.00023450623425794949
35.68821558922054,0.0001857169430036272
35.69321533923304,0.00039024190547172255
35.698215089245544,9.395337277626729e-05
35.70321483925804,0.00021495490417415742
35.70821458927054,0.00017171156249301374
35.71321433928304,0.0002571080829931896
35.718214089295536,0.0001840353691579546
35.72321383930804,0.00022418598634694507
35.72821358932054,0.00034487704007156553
35.733213339333034,0.00032466513258598204
35.738213089345535,0.0003786225980550414
35.74321283935804,0.00019457086967958318
35.74821258937053,0.00033812147764473055
35.75321233938303,0.0001640131230662149
35.758212089395535,0.0002666719644879247
35.76321183940804,0.0001743112036864685
35.76821158942053,9.065189678290612e-05
35.77321133943303,0.00014061883384445557
35.778211089445534,0.0001714251647653856
35.78321083945803,0.00013640077654047082
35.78821058947053,0.0001715416012161862
35.79321033948303,0.0001129318696094491
35.79821008949553,0.00034973404101954197
35.80320983950803,0.00029631281848120877
35.80820958952053,0.0002695883155810937
35.813209339533024,0.00019848784809851095
35.818209089545526,0.00017109696707893595
35.82320883955803,0.00012471261723393483
35.82820858957052,0.00017779307823155614
35.833208339583024,7.663482375602366e-05
35.838208089595526,0.0001376768029390463
35.84320783960802,0.000330968423325419
35.84820758962052,0.00017408075741473937
35.85320733963302,0.000255452986208839
35.85820708964552,0.0001187300027075138
35.86320683965802,0.00023713301919187681
35.86820658967052,0.00020570558731030145
35.87320633968302,0.0002055859584419255
35.87820608969552,0.00015926840110405368
35.88320583970802,0.0002715707008683596
35.88820558972052,0.000325185564006639
35.893205339733015,0.00025342311121105975
35.89820508974552,0.00020733227038962325
35.90320483975802,0.00016080412179295285
35.90820458977051,0.00019932472502375638
35.913204339783015,4.38442255157101e-05
35.918204089795516,0.00017479420616543244
35.92320383980801,0.0001737053806403824
35.92820358982051,0.0002856146944991222
35.933203339833014,0.00019576278267403638
35.93820308984551,0.00022767574179315936
35.94320283985801,0.00010254166033385389
35.94820258987051,0.00011884532974265024
35.953202339883006,0.00017960454831795298
35.95820208989551,9.805271655941557e-05
35.96320183990801,8.684887167589145e-05
35.968201589920504,0.00016661684381881516
35.973201339933006,0.0003181335946726706
35.97820108994551,0.00015079575455543897
35.98320083995801,0.00015378480321807134
35.9882005899705,0.00027641709765454883
35.993200339983005,9.45546977726525e-05
35.99820008999551,0.00014569897501687866
36.003199840008,0.00025887394001594124
36.0081995900205,0.0001075622069329367
36.013199340033005,0.0003374921149327435
36.0181990900455,0.0001146280612529513
36.023198840058,0.0001811209368078523
36.0281985900705,4.723564272143355e-05
36.033198340083,0.000207606966481768
36.0381980900955,0.00013221536485709753
36.043197840108,0.0001070923897249795
36.048197590120495,0.0003142862669377447
36.053197340132996,0.00033537806332419745
36.0581970901455,0.00015839723857680489
36.06319684015799,0.00013152611886039567
36.068196590170494,0.0002522084562240086
36.073196340182996,0.00037115213530786243
36.07819609019549,0.0002912827316331297
36.08319584020799,0.00012368921624373403
36.088195590220494,0.0001543064638249238
36.093195340232995,0.00026778077389985817
36.09819509024549,0.00031867094341582214
36.10319484025799,0.0002442022417845477
36.10819459027049,0.0002869943585039151
36.11319434028299,8.355380964552188e-05
36.11819409029549,0.00022843574992056958
36.12319384030799,9.963549186365835e-05
36.128193590320485,0.00013561988169355968
36.13319334033299,0.00015833253508719004
36.13819309034549,5.713622027627207e-05
36.14319284035798,0.00028640885066193866
36.148192590370485,0.00022730691867622473
36.15319234038299,0.00012239289518540652
36.15819209039548,0.0001559369357267141
36.16319184040798,7.998108316615667e-05
36.168191590420484,5.185009959829381e-05
36.17319134043298,0.00032609838262768754
36.17819109044548,6.938148610006144e-05
36.18319084045798,6.317367638063893e-05
36.18819059047048,0.00016854813648339994
36.19319034048298,0.00019028281327972496
36.19819009049548,6.238791105995674e-05
36.20318984050798,0.00010543451655480141
36.208189590520476,6.248874550596889e-05
36.21318934053298,0.00030678792935909884
36.21818909054548,0.0001384006808347671
36.223188840557974,0.0002380755263931853
36.228188590570475,0.00015245798128315276
36.23318834058298,0.00023364177100102467
36.23818809059547,0.00026719697632973145
36.24318784060797,0.0002676147649284744
36.248187590620475,0.00028963828960423496
36.25318734063297,0.0003601587302000084
36.25818709064547,0.00017785996215444986
36.26318684065797,0.00021906594439083973
36.26818659067047,0.00020366140575464391
36.27318634068297,0.0001204705526862183
36.27818609069547,0.0001532856800584375
36.283185840707965,0.0002441091190994207
36.28818559072047,0.00032202666957766116
36.29318534073297,0.00014335882398611649
36.29818509074546,0.00020604676302452034
36.303184840757964,3.775394955934639e-05
36.308184590770466,6.299608327290084e-05
36.31318434078297,0.00014922387524953076
36.31818409079546,0.00022376152810598746
36.323183840807964,0.00017028527194941763
36.328183590820466,5.348074505238058e-05
36.33318334083296,0.00023646550994659008
36.33818309084546,0.00011394786705161438
36.34318284085796,0.0001431877454403896
36.34818259087046,0.00025997569087035644
36.35318234088296,0.0002560890087435031
36.35818209089546,7.960110077376569e-05
36.363181840907956,0.00014967625686442188
36.36818159092046,7.826057580282687e-05
36.37318134093296,0.00014039011180987503
36.37818109094545,7.504745773630128e-06
36.383180840957955,0.00027237053766905275
36.38818059097046,0.00021074527174839655
36.39318034098295,0.00022655921284394273
36.39818009099545,3.047765040979267e-05
36.403179841007955,0.00013941538346408665
36.40817959102045,9.718822072490399e-05
36.41317934103295,0.00021102331195785475
36.41817909104545,0.00018966073749841474
36.423178841057954,0.0003063492998073508
36.42817859107045,0.00011604517241949551
36.43317834108295,0.0001357525677149675
36.43817809109545,0.00010302054341330405
36.443177841107946,5.835295837679987e-05
36.44817759112045,0.00014542523140955243
36.45317734113295,0.000291391128596227
36.458177091145444,0.00013876131784454218
36.463176841157946,0.00012918253363458995
36.46817659117045,0.0002571694593659047
36.47317634118294,0.0001475054362260192
36.478176091195444,0.00012445480362843563
36.483175841207945,0.0001118805156746762
36.48817559122044,6.775281021367489e-05
36.49317534123294,0.00014316690760153805
36.49817509124544,0.00018434544188439668
36.50317484125794,0.00022533031209703714
36.50817459127044,0.00020952228699521973
36.51317434128294,0.0002920086435199619
36.518174091295435,0.00013982839900936563
36.52317384130794,0.00014110743805756596
36.52817359132044,0.00013896686568031882
36.53317334133294,0.00012236742652976056
36.538173091345435,0.00025509006056288015
36.543172841357936,1.8565375384264267e-05
36.54817259137044,8.096469431410731e-05
36.55317234138293,0.0003322042865942088
36.558172091395434,7.743346725692594e-05
36.563171841407936,0.00032337054354863505
36.56817159142043,5.707182937199937e-05
36.57317134143293,0.00017601086633364018
36.578171091445434,0.000137811180822284
36.58317084145793,0.00010702739397661696
36.58817059147043,0.00026392989310535317
36.59317034148293,0.00015267590520116298
36.598170091495426,5.918343778175725e-05
36.60316984150793,0.00010223991162746065
36.60816959152043,0.00025985990686940144
36.613169341532924,0.0001302485907404088
36.618169091545425,0.0001491996599936095
36.62316884155793,0.00021896606896659892
36.62816859157042,0.00015164273302888356
36.63316834158292,0.00019837180874846563
36.638168091595425,0.00022457374393023292
36.64316784160793,3.6153657051028255e-05
36.64816759162042,1.6376110019426895e-05
36.65316734163292,0.00029162506752564236
36.658167091645424,0.00015812148543176003
36.66316684165792,0.00024380872306751486
36.66816659167042,0.00011087286338985362
36.67316634168292,0.00010706823638985707
36.67816609169542,2.2681877171607697e-05
36.68316584170792,8.557974614376131e-05
36.68816559172042,0.00021625610058358618
36.693165341732914,0.00010102228888582551
36.698165091745416,0.00012578503856414683
36.70316484175792,0.00014912171330486295
36.70816459177041,9.885943452866981e-05
36.713164341782914,0.00010980550290712012
36.718164091795416,0.00017065578263502436
36.72316384180791,9.266901383456264e-05
36.72816359182041,0.00018783617301758147
36.73316334183291,2.6413333007677138e-05
36.73816309184541,0.0002841062677068103
36.74316284185791,1.6074290518089375e-05
36.74816259187041,0.00013781961570816725
36.75316234188291,3.729379751488543e-05
36.75816209189541,4.548156419978563e-05
36.76316184190791,0.00019667959699890935
36.76816159192041,0.000126118202083085
36.773161341932905,0.00016153970210580935
36.77816109194541,2.7060219497981164e-05
36.78316084195791,0.0002553812619145857
36.7881605919704,0.00016933225366285318
36.793160341982905,0.00016951520924305075
36.798160091995406,0.00041440169437791054
36.8031598420079,0.00022224481940852375
36.8081595920204,0.00020132176392491727
36.813159342032904,0.0001661285969050818
36.8181590920454,0.00016400779738877613
36.8231588420579,0.00018487766111792214
36.8281585920704,0.00021197067840121714
36.833158342082896,7.774833553127524e-05
36.8381580920954,0.00017351990471454893
36.8431578421079,9.651923530465087e-05
36.848157592120394,5.201418322907611e-05
36.853157342132896,4.2152453664011494e-05
36.8581570921454,3.217169771974823e-05
36.8631568421579,0.00017938440676298938
36.86815659217039,0.0002711004537161742
36.873156342182895,0.00024522734383267375
36.8781560921954,0.00017354861197834662
36.88315584220789,0.0002344449047464905
36.88815559222039,0.00019359523958383906
36.893155342232895,0.00014643839774421065
36.89815509224539,9.861820150117249e-05
36.90315484225789,0.000160694763570358
36.90815459227039,0.00020299449153133635
36.91315434228289,0.00018219032260754372
36.91815409229539,3.972642001042484e-05
36.92315384230789,0.0002254784717092216
36.928153592320385,6.627265253556942e-05
36.933153342332886,0.0003546937007808623
36.93815309234539,0.0001715628194328241
36.94315284235788,0.00011968968138568736
36.948152592370384,0.00022484208497231537
36.953152342382886,0.00012987446768653296
36.95815209239538,0.00013745126613303433
36.96315184240788,0.0002330434328412889
36.968151592420384,0.0003202236726908842
36.973151342432885,0.00020277307549771982
36.97815109244538,0.00024011265894096818
36.98315084245788,0.00019640642718005068
36.98815059247038,0.00023004215269931385
36.99315034248288,0.00010702014503638155
36.99815009249538,0.00024247581668934397
37.00314984250788,6.960010777492571e-05
37.008149592520375,4.0529619443421244e-05
37.01314934253288,0.00011269869973347172
37.01814909254538,0.00020661434911031093
37.02314884255787,0.0001282975194204988
37.028148592570375,0.0001603079801138283
37.03314834258288,4.5794464576873827e-05
37.03814809259537,0.0002567967505830097
37.04314784260787,0.00022551048873449922
37.048147592620374,1.8516801822573165e-05
37.05314734263287,0.00015939116259746427
37.05814709264537,0.00011787747825923377
37.06314684265787,0.00010181314408187345
37.06814659267037,0.00013960938953372544
37.07314634268287,0.00010521156287926359
37.07814609269537,7.8130031235466e-05
37.08314584270787,0.0001829219505017915
37.088145592720366,7.554300975431121e-05
37.09314534273287,0.00021296527656266396
37.09814509274537,8.596994780615716e-05
37.103144842757864,0.0001489446930661047
37.108144592770365,0.00020616171448082634
37.11314434278287,0.0002337359175695035
37.11814409279536,7.215771872819647e-05
37.12314384280786,0.0002920432451652761
37.128143592820365,0.00016741421626927192
37.13314334283286,0.00024326547889055178
37.13814309284536,1.7433578939998498e-05
37.14314284285786,0.00011677987085588393
37.14814259287036,4.1021805758147364e-05
37.15314234288286,0.00016483977199498287
37.15814209289536,4.352132211487336e-05
37.163141842907855,0.0001528175460476638
37.16814159292036,0.0002662304981440366
37.17314134293286,0.00023520792754641863
37.17814109294535,0.00011000803676142696
37.183140842957854,0.00024299718607717472
37.188140592970356,7.779693188550416e-05
37.19314034298286,0.0001068705933292491
37.19814009299535,4.112152810137314e-05
37.203139843007854,0.00012668010238050742
37.208139593020356,0.00024335403128418687
37.21313934303285,6.559382018887436e-05
37.21813909304535,0.00012482908909281233
37.22313884305785,0.00014434766643185026
37.22813859307035,0.00016941094921467848
37.23313834308285,2.6783575136038615e-05
37.23813809309535,0.00017758642493022792
37.243137843107846,8.486080264060429e-05
37.24813759312035,0.00014491332200978528
37.25313734313285,7.310898637097464e-05
37.25813709314534,0.00020613133328890556
37.263136843157845,0.00012267837371399373
37.26813659317035,0.0001824799853060495
37.27313634318284,0.00023503784495567697
37.27813609319534,6.920755771221691e-05
37.283135843207845,3.3961349312840876e-05
37.28813559322034,9.967777192002416e-05
37.29313534323284,0.00015393660320689432
37.29813509324534,3.07004789148993e-05
37.303134843257844,0.00010392376465506645
37.30813459327034,0.00014520454763131105
37.31313434328284,8.281665342821048e-05
37.31813409329534,0.00021511795029317184
37.323133843307836,8.828333172914054e-05
37.32813359332034,0.00012913153808911623
37.33313334333284,9.127135357445807e-05
37.338133093345334,8.83135495494889e-05
37.343132843357836,0.000156729009388557
37.34813259337034,5.6058995573653876e-05
37.35313234338283,0.00012848720562849878
37.358132093395334,1.5668683364773493e-05
37.363131843407835,5.309423658504863e-05
37.36813159342033,9.768097652710144e-05
37.37313134343283,0.00016607313347759628
37.37813109344533,0.00031833127891390785
37.38313084345783,2.1526907693068868e-05
37.38813059347033,0.0001612414091582159
37.39313034348283,0.00027720770002332594
37.398130093495325,0.00014112409440291337
37.40312984350783,6.777541349482785e-05
37.40812959352033,5.8079444195167936e-05
37.41312934353283,0.00012755262286777262
37.418129093545325,7.122011495703696e-05
37.423128843557826,7.373363344885853e-05
37.42812859357033,0.0001200361075806671
37.43312834358282,8.136808669351695e-05
37.438128093595324,4.401649342824423e-05
37.443127843607826,0.00017073446338368575
37.44812759362032,7.969405538026682e-05
37.45312734363282,1.3841016369217187e-05
37.458127093645324,0.00017813845782932935
37.46312684365782,9.621272082210157e-05
37.46812659367032,9.861695369872301e-05
37.47312634368282,8.192584047656111e-05
37.478126093695316,7.2484370804696e-05
37.48312584370782,0.00018139371399987066
37.48812559372032,6.516252038324353e-05
37.493125343732814,0.00020850068202939422
37.498125093745315,6.1208020020567e-05
37.50312484375782,0.0001475985072667598
37.50812459377031,0.00017893811394556402
37.51312434378281,9.450276626872441e-05
37.518124093795315,8.969623514210588e-05
37.52312384380782,8.962785807763636e-05
37.52812359382031,0.00011879023024585497
37.53312334383281,0.00016372220490400526
37.538123093845314,9.501066874062832e-05
37.54312284385781,5.118475055027412e-05
37.54812259387031,4.402948188229394e-05
37.55312234388281,0.0001575111316789645
37.55812209389531,1.5293980793755962e-05
37.56312184390781,0.00012534567056820317
37.56812159392031,0.00011738593041614668
37.573121343932804,8.951947165604001e-05
37.578121093945306,9.344992028982592e-05
37.58312084395781,0.00021592213034086832
37.5881205939703,0.00010489814214833359
37.593120343982804,8.728665902386901e-05
37.598120093995306,0.00015922113354657817
37.6031198440078,4.9594429503555646e-05
37.6081195940203,5.401627706628847e-05
37.6131193440328,4.867478072622849e-05
37.618119094045305,6.134534933432425e-05
37.6231188440578,4.106760182724764e-05
37.6281185940703,6.607685882082565e-05
37.6331183440828,0.00013964221087706214
37.6381180940953,9.329899393381061e-05
37.6431178441078,0.0001223568708673529
37.6481175941203,3.508827517035151e-05
37.653117344132795,9.140844688541188e-05
37.6581170941453,8.901773249205927e-05
37.6631168441578,0.00012801324491559907
37.66811659417029,7.90849465425051e-05
37.673116344182795,0.00016568100236104706
37.678116094195296,0.00012397343477542916
37.68311584420779,5.039205484161685e-05
37.68811559422029,0.00013616877460640247
37.693115344232794,8.01564264278614e-05
37.69811509424529,0.00015971405486359618
37.70311484425779,0.00016959565448376209
37.70811459427029,0.000139928456580966
37.713114344282786,0.00020727321001165372
37.71811409429529,6.164992916777945e-05
37.72311384430779,8.632930249661141e-05
37.72811359432029,0.00017791961335508554
37.733113344332786,0.00023144454540901486
37.73811309434529,9.325039747081093e-05
37.74311284435779,0.00016534743648353764
37.74811259437028,0.00013392055957643396
37.753112344382785,4.97342114694675e-05
37.75811209439529,0.0001165913598964451
37.76311184440778,0.00013440429035650132
37.76811159442028,8.050401269528634e-05
37.773111344432785,8.428681876392882e-05
37.77811109444528,0.0001474428944001686
37.78311084445778,0.00010824807740577393
37.78811059447028,0.00012108409718004569
37.79311034448278,4.4182108928589074e-05
37.79811009449528,8.996259689461538e-05
37.80310984450778,0.00022173119771134588
37.808109594520275,3.191248782028408e-05
37.813109344532776,8.473683593719556e-05
37.81810909454528,0.0001089003110848687
37.82310884455777,0.00013930519070364902
37.828108594570274,0.00013860034950644604
37.833108344582776,8.509025788340575e-05
37.83810809459528,0.00014408142969917986
37.84310784460777,6.19895944186975e-05
37.848107594620274,0.00019384032069636316
37.853107344632775,3.592768135406204e-05
37.85810709464527,0.0001158870778897097
37.86310684465777,8.093218449872555e-05
37.86810659467027,9.853246815035882e-05
37.87310634468277,0.0003065110119604029
37.87810609469527,6.897797174513435e-05
37.88310584470777,0.00010111591406114745
37.888105594720265,7.908720190235152e-05
37.89310534473277,0.00011088783610870382
37.89810509474527,0.0001963392170529858
37.90310484475776,2.932974767048306e-05
37.908104594770265,8.844466827057546e-05
37.91310434478277,0.00011777058518280971
37.91810409479526,0.00026254255473312217
37.92310384480776,0.0001562585807786892
37.928103594820264,8.627065269851055e-05
37.93310334483276,0.0001391694033029501
37.93810309484526,3.151066600180948e-05
37.94310284485776,0.0001320264875372551
37.948102594870264,3.466577421838421e-05
37.95310234488276,0.00014742050696471947
37.95810209489526,8.345972464904505e-05
37.96310184490776,0.00011862771250661603
37.968101594920256,0.00021974459248577568
37.97310134493276,0.0002053075229458942
37.97810109494526,6.822995229189805e-05
37.983100844957754,0.00010854652252354005
37.988100594970255,0.00013225122317139996
37.99310034498276,0.0001238231695257599
37.99810009499525,9.572067418043205e-05
38.00309984500775,5.37475153342219e-05
38.008099595020255,0.0001457979965193767
38.01309934503275,9.762635403835461e-05
38.01809909504525,0.0001145537218397589
38.02309884505775,9.422187393654907e-05
38.02809859507025,0.00014554823012779923
38.03309834508275,7.235971086711088e-05
38.03809809509525,7.827442552505702e-05
38.043097845107745,5.177584828787154e-05
38.04809759512025,7.081525007872329e-05
38.05309734513275,0.00017734589138079267
38.05809709514525,7.400700104965659e-05
38.063096845157744,0.0001215172881785949
38.068096595170246,0.00011232117115337856
38.07309634518275,0.00014532537484995595
38.07809609519524,2.3166650231905196e-05
38.083095845207744,6.297396502466185e-05
38.088095595220246,0.00012641610956801505
38.09309534523274,8.893633666949303e-05
38.09809509524524,0.0002388924271643446
38.10309484525774,0.00012965012098120501
38.10809459527024,0.00018516192213365113
38.11309434528274,7.338553189933781e-05
38.11809409529524,0.00016561841815747162
38.123093845307736,0.0001644787326449927
38.12809359532024,0.00011830882237200106
38.13309334533274,7.830581291783689e-05
38.13809309534523,8.115716452520673e-05
38.143092845357735,9.877416514900714e-05
38.14809259537024,3.9538823628859206e-05
38.15309234538273,2.117982566801709e-05
38.15809209539523,7.662635722128464e-05
38.163091845407735,0.0001917198116074319
38.168091595420236,0.00011059934476389887
38.17309134543273,5.76919812938372e-05
38.17809109544523,2.6687940322299877e-05
38.183090845457734,8.27183120130825e-05
38.18809059547023,1.4479001365924387e-05
38.19309034548273,0.0001442025504959604
38.19809009549523,0.00013159237636497847
38.203089845507726,9.605752393205098e-05
38.20808959552023,0.00013738076409215163
38.21308934553273,6.441867281316688e-05
38.218089095545224,4.241415295784921e-05
38.223088845557726,7.561247662525136e-05
38.22808859557023,4.795884701292455e-05
38.23308834558272,0.00019026343831176403
38.238088095595224,0.00013721715829927597
38.243087845607725,0.0001942737835798266
38.24808759562022,9.804831566934564e-05
38.25308734563272,9.200111877675438e-05
38.25808709564522,0.00016111862901368172
38.26308684565772,9.170639762465113e-05
38.26808659567022,0.00010407339148678006
38.27308634568272,0.00013657350476199546
38.27808609569522,8.396526575085821e-05
38.28308584570772,8.723916503463332e-05
38.28808559572022,5.9083670899866034e-05
38.29308534573272,0.000262557124286175
38.298085095745215,0.00016289122170279381
38.303084845757716,7.289662263361658e-05
38.30808459577022,4.613581873532998e-05
38.31308434578271,2.6846414684352236e-05
38.318084095795214,0.00010914674553893342
38.323083845807716,0.0001765229906085384
38.32808359582021,4.6238670693006775e-05
38.33308334583271,7.165166391022253e-05
38.338083095845214,9.28501086278367e-05
38.34308284585771,0.00011679136121209847
38.34808259587021,0.00015721991408446995
38.35308234588271,0.00014117373265816734
38.358082095895206,6.708067055337745e-05
38.36308184590771,0.00015951810136031574
38.36808159592021,0.0001906157939996763
38.373081345932704,0.0001271588767964423
38.378081095945205,0.0001089374072606956
38.38308084595771,8.01462838928404e-05
38.38808059597021,7.410300746833067e-05
38.3930803459827,7.102698769746962e-05
38.398080095995205,5.389413517808837e-05
38.40307984600771,0.00010592195228332722
38.4080795960202,5.45034484438634e-05
38.4130793460327,5.027301485577414e-05
38.418079096045204,9.67608808579585e-05
38.4230788460577,8.544649593448419e-05
38.4280785960702,4.8847803793360384e-05
38.4330783460827,8.331318059704889e-05
38.4380780960952,0.00011602959706411149
38.4430778461077,0.00012687268665426853
38.4480775961202,4.579922231194155e-05
38.453077346132694,0.000178161150226344
38.458077096145196,2.005405438744254e-06
38.4630768461577,0.0001149452611615224
38.46807659617019,0.00017107696188944994
38.473076346182694,8.020410692053676e-05
38.478076096195196,5.6732705355023865e-05
38.48307584620769,5.710268330524941e-05
38.48807559622019,2.835725450036049e-05
38.49307534623269,1.4796340532797934e-05
38.498075096245195,7.516430034524141e-05
38.50307484625769,8.33681126365157e-05
38.50807459627019,0.00016448826086648175
38.51307434628269,0.00011699564456532192
38.51807409629519,0.00013752826785369006
38.52307384630769,0.00010498668198237097
38.52807359632019,7.625989735649655e-05
38.533073346332685,9.941162217999896e-05
38.53807309634519,0.00010252895647491632
38.54307284635769,7.3064118087827e-05
38.54807259637018,6.992887869684478e-05
38.553072346382685,0.00011851574794635223
38.558072096395186,9.108421065281249e-05
38.56307184640768,0.00010001050996845363
38.56807159642018,0.00012022015106152532
38.573071346432684,0.00016566547500957365
38.57807109644518,0.0001156094643692155
38.58307084645768,3.223078090198239e-05
38.58807059647018,7.234972559518257e-05
38.593070346482676,0.0001020991162501836
38.59807009649518,1.8395990006597994e-05
38.60306984650768,0.00016684839276572057
38.60806959652018,0.00013672269941830323
38.613069346532676,0.00012188054886008224
38.61806909654518,8.522920020259968e-05
38.62306884655768,3.944380469409709e-05
38.628068596570174,5.1503173227636565e-05
38.633068346582675,0.00015968562411510927
38.63806809659518,2.4861401060448975e-05
38.64306784660767,0.00014370362494795565
38.64806759662017,3.126169151931536e-05
38.653067346632675,5.797151632779053e-05
38.65806709664517,4.512403836646924e-05
38.66306684665767,0.00016901792131924676
38.66806659667017,0.00012801326329404684
38.67306634668267,9.77430284090061e-05
38.67806609669517,1.5194541956292185e-05
38.68306584670767,5.615807864310055e-05
38.688065596720165,3.968750333002741e-05
38.693065346732666,0.00017158987419167395
38.69806509674517,0.00010281644834961114
38.70306484675766,0.00013122248872142548
38.708064596770164,4.2137650246843004e-05
38.713064346782666,5.966185087521882e-05
38.71806409679517,3.52111206376428e-05
38.72306384680766,0.00017436648371773757
38.728063596820164,9.361186058546783e-05
38.733063346832665,5.22975932453769e-05
38.73806309684516,9.905853000472488e-05
38.74306284685766,0.00010304810758347915
38.74806259687016,3.6192751827252346e-05
38.75306234688266,0.00010943101267390877
38.75806209689516,0.00013414739609960766
38.76306184690766,2.065716696820475e-05
38.768061596920155,6.465212727792261e-05
38.77306134693266,0.0001119980185424291
38.77806109694516,0.0001307922906963065
38.78306084695765,6.869011628534165e-05
38.788060596970155,4.017574324714186e-05
38.79306034698266,6.446604013282706e-05
38.79806009699515,5.633184255526465e-05
38.80305984700765,9.89028225778308e-05
38.808059597020154,2.7662980605620437e-05
38.81305934703265,0.0001276630670569382
38.81805909704515,0.00010088698919082907
38.82305884705765,4.9365414525528024e-05
38.828058597070154,8.378428365429741e-05
38.83305834708265,0.00010916019630228399
38.83805809709515,0.00012490715495297455
38.84305784710765,1.9980844950924622e-05
38.848057597120146,0.0001157553752668955
38.85305734713265,4.968239462168055e-05
38.85805709714515,7.696613480292293e-05
38.863056847157644,5.8490136918219164e-05
38.868056597170145,7.319344492460984e-05
38.87305634718265,0.00014391284472654175
38.87805609719514,6.0833954459971926e-05
38.88305584720764,7.893868105348406e-05
38.888055597220145,8.823582593427163e-05
38.89305534723264,3.0380044519339713e-05
38.89805509724514,2.5887698655925324e-05
38.90305484725764,4.9442232686315804e-05
38.90805459727014,0.00011032911085255044
38.91305434728264,0.00011844575286741966
38.91805409729514,0.00011289329034729131
38.923053847307635,8.524582124960565e-05
38.92805359732014,4.102194298706499e-05
38.93305334733264,5.646527039560586e-05
38.93805309734514,6.887437993886176e-05
38.943052847357635,3.380344775155284e-05
38.948052597370136,7.04052345173574e-05
38.95305234738264,8.966675869980397e-05
38.95805209739513,9.903442615778735e-05
38.963051847407634,8.75460282249502e-05
38.968051597420136,8.3421059116993e-05
38.97305134743263,5.934312639068535e-05
38.97805109744513,8.517139762414245e-05
38.98305084745763,7.851367874570421e-05
38.98805059747013,5.163082393384491e-05
38.99305034748263,7.606357767157539e-05
38.99805009749513,9.689257467973145e-05
39.003049847507626,0.00011713868601338361
39.00804959752013,9.367606023070698e-05
39.01304934753263,5.959465729420839e-05
39.01804909754512,9.375137465606696e-05
39.023048847557625,8.223147240830524e-05
39.02804859757013,0.00014852502316492277
39.03304834758262,7.622104190551289e-05
39.03804809759512,8.305153075894291e-05
39.043047847607625,9.182884907541608e-05
39.048047597620126,0.00015028938607631692
39.05304734763262,7.06292676430519e-05
39.05804709764512,8.921356043092304e-05
39.063046847657624,2.0507393311131163e-05
39.06804659767012,4.8136222161372796e-05
39.07304634768262,9.057582422594191e-05
39.07804609769512,6.0202312630520454e-05
39.083045847707616,5.8824849004655503e-05
39.08804559772012,9.718041738294938e-05
39.09304534773262,2.261371540764011e-05
39.098045097745114,7.551700324054923e-05
39.103044847757616,0.00013151626845738342
39.10804459777012,9.076359253422204e-05
39.11304434778261,4.879560265343313e-05
39.118044097795114,5.424340812483654e-05
39.123043847807615,7.539890654018332e-05
39.12804359782011,5.971928623937918e-05
39.13304334783261,1.434429914852162e-05
39.13804309784511,2.8914331697479167e-05
39.14304284785761,0.00010814170552350512
39.14804259787011,5.653423094852932e-05
39.15304234788261,5.234186945723115e-05
39.15804209789511,6.599575863147899e-05
39.16304184790761,7.809674972005366e-05
39.16804159792011,7.231135199521178e-05
39.17304134793261,5.448344345564551e-05
39.178041097945105,8.301312488700311e-05
39.183040847957606,2.3588925697343485e-05
39.18804059797011,0.0001078299016958817
39.1930403479826,2.200676308799992e-05
39.198040097995104,4.885567877185642e-05
39.203039848007606,5.8589505304097804e-05
39.2080395980201,3.975402333776182e-05
39.2130393480326,8.560984097429736e-05
39.218039098045104,6.0023800494512146e-05
39.2230388480576,9.742049186031834e-05
39.2280385980701,3.2001420177865246e-05
39.2330383480826,4.20210768711818e-05
39.238038098095096,2.7821804402390682e-05
39.2430378481076,8.591186936516979e-05
39.2480375981201,4.740153028908659e-05
39.253037348132594,4.9814135894602674e-05
39.258037098145095,3.5047420504085543e-05
39.2630368481576,0.00010228579096735509
39.2680365981701,6.123380351905868e-05
39.27303634818259,1.6206403606864872e-05
39.278036098195095,9.07055607995972e-05
39.2830358482076,4.9904084812075e-05
39.28803559822009,8.924331375015556e-05
39.29303534823259,0.00010511796418187349
39.298035098245094,0.00011675890192561347
39.30303484825759,9.69678915100103e-05
39.30803459827009,0.00010787151783185847
39.31303434828259,4.483693251760216e-05
39.31803409829509,4.513513640342194e-05
39.32303384830759,8.073452899529531e-05
39.32803359832009,0.00012329089231278502
39.333033348332584,0.00010603282697045735
39.338033098345086,6.501516011255501e-05
39.34303284835759,4.106130491382409e-05
39.34803259837008,2.0756575147266916e-05
39.353032348382584,2.599249637672108e-05
39.358032098395086,8.6465827031584e-05
39.36303184840758,7.322636343881624e-05
39.36803159842008,7.388071505840904e-05
39.37303134843258,6.923333708367668e-05
39.378031098445085,5.7355055232231205e-05
39.38303084845758,7.340523418112705e-05
39.38803059847008,5.2813281810395465e-05
39.39303034848258,4.5238732811598454e-05
39.39803009849508,0.00012213732219428677
39.40302984850758,2.887872902065031e-05
39.40802959852008,9.828928646192781e-05
39.413029348532575,2.2176977041374874e-05
39.41802909854508,0.00010899353854548191
39.42302884855758,2.107123583286116e-05
39.42802859857007,6.601549584472255e-05
39.433028348582575,8.665916554036665e-05
39.438028098595076,9.371837379403462e-05
39.44302784860757,5.459541504594449e-05
39.44802759862007,5.5015153440681406e-05
39.453027348632574,5.0008058030767515e-05
39.45802709864507,5.906674780678292e-05
39.46302684865757,2.2005929170057587e-05
39.46802659867007,3.153185807373916e-05
39.473026348682566,0.00010895731759480094
39.47802609869507,0.00010218172261669859
39.48302584870757,0.00014096040471011138
39.48802559872007,8.163829705258143e-05
39.493025348732566,9.629795763136076e-05
39.49802509874507,8.692074294109473e-05
39.50302484875757,6.344901741318624e-05
39.508024598770064,4.461686203832386e-05
39.513024348782565,5.508314472725957e-05
39.51802409879507,1.9204525469543533e-05
39.52302384880756,0.0001394762868279015
39.52802359882006,5.849679138449167e-05
39.533023348832565,6.380302626511938e-05
39.53802309884506,4.6046349046447506e-05
39.54302284885756,5.7787398037083797e-05
39.54802259887006,7.592654445580386e-05
39.55302234888256,5.844115505657942e-05
39.55802209889506,2.071208737457914e-05
39.56302184890756,3.36959494664405e-05
39.568021598920055,5.7897185913593146e-05
39.573021348932556,6.10665363383324e-05
39.57802109894506,0.00012144376189936277
39.58302084895755,2.1053677529997797e-05
39.588020598970054,7.945121110146027e-05
39.593020348982556,3.0154850569950545e-05
39.59802009899506,6.549385437232995e-05
39.60301984900755,1.146106286012111e-05
39.608019599020054,3.967899884411703e-05
39.613019349032555,3.977812651982255e-05
39.61801909904505,3.53807654735108e-05
39.62301884905755,7.013200447485714e-05
39.62801859907005,6.254812583448237e-05
39.63301834908255,7.288200011932535e-05
39.63801809909505,9.137031933621253e-05
39.64301784910755,2.1919342420491994e-05
39.648017599120045,7.327008655730122e-05
39.65301734913255,5.6428039463767116e-05
39.65801709914505,3.827503729621889e-05
39.66301684915754,7.555011463725214e-06
39.668016599170045,3.481777509047143e-05
39.67301634918255,5.88651568974666e-05
39.67801609919504,0.00014875830309253222
39.68301584920754,7.509642339763172e-05
39.688015599220044,6.212591993618515e-05
39.69301534923254,5.625548626626964e-05
39.69801509924504,3.8157832541439116e-05
39.70301484925754,4.9550245140015395e-05
39.708014599270044,5.741138757546434e-05
39.71301434928254,6.517402448605798e-05
39.71801409929504,0.00011394301796314912
39.72301384930754,2.837574513075208e-05
39.728013599320036,0.00012823427234622873
39.73301334933254,7.36730207769053e-05
39.73801309934504,2.6620785982473322e-05
39.743012849357534,0.00010104295477019539
39.748012599370036,2.761652679567787e-05
39.75301234938254,7.406663908100835e-05
39.75801209939503,7.354155740119719e-05
39.76301184940753,2.4486672389527153e-05
39.768011599420035,6.202649212872569e-05
39.77301134943253,4.84644036605733e-05
39.77801109944503,0.00010024983806394345
39.78301084945753,6.0406661160511265e-05
39.78801059947003,2.308328000563497e-05
39.79301034948253,4.348587726793136e-05
39.79801009949503,7.488839716282981e-05
39.803009849507525,7.358869198450709e-05
39.80800959952003,1.121273840043863e-05
39.81300934953253,5.5798040067312e-05
39.81800909954503,5.6664485134310496e-05
39.823008849557525,3.504241186529791e-05
39.828008599570026,8.049873337708114e-05
39.83300834958253,1.3544429740119328e-05
39.83800809959502,5.6817157888040175e-05
39.843007849607524,1.977593565145709e-05
39.848007599620026,2.449851116243639e-05
39.85300734963252,1.965489874580908e-05
39.85800709964502,7.816254317263793e-05
39.86300684965752,3.876699846937242e-05
39.86800659967002,1.2374893134277114e-05
39.87300634968252,9.119311011375325e-05
39.87800609969502,4.327654403448966e-05
39.883005849707516,7.040470321999311e-05
39.88800559972002,1.4533864635227586e-05
39.89300534973252,2.164210878100701e-05
39.89800509974501,4.907064063733411e-05
39.903004849757515,3.2827751449147925e-05
39.90800459977002,0.00011582309382636549
39.91300434978251,0.00010325614996322077
39.91800409979501,0.00011969732902152156
39.923003849807515,2.0186944683577586e-05
39.928003599820016,4.1921171146959466e-05
39.93300334983251,0.00014512001041803554
39.93800309984501,3.580657122916699e-05
39.943002849857514,3.657018276344615e-05
39.94800259987001,1.924152439942479e-05
39.95300234988251,5.919123507359918e-05
39.95800209989501,2.7443378775057802e-05
39.963001849907506,3.332392737283703e-05
39.96800159992001,5.502560472653447e-05
39.97300134993251,8.868644077594568e-06
39.978001099945004,6.939613454707214e-05
39.983000849957506,6.176916457837321e-05
39.98800059997001,0.00010667326675785647
39.9930003499825,6.810501022651817e-05
39.998000099995004,7.531313269262744e-05
40.002999850007505,5.283829353818734e-05
40.00799960002,8.896676543656278e-05
40.0129993500325,0.00010157402785880351
40.017999100045,0.00010170387335044876
40.0229988500575,6.484721041382524e-05
40.02799860007,2.3147324161208283e-05
40.0329983500825,2.97041215609173e-05
40.037998100095,8.39406986373099e-05
40.0429978501075,6.147862097652631e-05
40.04799760012,4.57049514375618e-05
40.0529973501325,5.602672211082549e-05
40.057997100144995,5.8254211676727716e-05
40.0629968501575,2.0728601838947865e-05
40.06799660017,3.595878689713233e-05
40.07299635018249,4.0383460460240584e-05
40.077996100194994,3.319183816097722e-05
40.082995850207496,4.438074519957028e-05
40.08799560021999,6.19626041175327e-05
40.09299535023249,4.3981994840441524e-05
40.097995100244994,6.89356598187751e-05
40.10299485025749,7.0560232153787e-05
40.10799460026999,1.6192849037899526e-05
40.11299435028249,9.872200143256015e-05
40.117994100294986,0.00010283140805545307
40.12299385030749,6.0939574382043705e-05
40.12799360031999,9.253745544633533e-05
40.132993350332484,3.5184712912248726e-05
40.137993100344985,2.8851763501494878e-05
40.14299285035749,5.500381218200845e-05
40.14799260036999,8.932487576017894e-06
40.15299235038248,7.570977391055384e-05
40.157992100394985,7.115295428830638e-06
40.16299185040749,2.310181471901858e-05
40.16799160041998,1.4244009050957903e-05
40.17299135043248,6.564649574939131e-05
40.177991100444984,1.826161536659396e-05
40.18299085045748,6.304261465748914e-05
40.18799060046998,2.7832887731168995e-05
40.19299035048248,5.208861099858072e-05
40.19799010049498,5.26871498159408e-05
40.20298985050748,6.24923276322589e-06
40.20798960051998,3.874347366400684e-05
40.212989350532474,6.111469536829718e-05
40.217989100544976,8.400270517876274e-05
40.22298885055748,9.383725778120966e-05
40.22798860056997,2.8174815429670826e-05
40.232988350582474,5.093413707234143e-05
40.237988100594976,6.925974183387507e-05
40.24298785060747,5.205993144422793e-05
40.24798760061997,5.142802492272552e-05
40.25298735063247,2.5688884958956056e-05
40.257987100644975,5.777219116204416e-05
40.26298685065747,6.620275953922252e-05
40.26798660066997,1.5511808527734077e-05
40.27298635068247,2.5738410964708065e-05
40.27798610069497,4.4345925868348125e-05
40.28298585070747,3.212599715582535e-05
40.28798560071997,4.080042820295088e-05
40.292985350732465,1.307077000984508e-05
40.29798510074497,5.351520216259436e-05
40.30298485075747,3.36663736198075e-05
40.30798460076996,1.6657341894699716e-05
40.312984350782465,1.2700579791721546e-05
40.317984100794966,2.7059480730070463e-05
40.32298385080746,4.30522430780356e-05
40.32798360081996,3.0688994853321944e-05
40.332983350832464,5.5278504795487896e-05
40.33798310084496,2.2988652430199836e-05
40.34298285085746,3.4114358389158166e-05
40.34798260086996,3.960949363421661e-05
40.352982350882456,2.509817711230827e-05
40.35798210089496,0.00011627123072568614
40.36298185090746,4.246794770635482e-05
40.36798160091996,2.9835229076974083e-05
40.372981350932456,0.00010365428202649177
40.37798110094496,0.00012620891733025987
40.38298085095746,3.209432903832524e-05
40.387980600969954,2.700448834008257e-05
40.392980350982455,2.4319280093359417e-05
40.39798010099496,5.444557651958267e-05
40.40297985100745,1.0317978603076703e-05
40.40797960101995,3.617434964785395e-05
40.412979351032455,3.84075667406075e-05
40.41797910104495,6.533216594118312e-06
40.42297885105745,2.9738205185167e-05
40.42797860106995,9.64845044325105e-06
40.43297835108245,5.2220236538050626e-05
40.43797810109495,4.513641038177132e-05
40.44297785110745,9.212985113420128e-05
40.447977601119945,2.1969679605356195e-05
40.452977351132446,5.018869298815702e-05
40.45797710114495,2.0923078182167726e-05
40.46297685115744,5.51811989350686e-05
40.467976601169944,1.745335166163335e-05
40.472976351182446,3.464564372244117e-05
40.47797610119495,2.4379086529441406e-05
40.48297585120744,6.674128636784256e-05
40.487975601219944,3.051692075936652e-05
40.492975351232445,4.9416664739375967e-05
40.49797510124494,1.8554238619786272e-05
40.50297485125744,7.576609792477185e-05
40.50797460126994,3.553688886573373e-05
40.51297435128244,2.6303197008941613e-05
40.51797410129494,3.226128907570632e-05
40.52297385130744,2.7257006410872033e-05
40.527973601319935,1.6275971728452335e-05
40.53297335133244,4.582926928236867e-05
40.53797310134494,4.02588849090887e-05
40.54297285135743,3.5604164605140844e-05
40.547972601369935,2.5596737466049118e-05
40.55297235138244,2.9404032855539875e-05
40.55797210139493,0.0001025553372588191
40.56297185140743,5.125941140727113e-05
40.567971601419934,4.12524754997077e-06
40.57297135143243,1.467009775106517e-05
40.57797110144493,7.769576981816106e-05
40.58297085145743,5.210675590752268e-05
40.587970601469934,4.0873883671897205e-05
40.59297035148243,5.938283648698024e-05
40.59797010149493,6.609550908910499e-06
40.60296985150743,2.1502832419970778e-05
40.607969601519926,2.366488854693146e-05
40.61296935153243,3.240421285312445e-05
40.61796910154493,3.4049276430224806e-05
40.622968851557424,7.011290447088515e-05
40.627968601569926,2.4163277059057848e-05
40.63296835158243,1.4604930871572505e-05
40.63796810159492,1.5251502126389693e-05
40.64296785160742,7.920428056966812e-05
40.647967601619925,2.1537699908727428e-05
40.65296735163242,4.505684618310524e-05
40.65796710164492,3.592088864163103e-05
40.66296685165742,3.5111070855254e-05
40.66796660166992,1.3102270258884995e-05
40.67296635168242,5.752372930178325e-05
40.67796610169492,3.78008556289179e-05
40.682965851707415,8.858606664983246e-05
40.68796560171992,4.073816855085393e-05
40.69296535173242,4.1460402714559785e-05
40.69796510174492,2.8516856664894715e-05
40.702964851757415,2.6925901914350384e-05
40.707964601769916,1.7087350950870606e-05
40.71296435178242,7.149050312364172e-05
40.71796410179491,3.979722259129209e-05
40.722963851807414,5.293668762718338e-05
40.727963601819916,9.561913432665819e-05
40.73296335183241,7.035312264455383e-06
40.73796310184491,3.704895831752444e-05
40.74296285185741,5.228270640957794e-05
40.74796260186991,2.3443984785801007e-05
40.75296235188241,2.674415111632605e-05
40.75796210189491,3.901817578682096e-05
40.762961851907406,5.3572901110925984e-05
40.76796160191991,2.2103664111084354e-05
40.77296135193241,2.7642192075524286e-05
40.7779611019449,2.2039966434952377e-05
40.782960851957405,3.525649374223507e-05
40.78796060196991,3.245244259897191e-05
40.7929603519824,5.567282081750362e-05
40.7979601019949,2.860086845970784e-05
40.802959852007405,4.078317629258158e-05
40.807959602019906,4.280305083139891e-05
40.8129593520324,2.1896559772991596e-05
40.8179591020449,3.114094103571674e-05
40.822958852057404,6.544948295860193e-05
40.8279586020699,3.1746151472420452e-06
40.8329583520824,5.800217208256148e-05
40.8379581020949,2.2209844198875746e-05
40.842957852107396,1.5582782413507346e-05
40.8479576021199,4.5883677354413926e-05
40.8529573521324,4.5696206881501186e-05
40.857957102144894,6.349818289983485e-05
40.862956852157396,1.7897881583847266e-05
40.8679566021699,5.1895828832926795e-05
40.87295635218239,3.3907598513162776e-05
40.877956102194894,7.486242237159113e-05
40.882955852207395,3.477339128130039e-05
40.88795560221989,5.579100786154383e-06
40.89295535223239,5.879875162853689e-05
40.89795510224489,4.74213094912415e-05
40.90295485225739,8.156945906214585e-05
40.90795460226989,3.841626741385004e-05
40.91295435228239,1.228026366091808e-05
40.91795410229489,3.5638058693109095e-05
40.92295385230739,4.6230787669204325e-05
40.92795360231989,5.404343585780944e-05
40.93295335233239,4.721701995625819e-05
40.937953102344885,1.2087780841266457e-05
40.94295285235739,2.06993843569286e-05
40.94795260236989,9.985190454187149e-06
40.95295235238238,1.572333525697569e-05
40.957952102394884,2.446678558396686e-05
40.962951852407386,1.9084535340117765e-05
40.96795160241988,7.748585269529317e-06
40.97295135243238,3.045145359911293e-05
40.977951102444884,3.5960961693236006e-05
40.98295085245738,6.170295060483049e-05
40.98795060246988,5.5923293535838736e-05
40.99295035248238,1.3047753152892404e-05
40.997950102494876,9.466539956635802e-06
41.00294985250738,3.692903969748994e-06
41.00794960251988,2.242901846625497e-05
41.01294935253238,4.8132512120169384e-05
41.017949102544875,1.5737681922447328e-05
41.02294885255738,5.159938798307184e-05
41.02794860256988,4.013512183297739e-05
41.03294835258237,1.4256182529795124e-05
41.037948102594875,3.505674824928082e-05
41.04294785260738,1.8362892512074699e-06
41.04794760261987,1.6666198667573433e-05
41.05294735263237,6.174811100054654e-05
41.057947102644874,2.3051308555217306e-05
41.06294685265737,7.02881763677199e-05
41.06794660266987,3.523344842723238e-05
41.07294635268237,8.43468116690046e-05
41.07794610269487,1.7423224039852577e-05
41.08294585270737,6.745203647322174e-06
41.08794560271987,7.512617516115763e-05
41.092945352732364,4.513550625662765e-05
41.097945102744866,2.054845514868286e-05
41.10294485275737,2.570706369405237e-05
41.10794460276986,4.603991122198043e-05
41.112944352782364,1.958872750983838e-05
41.117944102794866,4.474084805153197e-05
41.12294385280737,5.329581501336134e-05
41.12794360281986,2.0689152470599895e-05
41.13294335283236,3.894393953611056e-05
41.137943102844865,4.858318351248529e-05
41.14294285285736,1.5364615760014714e-05
41.14794260286986,7.949605829515907e-06
41.15294235288236,2.4700606373966823e-05
41.15794210289486,5.965815872153899e-05
41.16294185290736,2.8099588621757774e-05
41.16794160291986,5.472213293310301e-05
41.172941352932355,1.3862484193980985e-05
41.17794110294486,2.203133258459491e-05
41.18294085295736,2.2500295717167375e-05
41.18794060296985,1.8246717876479142e-05
41.192940352982355,4.813989370761456e-05
41.197940102994856,4.084685930966119e-05
41.20293985300735,5.4764217673562964e-05
41.20793960301985,3.5874727902374805e-05
41.212939353032354,1.5091146057241712e-05
41.21793910304485,1.758881833843655e-05
41.22293885305735,2.3782032072256425e-05
41.22793860306985,2.371525120037731e-05
41.23293835308235,2.954352971596459e-05
41.23793810309485,1.4082446856846502e-05
41.24293785310735,1.6470280311275883e-05
41.24793760311985,4.4056196785965994e-05
41.252937353132346,2.5955449698436364e-05
41.25793710314485,1.5715510508132012e-05
41.26293685315735,3.480111288625655e-05
41.267936603169844,1.0884136182073606e-05
41.272936353182345,7.309252047707869e-06
41.27793610319485,2.6489167331021347e-05
41.28293585320734,3.2736152763892464e-05
41.28793560321984,3.764337522309269e-05
41.292935353232345,1.5044771460584288e-05
41.29793510324484,5.0898057878858817e-05
41.30293485325734,5.3398101045363184e-05
41.30793460326984,1.710218216937425e-05
41.31293435328234,7.278823615956405e-06
41.31793410329484,3.260677064143417e-05
41.32293385330734,2.9601291313514124e-05
41.327933603319835,8.603633025276575e-06
41.332933353332336,8.273612042526227e-06
41.33793310334484,7.118833892306894e-06
41.34293285335734,3.3045350770566564e-05
41.347932603369834,2.8993936298940094e-05
41.352932353382336,3.905766458367734e-05
41.35793210339484,3.6370582048573556e-05
41.36293185340733,8.154273636769726e-06
41.367931603419834,1.0350499768971208e-05
41.372931353432335,1.0317405034436488e-05
41.37793110344483,5.5405934770379316e-05
41.38293085345733,2.658532268307084e-05
41.38793060346983,1.7915069241861858e-05
41.39293035348233,2.159812260357341e-05
41.39793010349483,5.438525529665294e-05
41.40292985350733,1.4508854364458711e-05
41.407929603519825,5.1255289169297004e-05
41.41292935353233,5.4317601043963435e-05
41.41792910354483,5.2430093249835795e-05
41.42292885355732,4.5886176184933075e-06
41.427928603569825,3.6742428428210445e-05
41.43292835358233,1.5148931139947906e-05
41.43792810359482,7.033769844310836e-05
41.44292785360732,4.117404615842191e-05
41.447927603619824,1.282766855979009e-05
41.452927353632326,2.542044415635885e-05
41.45792710364482,4.3402757155715846e-05
41.46292685365732,9.42591121286568e-06
41.467926603669824,7.282635326253618e-06
41.47292635368232,3.086126781839675e-05
41.47792610369482,3.126174379018256e-05
41.48292585370732,3.6640440748051074e-05
41.487925603719816,9.137485690443992e-06
41.49292535373232,4.6157080725072736e-05
41.49792510374482,1.1398288826783162e-05
41.502924853757314,6.29320055388137e-05
41.507924603769816,1.806364138839824e-05
41.51292435378232,2.0579262066945e-05
41.51792410379481,1.3864436860076681e-05
41.52292385380731,7.893921874557411e-06
41.527923603819815,2.9578683487793913e-05
41.53292335383231,2.045555267235041e-05
41.53792310384481,3.464177559911504e-05
41.54292285385731,2.9045341223287595e-05
41.54792260386981,3.787687072087002e-05
41.55292235388231,3.81177534997021e-05
41.55792210389481,1.1314704380647712e-05
41.56292185390731,1.593687637188474e-05
41.56792160391981,8.89599895957814e-07
41.57292135393231,1.6318550083905576e-05
41.57792110394481,2.078323665130559e-05
41.582920853957305,3.0638763220630535e-05
41.587920603969806,1.3743923338433707e-05
41.59292035398231,1.5628554125102886e-05
41.5979201039948,3.333674686648756e-05
41.602919854007304,2.8368167039266547e-05
41.607919604019806,6.0854064702852075e-05
41.6129193540323,9.92818565215182e-06
41.6179191040448,2.566433159407869e-05
41.6229188540573,4.31262621948331e-05
41.6279186040698,1.4150536685168185e-05
41.6329183540823,4.9381690900911074e-05
41.6379181040948,3.4403773570160025e-05
41.642917854107296,3.0382259831099268e-05
41.6479176041198,1.9159102189336183e-05
41.6529173541323,3.615844878258722e-05
41.65791710414479,2.9032467272826873e-05
41.662916854157295,2.0449094475629245e-05
41.6679166041698,4.6768573930016085e-05
41.6729163541823,2.3087577630601033e-05
41.67791610419479,3.75831822063085e-05
41.682915854207295,2.5485670123573308e-05
41.687915604219796,1.4670339400603974e-05
41.69291535423229,1.3121635654941119e-05
41.69791510424479,1.6862202885886658e-05
41.702914854257294,3.1819430060537713e-05
41.70791460426979,2.1388614403824017e-05
41.71291435428229,3.1187735230620646e-05
41.71791410429479,4.021225934308454e-05
41.722913854307286,2.282831267080087e-05
41.72791360431979,1.5111838985165829e-05
41.73291335433229,2.776005241713006e-05
41.737913104344784,7.864260830564244e-06
41.742912854357286,2.8977618894410286e-05
41.74791260436979,1.9688008576596544e-05
41.75291235438228,1.0929563358975689e-05
41.757912104394784,2.2803273019115506e-05
41.762911854407285,2.425382689194041e-05
41.76791160441978,3.872229570916024e-05
41.77291135443228,2.580596117717402e-05
41.77791110444478,1.762962084565224e-05
41.782910854457285,9.891603543663581e-06
41.78791060446978,2.8541340213799027e-05
41.79291035448228,1.3459849380179356e-05
41.79791010449478,3.560893111213904e-05
41.80290985450728,1.5536495097889262e-05
41.80790960451978,4.058461781206552e-05
41.81290935453228,3.185000186445371e-05
41.817909104544775,1.6853990972615903e-05
41.82290885455728,3.411941896054583e-05
41.82790860456978,2.0597573130642334e-05
41.83290835458227,7.179387452338811e-06
41.837908104594774,2.201743181602852e-05
41.842907854607276,2.2556975607814888e-05
41.84790760461977,1.9291403803679424e-05
41.85290735463227,4.2309579557588624e-05
41.857907104644774,2.411039852956574e-05
41.86290685465727,2.3678217784906458e-05
41.86790660466977,2.2382397169093732e-05
41.87290635468227,1.7260732068701043e-05
41.877906104694766,6.784066685804807e-06
41.88290585470727,2.7845388963545802e-05
41.88790560471977,5.811934032798381e-06
41.89290535473227,2.2973389711665867e-05
41.897905104744765,1.1400471048323288e-05
41.90290485475727,1.9358420560989588e-05
41.90790460476977,2.7181995198687164e-05
41.91290435478226,1.9523530286489317e-05
41.917904104794765,3.3953858993972434e-05
41.92290385480727,4.4656206187393e-05
41.92790360481976,2.627383227113111e-05
41.93290335483226,9.82222166623999e-06
41.937903104844764,2.6255377411289217e-05
41.94290285485726,2.5610901760367536e-05
41.94790260486976,1.2687275227936035e-05
41.95290235488226,2.4567021881933267e-05
41.95790210489476,1.3714704633960395e-05
41.96290185490726,1.4147822956955644e-05
41.96790160491976,3.1423647120697726e-05
41.972901354932254,1.5993109958092403e-05
41.977901104944756,2.172465177423025e-05
41.98290085495726,2.814897910394032e-05
41.98790060496975,9.2760578463165e-06
41.992900354982254,2.238299749498223e-05
41.997900104994756,2.2672688596119346e-05
42.00289985500726,2.2737982668320134e-05
42.00789960501975,3.113203019016253e-05
42.01289935503225,8.810434190833888e-06
42.017899105044755,1.7021394539063277e-05
42.02289885505725,2.34655278920239e-05
42.02789860506975,3.3105169267116534e-05
42.03289835508225,1.569222839024668e-06
42.03789810509475,3.2898926117068073e-05
42.04289785510725,3.810215446115894e-05
42.04789760511975,2.7888655484529056e-05
42.052897355132245,1.5343736996298335e-05
42.05789710514475,5.3589317205828505e-06
42.06289685515725,2.2002088019449358e-05
42.06789660516974,8.21763414559763e-06
42.072896355182245,2.817658044512135e-05
42.077896105194746,2.9899425298094437e-05
42.08289585520724,1.0606292263866276e-05
42.08789560521974,7.157244864326472e-06
42.092895355232244,3.283464680104038e-05
42.09789510524474,1.391253732010814e-05
42.10289485525724,2.502063409814835e-05
42.10789460526974,2.1167087543048388e-05
42.11289435528224,1.1038892086099561e-05
42.11789410529474,2.125690659481273e-05
42.12289385530724,1.0810238533941493e-05
42.12789360531974,2.951077068728806e-05
42.132893355332236,3.6081162895383537e-06
42.13789310534474,2.4942153380220586e-05
42.14289285535724,1.0854796891218527e-05
42.147892605369734,9.39998375231442e-06
42.152892355382235,3.856006779333905e-05
42.15789210539474,2.002101411196712e-05
42.16289185540723,2.672457121371311e-05
42.16789160541973,8.76485527354363e-06
42.172891355432235,5.658412327302612e-06
42.17789110544473,1.0258683400464403e-05
42.18289085545723,1.2886858778501194e-05
42.18789060546973,1.3998772131305401e-05
42.19289035548223,3.2194059088069646e-05
42.19789010549473,6.791211569132505e-06
42.20288985550723,1.8186786059210915e-05
42.207889605519725,1.3835544078498259e-05
42.212889355532226,1.2417260524227803e-05
42.21788910554473,3.0352336705335366e-05
42.22288885555723,1.7722877702640636e-05
42.227888605569724,9.95991351662356e-06
42.232888355582226,1.6941626983847845e-05
42.23788810559473,1.7491669158820984e-05
42.24288785560722,6.334840219926683e-06
42.247887605619724,9.352133102507892e-06
42.252887355632225,1.909856595842266e-05
42.25788710564472,2.5137567956365305e-05
42.26288685565722,7.99166783910058e-06
42.26788660566972,1.2935623234728034e-05
42.27288635568222,1.2676453263940428e-05
42.27788610569472,2.0519842900331866e-05
42.28288585570722,1.6059764667185508e-05
42.287885605719715,5.530253028974475e-06
42.29288535573222,2.4215379811862355e-05
42.29788510574472,1.9170058718943747e-05
42.30288485575721,2.1268917041427872e-05
42.307884605769715,1.1467257282102241e-05
42.31288435578222,3.933723617498771e-06
42.31788410579471,1.4962284465062773e-05
42.32288385580721,1.4319463216233665e-05
42.327883605819714,1.2817331342025179e-05
42.332883355832216,2.692645298438129e-05
42.33788310584471,2.9410576441631493e-05
42.34288285585721,4.023870470037387e-05
42.347882605869714,3.695870122850226e-05
42.35288235588221,1.0521457631387095e-05
42.35788210589471,1.8855517100201314e-06
42.36288185590721,1.2734367410969448e-05
42.367881605919706,2.240096690234681e-05
42.37288135593221,2.3398286901200902e-05
42.37788110594471,1.9614063393578024e-05
42.382880855957204,1.4239952143240247e-05
42.387880605969706,2.207783826622669e-05
42.39288035598221,2.219191704205261e-05
42.3978801059947,2.0176959370390592e-05
42.4028798560072,7.266561014776044e-06
42.407879606019705,9.707070915505692e-06
42.4128793560322,1.2663669115392055e-05
42.4178791060447,1.8663248160369e-05
42.4228788560572,2.0010158758452595e-05
42.4278786060697,9.689445010416883e-06
42.4328783560822,9.234554030973954e-06
42.4378781060947,1.729209411258593e-05
42.4428778561072,8.881309104032587e-06
42.4478776061197,1.625099080588203e-05
42.4528773561322,1.2111899016446773e-05
42.4578771061447,4.083766806690203e-06
42.462876856157195,1.3223108991235372e-05
42.467876606169696,1.8438756770883615e-05
42.4728763561822,1.4659509203856241e-05
42.47787610619469,1.3052887746567997e-05
42.482875856207194,1.8721555084313894e-05
42.487875606219696,1.903908784126849e-05
42.49287535623219,2.625731110960589e-05
42.49787510624469,1.765952666591003e-05
42.50287485625719,1.0893807875379167e-05
42.50787460626969,3.305136038969034e-05
42.51287435628219,1.6929745539881194e-05
42.51787410629469,2.0629863995855632e-05
42.522873856307186,8.586934340690316e-06
42.52787360631969,1.3912609789666514e-05
42.53287335633219,1.964669180671356e-05
42.53787310634468,2.213539986801975e-05
42.542872856357185,9.820069979099578e-06
42.54787260636969,1.607229431294336e-05
42.55287235638219,1.4998141599880453e-05
42.55787210639468,1.1296063090099407e-05
42.562871856407185,1.292228820192673e-05
42.567871606419686,1.308019013507184e-05
42.57287135643218,1.8254775342818562e-05
42.57787110644468,8.907573353278783e-06
42.582870856457184,1.1202582772920445e-05
42.58787060646968,2.49071450234902e-05
42.59287035648218,2.977993077732299e-05
42.59787010649468,1.3483129942138187e-05
42.602869856507176,1.8607388692341185e-05
42.60786960651968,1.1738802338063987e-05
42.61286935653218,1.0070430364060232e-05
42.617869106544674,1.2529703150418062e-05
42.622868856557176,1.2553423605381915e-05
42.62786860656968,2.3858126781295312e-05
42.63286835658217,3.820505958548911e-05
42.637868106594674,1.6485833910126904e-05
42.642867856607175,1.1142564251386093e-05
42.64786760661967,1.4016989942609128e-05
42.65286735663217,1.0981301715816446e-05
42.65786710664467,1.1505807020638124e-05
42.662866856657175,3.346073818007473e-05
42.66786660666967,3.706284215228986e-06
42.67286635668217,1.7343152671048794e-05
42.67786610669467,1.2774469611536888e-05
42.68286585670717,7.832104144269198e-06
42.68786560671967,1.3411253810368665e-05
42.69286535673217,1.3205564248752176e-05
42.697865106744665,5.231707687789889e-06
42.70286485675717,1.1628021567770496e-05
42.70786460676967,1.5193671048262693e-05
42.71286435678216,1.7941157237362297e-05
42.717864106794664,1.6221948645006637e-05
42.722863856807166,1.2634543262380138e-05
42.72786360681966,1.3483791418890452e-05
42.73286335683216,1.5207025925906941e-05
42.737863106844664,1.4597012559772808e-05
42.74286285685716,1.7715581490668915e-05
42.74786260686966,3.086660458024378e-05
42.75286235688216,1.4192002451729672e-05
42.757862106894656,7.76810937854745e-06
42.76286185690716,8.34749112255416e-06
42.76786160691966,1.8601601818195264e-05
42.77286135693216,5.741632424629351e-06
42.777861106944655,1.3712485084241396e-05
42.78286085695716,1.1764751006079962e-05
42.78786060696966,1.7142521981131112e-05
42.79286035698215,1.904796422473962e-05
42.797860106994655,1.7699737180446591e-06
42.80285985700716,1.788533676415091e-05
42.80785960701965,2.1141892100132274e-05
42.81285935703215,3.0446536487367744e-05
42.817859107044654,2.5190451808113757e-05
42.82285885705715,1.0525995694809463e-05
42.82785860706965,1.1363901855927895e-05
42.83285835708215,2.273616860180539e-05
42.83785810709465,7.999750280912259e-06
42.84285785710715,7.330931630477242e-06
42.84785760711965,1.411677487077335e-05
42.852857357132145,2.180206287165222e-05
42.857857107144646,1.8002140228436025e-05
42.86285685715715,2.4077408328136884e-05
42.86785660716964,6.640386389970244e-06
42.872856357182144,5.209106304823525e-06
42.877856107194646,4.558658795830173e-06
42.88285585720715,1.2379765214202576e-05
42.88785560721964,9.183585919059966e-06
42.89285535723214,2.9329553331009585e-06
42.897855107244645,2.8731096376589635e-06
42.90285485725714,5.488432639637634e-06
42.90785460726964,1.9858529286470255e-05
42.91285435728214,2.1652507722324957e-06
42.91785410729464,1.2082500639858568e-05
42.92285385730714,9.84315481427452e-06
42.92785360731964,1.5417743575704924e-05
42.932853357332135,1.0701738116014171e-05
42.93785310734464,2.0244197927860392e-05
42.94285285735714,1.203511337885607e-05
42.94785260736963,1.5428274935190112e-05
42.952852357382135,3.206297660640959e-06
42.957852107394636,1.1711097887398144e-05
42.96285185740713,9.57474059456491e-06
42.96785160741963,1.0040591000212734e-05
42.972851357432134,1.186426562511469e-05
42.97785110744463,8.547644917027647e-06
42.98285085745713,8.09829228114327e-06
42.98785060746963,1.0268166140779805e-05
42.99285035748213,7.298342294163668e-06
42.99785010749463,8.378177560367548e-06
43.00284985750713,5.822826099517089e-06
43.00784960751963,1.6057429428288704e-05
43.012849357532126,1.0215913713735602e-05
43.01784910754463,1.7436458245309256e-05
43.02284885755713,1.735240182312901e-05
43.027848607569624,1.0816735845859026e-05
43.032848357582125,1.1961140600905602e-05
43.03784810759463,1.625504322036542e-05
43.04284785760712,1.1715526312673318e-05
43.04784760761962,1.5423249643612177e-05
43.052847357632125,1.3348937655747991e-05
43.05784710764462,1.0934755877749138e-05
43.06284685765712,1.5955102675626186e-05
43.06784660766962,1.64428645636943e-05
43.07284635768212,1.1974722770979596e-05
43.07784610769462,9.68644163172663e-06
43.08284585770712,5.318999990913747e-06
43.087845607719615,1.3788547368384916e-05
43.092845357732116,1.3099420465686548e-05
43.09784510774462,7.5741086253531825e-06
43.10284485775712,1.7258302407759813e-05
43.107844607769614,1.3341997425779177e-05
43.112844357782116,5.682965964778247e-06
43.11784410779462,1.3898453554753438e-05
43.12284385780711,8.593886625104133e-06
43.127843607819614,1.4653154617076861e-05
43.132843357832115,3.48289288691153e-06
43.13784310784461,1.7958195597573467e-05
43.14284285785711,4.819834796660516e-06
43.14784260786961,5.245942824926272e-06
43.15284235788211,1.596066583521394e-05
43.15784210789461,1.2547441821674717e-05
43.16284185790711,1.125021232489722e-05
43.167841607919605,5.897437604094839e-06
43.17284135793211,1.1645356052690757e-05
43.17784110794461,1.759774957598348e-05
43.1828408579571,9.533109756557328e-06
43.187840607969605,1.333418451246657e-05
43.19284035798211,1.4609013629461577e-05
43.1978401079946,7.758130382537767e-06
43.2028398580071,4.068160514058192e-06
43.207839608019604,1.613896909342315e-05
43.212839358032106,7.433163041173475e-06
43.2178391080446,2.0384344625140426e-05
43.2228388580571,1.2581220980373673e-06
43.227838608069604,6.7608182170944485e-06
43.2328383580821,8.252643623020961e-06
43.2378381080946,9.633369054172993e-06
43.2428378581071,1.3199292521891626e-05
43.247837608119596,1.7265903294435468e-05
43.2528373581321,1.531070842518116e-05
43.2578371081446,3.867259323699876e-06
43.262836858157094,3.2357771255796225e-06
43.267836608169596,1.3710617296786916e-05
43.2728363581821,2.844104086179242e-06
43.27783610819459,1.396799653825524e-05
43.28283585820709,2.149019799445086e-05
43.287835608219595,5.724822039107688e-06
43.29283535823209,9.04439914266524e-06
43.29783510824459,2.8471659481215418e-06
43.30283485825709,5.989130938962655e-06
43.30783460826959,1.2404346487558217e-05
43.31283435828209,7.248395458023905e-06
43.31783410829459,1.581207448845122e-05
43.32283385830709,1.200846235365289e-05
43.32783360831959,1.2044313716454797e-05
43.33283335833209,1.3075226670392177e-05
43.33783310834459,2.175710947799227e-06
43.342832858357085,5.006017397454479e-06
43.347832608369586,8.400943082932056e-06
43.35283235838209,9.74068251321357e-06
43.35783210839458,2.2136211574018776e-06
43.362831858407084,2.0460267413037627e-05
43.367831608419586,7.816861116024879e-06
43.37283135843208,1.5271246049729467e-05
43.37783110844458,9.934610824370793e-06
43.38283085845708,1.6453340044380152e-05
43.38783060846958,1.9805575585744514e-05
43.39283035848208,1.570181513421329e-05
43.39783010849458,3.282263226597331e-06
43.402829858507076,7.036036541780984e-06
43.40782960851958,6.086493515245881e-06
43.41282935853208,6.400878292718037e-06
43.417829108544574,9.379928724369574e-06
43.422828858557075,9.439608009045525e-06
43.42782860856958,1.2724741494458687e-05
43.43282835858208,6.015128443901133e-06
43.43782810859457,6.312109776968378e-06
43.442827858607075,1.093591686769713e-05
43.447827608619576,1.3449549282381833e-05
43.45282735863207,1.5409242121557678e-05
43.45782710864457,4.868646349849533e-06
43.462826858657074,5.669318932994932e-06
43.46782660866957,7.38822510185054e-06
43.47282635868207,1.0115321411062674e-05
43.47782610869457,1.313353663606944e-05
43.482825858707066,9.607346270091576e-06
43.48782560871957,1.0095291597792117e-05
43.49282535873207,3.5975072421270635e-06
43.497825108744564,9.525641244124187e-06
43.502824858757066,6.963267478612079e-06
43.50782460876957,9.656810049473764e-06
43.51282435878206,8.908378984534596e-06
43.517824108794564,9.46775954202549e-06
43.522823858807065,3.7363582559797717e-06
43.52782360881956,1.1113677489471116e-05
43.53282335883206,6.320485182449216e-06
43.53782310884456,1.1990135945938724e-05
43.542822858857065,5.423637159244334e-06
43.54782260886956,4.530242398934255e-06
43.55282235888206,1.1082502272053552e-05
43.55782210889456,8.733202829325947e-06
43.56282185890706,5.6014000369650805e-06
43.56782160891956,5.186514963200925e-06
43.57282135893206,5.94548736457735e-06
43.577821108944555,1.1851683840853224e-05
43.58282085895706,5.042645849004114e-06
43.58782060896956,1.2315050486340223e-05
43.59282035898205,8.223578006794632e-06
43.597820108994554,6.982172862221995e-06
43.602819859007056,4.9742759030617965e-06
43.60781960901955,5.150709621167867e-06
43.61281935903205,1.3383241096367448e-05
43.617819109044554,5.671837388900637e-06
43.62281885905705,3.587808157153567e-06
43.62781860906955,9.916336772693758e-06
43.63281835908205,1.0028688624138638e-05
43.637818109094546,5.346895584779091e-06
43.64281785910705,6.0879190312889e-06
43.64781760911955,1.0607455648081567e-05
43.65281735913205,5.288983554132528e-06
43.657817109144545,5.635451700295721e-06
43.66281685915705,1.5868951940488927e-05
43.66781660916955,4.114596220700504e-06
43.67281635918204,7.206823109673061e-06
43.677816109194545,8.31514919382796e-06
43.68281585920705,9.779283139946417e-06
43.68781560921954,8.069658037404004e-06
43.69281535923204,1.015454216542987e-05
43.697815109244544,2.700685712804288e-06
43.70281485925704,1.069801881646447e-05
43.70781460926954,9.84995563702779e-06
43.71281435928204,1.6222735113703743e-05
43.71781410929454,7.532695589782912e-06
43.72281385930704,3.905154064434376e-06
43.72781360931954,1.1948714369016944e-05
43.732813359332035,3.287645343723538e-06
43.737813109344536,1.46079449921149e-05
43.74281285935704,5.446091438166639e-06
43.74781260936953,8.419498361636208e-06
43.752812359382034,1.3756454871051488e-05
43.757812109394536,1.844208057406207e-06
43.76281185940704,3.969533431059747e-06
43.76781160941953,6.850745381719653e-06
43.77281135943203,9.786260984026595e-06
43.777811109444535,5.33253760729997e-06
43.78281085945703,8.215755393762046e-06
43.78781060946953,1.0146475589407292e-05
43.79281035948203,1.4254817997841049e-05
43.79781010949453,6.903191018827317e-06
43.80280985950703,2.8656147119149407e-06
43.80780960951953,9.602290904816699e-06
43.812809359532025,5.550444010239064e-06
43.81780910954453,7.83071800230262e-06
43.82280885955703,2.3892475778420973e-06
43.82780860956952,6.628645562098835e-06
43.832808359582025,5.562413803594378e-06
43.837808109594526,8.857552919834008e-06
43.84280785960702,6.752676031379979e-06
43.84780760961952,3.7562316974130487e-06
43.852807359632024,8.109111945214737e-06
43.85780710964452,9.49349784906031e-06
43.86280685965702,7.2800937232220965e-06
43.86780660966952,1.2219337139349879e-05
43.87280635968202,3.5028948085049627e-06
43.87780610969452,3.770111499937023e-06
43.88280585970702,5.2475075030009215e-06
43.88780560971952,1.0243373549744041e-05
43.892805359732016,2.630754947335137e-06
43.89780510974452,4.708703911437778e-06
43.90280485975702,6.569301138704445e-06
43.907804609769514,9.075360585192512e-06
43.912804359782015,7.453812193491336e-06
43.91780410979452,9.805642558261726e-06
43.92280385980701,1.2689491239349617e-05
43.92780360981951,6.286876147809656e-06
43.932803359832015,1.2718443110211454e-05
43.93780310984451,6.332828211522955e-06
43.94280285985701,8.437043017290334e-06
43.94780260986951,6.967369431850824e-06
43.95280235988201,6.632274004802994e-06
43.95780210989451,5.821486087357973e-06
43.96280185990701,5.924456197264469e-06
43.967801609919505,7.794855073565576e-06
43.97280135993201,6.085908709169773e-06
43.97780110994451,6.793088051004958e-06
43.98280085995701,9.04548871610723e-06
43.987800609969504,4.225296545112991e-06
43.992800359982006,6.941294937182132e-06
43.99780010999451,7.621804236754688e-06
44.002799860007,1.3938941125269771e-05
44.007799610019504,7.947309324102201e-06
44.012799360032005,2.1204093268777152e-06
44.0177991100445,4.335841926086347e-06
44.022798860057,6.319581155961559e-06
44.0277986100695,2.678400060358694e-06
44.032798360082,5.630765659870742e-06
44.0377981100945,8.491029644544015e-06
44.042797860107,5.345793632629114e-06
44.047797610119495,3.5211800232326337e-06
44.052797360132,8.075185130341209e-06
44.0577971101445,1.0290837048517337e-05
44.06279686015699,8.832873316329995e-06
44.067796610169495,4.55111288108598e-06
44.072796360182,2.7569180978276902e-06
44.07779611019449,7.659799777570485e-06
44.08279586020699,7.2169357601545755e-06
44.087795610219494,8.917018720677277e-06
44.092795360231996,3.881153865965353e-06
44.09779511024449,4.7093517450324405e-06
44.10279486025699,2.8703156302168887e-06
44.107794610269494,4.839848209381538e-06
44.11279436028199,8.12194803896942e-06
44.11779411029449,6.315042732283882e-06
44.12279386030699,4.0588136796342805e-06
44.127793610319486,8.154458119465894e-06
44.13279336033199,2.7152963301516952e-06
44.13779311034449,8.291469916014931e-06
44.142792860356984,6.26110283531613e-06
44.147792610369486,7.454448442626412e-06
44.15279236038199,4.99073823436252e-06
44.15779211039448,9.130577015193907e-06
44.16279186040698,2.418623164052472e-06
44.167791610419485,6.529872150967658e-06
44.17279136043198,4.116388119456549e-06
44.17779111044448,3.411729551804273e-06
44.18279086045698,2.7104348924271916e-06
44.18779061046948,1.0546363562921353e-05
44.19279036048198,3.2912771926014836e-06
44.19779011049448,7.37715942568381e-06
44.20278986050698,8.271055947458749e-06
44.20778961051948,6.648815147879963e-06
44.21278936053198,8.800722075180944e-06
44.21778911054448,7.211226397426398e-06
44.222788860556975,6.674133123860533e-06
44.227788610569476,1.1538423148922391e-05
44.23278836058198,6.82259909549875e-06
44.23778811059447,5.165883941459975e-06
44.242787860606974,6.039318510277315e-06
44.247787610619476,5.0968678310619005e-06
44.25278736063197,5.6175429575917015e-06
44.25778711064447,4.290763177314057e-06
44.26278686065697,4.350468496793914e-06
44.26778661066947,5.794214330804223e-06
44.27278636068197,4.717627267078964e-06
44.27778611069447,3.38680552263522e-06
44.282785860706966,9.232363425929464e-06
44.28778561071947,4.639779263801983e-06
44.29278536073197,4.601303775460648e-06
44.297785110744464,6.039547241523674e-06
44.302784860756965,4.7942397002942815e-06
44.30778461076947,6.3488894644342266e-06
44.31278436078197,6.4720183786538895e-06
44.31778411079446,5.000486673563639e-06
44.322783860806965,7.85902175240422e-06
44.327783610819466,7.101047604889402e-06
44.33278336083196,7.588666766196102e-06
44.33778311084446,6.4556931186149905e-06
44.342782860856964,3.427990851849265e-06
44.34778261086946,1.9331339125341482e-06
44.35278236088196,4.547712843905366e-06
44.35778211089446,6.789304680088614e-06
44.362781860906956,4.780879677543524e-06
44.36778161091946,4.104959710035984e-06
44.37278136093196,9.73352704333036e-06
44.377781110944454,6.0141796442939655e-06
44.382780860956956,3.968657266781166e-06
44.38778061096946,2.936587994659058e-06
44.39278036098195,6.074400621873001e-06
44.397780110994454,6.596774375276539e-06
44.402779861006955,3.61031520282017e-06
44.40777961101946,4.229601909797796e-06
44.41277936103195,4.257529489153221e-06
44.41777911104445,5.169748131865065e-06
44.422778861056955,5.2213207361827805e-06
44.42777861106945,5.2063758492463305e-06
44.43277836108195,5.030014673452501e-06
44.43777811109445,6.121577739635974e-06
44.44277786110695,3.502811997334268e-06
44.44777761111945,6.0936347019088045e-06
44.45277736113195,6.1307677670711934e-06
44.457777111144445,4.297153454688465e-06
44.46277686115695,6.086978529827462e-06
44.46777661116945,2.8725433435583538e-06
44.47277636118194,3.5093663273143464e-06
44.477776111194444,5.256615748405905e-06
44.482775861206946,4.265249676099683e-06
44.48777561121944,7.689266319509328e-06
44.49277536123194,7.67993212310866e-06
44.497775111244444,8.143569082167847e-06
44.50277486125694,5.8798515261097415e-06
44.50777461126944,3.804832492166452e-06
44.51277436128194,4.276031345938909e-06
44.51777411129444,6.674809586842833e-06
44.52277386130694,2.944511189165369e-06
44.52777361131944,7.377421409241266e-06
44.53277336133194,3.745428919301736e-06
44.537773111344436,5.1163930463117575e-06
44.54277286135694,4.000831677173282e-06
44.54777261136944,7.5276751858056935e-06
44.55277236138193,5.212013963882406e-06
44.557772111394435,2.7139986304694296e-06
44.56277186140694,5.805383429352267e-06
44.56777161141943,4.656760667718595e-06
44.57277136143193,6.903985574940903e-06
44.577771111444434,6.241544546083533e-06
44.58277086145693,6.230239831604295e-06
44.58777061146943,3.508445400323304e-06
44.59277036148193,9.012029464994475e-06
44.59777011149443,1.2763276156320762e-06
44.60276986150693,3.8716109241303784e-06
44.60776961151943,6.7063751657037e-06
44.612769361531925,5.207692798864361e-06
44.617769111544426,5.453684583583263e-06
44.62276886155693,6.35535279453733e-06
44.62776861156943,5.370318582048671e-06
44.632768361581924,3.614659894391736e-06
44.637768111594426,5.6858367122808965e-06
44.64276786160693,7.966470157230969e-06
44.64776761161942,6.21827919516792e-06
44.65276736163192,3.5511619948051704e-06
44.657767111644425,5.083917844822609e-06
44.66276686165692,5.9898872491411985e-06
44.66776661166942,4.971970963678362e-06
44.67276636168192,3.4942767662094886e-06
44.67776611169442,3.7577307566654153e-06
44.68276586170692,6.383814379945428e-06
44.68776561171942,4.299020672844114e-06
44.692765361731915,3.4898650622631472e-06
44.69776511174442,6.7559800329530965e-06
44.70276486175692,6.775177389011049e-06
44.70776461176941,1.787438755696109e-06
44.712764361781915,4.9742414931761915e-06
44.717764111794416,4.214182254301647e-06
44.72276386180691,5.5968785077246416e-06
44.72776361181941,6.423461072948272e-06
44.732763361831914,7.727741612533645e-06
44.737763111844416,2.35404982381366e-06
44.74276286185691,5.466295990358613e-06
44.74776261186941,5.33742158201576e-06
44.75276236188191,5.840281165255031e-06
44.75776211189441,5.33442512972981e-06
44.76276186190691,4.463539704405e-06
44.76776161191941,5.97501937464446e-06
44.772761361931906,5.858081710072181e-06
44.77776111194441,4.200989867869972e-06
44.78276086195691,5.512909931767671e-06
44.787760611969404,5.3025445022099e-06
44.792760361981905,7.665852509452485e-06
44.79776011199441,5.476769560420463e-06
44.8027598620069,3.8545734088533675e-06
44.8077596120194,8.436407623167743e-06
44.812759362031905,2.4093838407319207e-06
44.8177591120444,6.65556588833926e-06
44.8227588620569,4.680138225005844e-06
44.8277586120694,5.094123700214493e-06
44.8327583620819,4.414197879332757e-06
44.8377581120944,6.241633095600864e-06
44.8427578621069,6.022823128581506e-06
44.8477576121194,3.6826347992446225e-06
44.8527573621319,3.5564424496859956e-06
44.8577571121444,4.771805456898852e-06
44.8627568621569,5.290453432739904e-06
44.867756612169394,6.990582167653434e-06
44.872756362181896,4.033578474893409e-06
44.8777561121944,5.088519608842726e-06
44.88275586220689,4.26174366344085e-06
44.887755612219394,5.4622099841535965e-06
44.892755362231895,2.5282743531349934e-06
44.89775511224439,5.109124071804737e-06
44.90275486225689,3.219888879136904e-06
44.90775461226939,6.075686350947012e-06
44.91275436228189,5.837445858443724e-06
44.91775411229439,4.5494505680470625e-06
44.92275386230689,5.608908010819696e-06
44.927753612319385,5.792013401039404e-06
44.93275336233189,6.4874145965544025e-06
44.93775311234439,2.866643784892632e-06
44.94275286235688,3.8098623696020337e-06
44.947752612369385,5.165390946693244e-06
44.95275236238189,8.175487509970165e-06
44.95775211239439,4.363741825612486e-06
44.96275186240688,6.158431932880619e-06
44.967751612419384,5.6166256664778836e-06
44.972751362431886,5.775566168950825e-06
44.97775111244438,4.581128575898063e-06
44.98275086245688,5.518948541303491e-06
44.987750612469384,6.1085062033113835e-06
44.99275036248188,6.7735547656690315e-06
44.99775011249438,4.293392862828105e-06
45.00274986250688,3.2325956287920995e-06
45.007749612519376,4.683092685584324e-06
45.01274936253188,6.234203591490163e-06
45.01774911254438,5.1205381615882985e-06
45.022748862556874,6.428344239404119e-06
45.027748612569376,5.341852770272308e-06
45.03274836258188,5.8945495383005425e-06
45.03774811259437,5.943378459299902e-06
45.04274786260687,5.317732999882291e-06
45.047747612619375,4.598721220390172e-06
45.05274736263187,5.602638433007948e-06
45.05774711264437,3.2863602389268797e-06
45.06274686265687,5.0739352854647e-06
45.067746612669374,6.136863098185591e-06
45.07274636268187,4.888529543135467e-06
45.07774611269437,3.344739915119488e-06
45.08274586270687,6.284001996649251e-06
45.08774561271937,3.889238046423143e-06
45.09274536273187,4.202465285000388e-06
45.09774511274437,4.876832303753206e-06
45.102744862756865,5.176819351906229e-06
45.107744612769366,3.5636454163213246e-06
45.11274436278187,3.727623750425942e-06
45.11774411279436,4.237869495081303e-06
45.122743862806864,1.9463355644230656e-06
45.127743612819366,3.5736437547166535e-06
45.13274336283186,5.9851343375578525e-06
45.13774311284436,3.756267277825589e-06
45.14274286285686,4.36488123255594e-06
45.14774261286936,4.314098356352794e-06
45.15274236288186,4.441395240677735e-06
45.15774211289436,6.73766586935547e-06
45.162741862906856,4.931612177234663e-06
45.16774161291936,4.2972253290718665e-06
45.17274136293186,4.932063559609599e-06
45.17774111294436,4.390269154033926e-06
45.182740862956855,5.1166261412247646e-06
45.18774061296936,3.994435631815149e-06
45.19274036298186,6.446434598826122e-06
45.19774011299435,5.335517956030172e-06
45.202739863006855,5.221358109589218e-06
45.207739613019356,4.938929898409319e-06
45.21273936303185,5.4293324059045265e-06
45.21773911304435,4.474709342879694e-06
45.222738863056854,5.609616609048865e-06
45.22773861306935,5.191977896631183e-06
45.23273836308185,4.370583880664375e-06
45.23773811309435,5.657565988668959e-06
45.242737863106846,4.048223415505239e-06
45.24773761311935,5.50554090863579e-06
45.25273736313185,5.960274594983421e-06
45.257737113144344,4.2487225728807235e-06
45.262736863156846,3.8725650363421986e-06
45.26773661316935,4.1041897046450295e-06
45.27273636318184,6.083749467601283e-06
45.277736113194344,4.432028485459665e-06
45.282735863206845,3.128949822581578e-06
45.28773561321935,3.880326576122787e-06
45.29273536323184,5.445624158392487e-06
45.29773511324434,3.7455560890145453e-06
45.302734863256845,4.218063825372611e-06
45.30773461326934,4.72637428610567e-06
45.31273436328184,4.091289212142628e-06
45.31773411329434,5.920635036555678e-06
45.32273386330684,6.138133266557192e-06
45.32773361331934,4.843372872888748e-06
45.33273336333184,4.909438303750673e-06
45.337733113344335,4.4413769297572e-06
45.34273286335684,5.0016342967005865e-06
45.34773261336934,4.607204183586147e-06
45.35273236338183,4.309384056685267e-06
45.357732113394334,4.298413505134983e-06
45.362731863406836,5.143612478228113e-06
45.36773161341933,2.4758534039743775e-06
45.37273136343183,4.670401786708427e-06
45.377731113444334,4.265114013130723e-06
45.38273086345683,4.145620461350918e-06
45.38773061346933,4.254972758583591e-06
45.39273036348183,4.526898440350678e-06
45.39773011349433,4.223709015084234e-06
45.40272986350683,4.8359768879579854e-06
45.40772961351933,3.652325680937437e-06
45.41272936353183,3.9446406662812795e-06
45.417729113544326,4.542130282451365e-06
45.42272886355683,4.605933851540728e-06
45.42772861356933,5.386111494047068e-06
45.43272836358182,4.455871893879999e-06
45.437728113594325,4.545545314745219e-06
45.44272786360683,3.667155206262091e-06
45.44772761361932,4.455017716303868e-06
45.45272736363182,4.945593665689635e-06
45.457727113644324,5.275264884151813e-06
45.46272686365682,4.624844391679023e-06
45.46772661366932,4.514057122035485e-06
45.47272636368182,4.703550600204318e-06
45.47772611369432,5.219092547772955e-06
45.48272586370682,4.611234760508658e-06
45.48772561371932,4.047610682276567e-06
45.492725363731815,4.649593882818262e-06
45.497725113744316,4.338417909594645e-06
45.50272486375682,4.142757997538522e-06
45.50772461376932,4.382532923647065e-06
45.512724363781814,4.809532909932528e-06
45.517724113794316,4.885932840030414e-06
45.52272386380682,4.555485721811615e-06
45.52772361381931,4.128257662035979e-06
45.53272336383181,5.5877271903273355e-06
45.537723113844315,4.021577567273917e-06
45.54272286385681,4.886914476729522e-06
45.54772261386931,5.199620013980005e-06
45.55272236388181,4.191861070781535e-06
45.55772211389431,5.352605887973746e-06
45.56272186390681,4.109358037460713e-06
45.56772161391931,4.756574181778383e-06
45.572721363931805,4.070109608401793e-06
45.57772111394431,5.044107073109182e-06
45.58272086395681,5.017765501993367e-06
45.5877206139693,3.515678191805275e-06
45.592720363981805,4.680981848542047e-06
45.597720113994306,3.6917388861205497e-06
45.6027198640068,5.359356324271411e-06
45.6077196140193,4.439363263088889e-06
45.612719364031804,5.151890974456702e-06
45.617719114044306,5.19514168668632e-06
45.6227188640568,4.452667201021044e-06
45.6277186140693,4.4590144753992135e-06
45.6327183640818,4.567268700010676e-06
45.6377181140943,3.8059387094317716e-06
45.6427178641068,4.88563434934814e-06
45.6477176141193,4.536830406801184e-06
45.652717364131796,4.876720779582174e-06
45.6577171141443,4.794796524118491e-06
45.6627168641568,4.495787032543656e-06
45.667716614169294,4.144221521694419e-06
45.672716364181795,4.860326324159123e-06
45.6777161141943,4.5443230038120305e-06
45.68271586420679,4.943562998641223e-06
45.68771561421929,4.316866198658694e-06
45.692715364231795,4.185094172845431e-06
45.69771511424429,4.113155884456551e-06
45.70271486425679,4.324537679269839e-06
45.70771461426929,4.366754109406453e-06
45.71271436428179,4.015321538751163e-06
45.71771411429429,3.942717591249691e-06
45.72271386430679,5.009599722309806e-06
45.72771361431929,4.696815670263626e-06
45.73271336433179,4.719895728403426e-06
45.73771311434429,4.523545565434826e-06
45.74271286435679,4.430589049944146e-06
45.747712614369284,4.972928983637487e-06
45.752712364381786,4.578252271088872e-06
45.75771211439429,4.349450875462884e-06
45.76271186440678,4.321368203243349e-06
45.767711614419284,4.079363929738675e-06
45.772711364431785,4.330504636266047e-06
45.77771111444428,3.91295310403188e-06
45.78271086445678,4.864749701704127e-06
45.78771061446928,5.398990773439769e-06
45.79271036448178,4.468333974452379e-06
45.79771011449428,4.5615567682479346e-06
45.80270986450678,5.06155094216147e-06
45.807709614519275,4.183385110854818e-06
45.81270936453178,4.028691471182654e-06
45.81770911454428,4.259525055682664e-06
45.82270886455677,4.699124584238952e-06
45.827708614569275,4.514853141614389e-06
45.83270836458178,3.798200461814139e-06
45.83770811459428,3.9904022455257215e-06
45.84270786460677,4.589685683813219e-06
45.847707614619274,4.953620021092772e-06
45.852707364631776,4.071373215872595e-06
45.85770711464427,4.149739231215866e-06
45.86270686465677,4.385818673047337e-06
45.867706614669274,4.222748739196189e-06
45.87270636468177,4.650772273602391e-06
45.87770611469427,4.9405642767261946e-06
45.88270586470677,4.0223913869642976e-06
45.887705614719266,3.4649145356734818e-06
45.89270536473177,3.943020136471653e-06
45.89770511474427,4.343505990515208e-06
45.902704864756764,4.6361273858368e-06
45.907704614769266,4.0186409865240425e-06
45.91270436478177,4.792193775370969e-06
45.91770411479426,4.343918861664881e-06
45.92270386480676,4.257058711113556e-06
45.927703614819265,4.723222141282422e-06
45.93270336483176,3.926173940647533e-06
45.93770311484426,3.9037793017304295e-06
45.94270286485676,4.921874381317111e-06
45.947702614869264,4.548005604339012e-06
45.95270236488176,4.258973579388636e-06
45.95770211489426,4.303939990981199e-06
45.96270186490676,4.162519112644162e-06
45.96770161491926,4.455764649530762e-06
45.97270136493176,4.54334143952754e-06
45.97770111494426,4.90757387347808e-06
45.982700864956755,3.940720220851092e-06
45.987700614969256,3.7314618268147762e-06
45.99270036498176,4.441306429142357e-06
45.99770011499425,4.577055175165538e-06
46.002699865006754,4.19247026053668e-06
46.007699615019256,3.9007975787170366e-06
46.01269936503175,4.170596254288505e-06
46.01769911504425,4.000133535359814e-06
46.02269886505675,4.166593682528301e-06
46.02769861506925,4.1752435897120116e-06
46.03269836508175,4.104059746719139e-06
46.03769811509425,3.922301729340928e-06
46.042697865106746,4.286981722403596e-06
46.04769761511925,4.254993210394463e-06
46.05269736513175,4.6808333028444936e-06
46.05769711514425,4.248835764649598e-06
46.062696865156745,4.312315080051178e-06
46.06769661516925,4.399511715242308e-06
46.07269636518175,4.629562043627556e-06
46.07769611519424,4.058582477407743e-06
46.082695865206745,4.337336370259522e-06
46.087695615219246,4.260889453022637e-06
46.09269536523174,4.482626506398674e-06
46.09769511524424,3.838496446455965e-06
46.102694865256744,4.470897355607231e-06
46.10769461526924,4.091008151081053e-06
46.11269436528174,3.976860709038067e-06
46.11769411529424,3.943708861882727e-06
46.122693865306736,4.160463450920179e-06
46.12769361531924,4.030017446088126e-06
46.13269336533174,3.994715984835129e-06
46.137693115344234,4.0780706418396075e-06
46.142692865356736,4.598823638841318e-06
46.14769261536924,4.422465691505135e-06
46.15269236538173,4.454498440951875e-06
46.157692115394234,4.0859619217108484e-06
46.162691865406735,4.424423669384195e-06
46.16769161541924,4.1286556235323505e-06
46.17269136543173,4.3428613403678185e-06
46.17769111544423,4.158641523266622e-06
46.182690865456735,4.433939375952088e-06
46.18769061546923,4.252694780646026e-06
46.19269036548173,4.2218412059133855e-06
46.19769011549423,3.918988995713686e-06
46.20268986550673,4.5646879699748294e-06
46.20768961551923,4.133304318252414e-06
46.21268936553173,4.2721638960221066e-06
46.217689115544225,3.909437633352604e-06
46.22268886555673,4.251398362824363e-06
46.22768861556923,4.460432362072312e-06
46.23268836558172,4.469273462335985e-06
46.237688115594224,4.0821258750746204e-06
46.242687865606726,4.443557177794394e-06
46.24768761561922,4.3780137641272834e-06
46.25268736563172,4.079343585440143e-06
46.257687115644224,4.499955168835358e-06
46.26268686565672,4.1179256386060115e-06
46.26768661566922,4.292218627129937e-06
46.27268636568172,3.947969236848544e-06
46.27768611569422,4.248461310506214e-06
46.28268586570672,3.991344649454563e-06
46.28768561571922,4.020075235829581e-06
46.29268536573172,4.423470409792434e-06
46.297685115744216,4.2485386574986305e-06
46.30268486575672,4.041064894898608e-06
46.30768461576922,3.837472063303026e-06
46.31268436578171,4.140346418591151e-06
46.317684115794215,4.145657409629012e-06
46.32268386580672,4.158685802125787e-06
46.32768361581921,4.146025380525268e-06
46.33268336583171,3.863571416386992e-06
46.337683115844214,4.364768320021927e-06
46.34268286585671,3.918260806855876e-06
46.34768261586921,4.0611730975528596e-06
46.35268236588171,4.132605799644623e-06
46.35768211589421,4.382510802813563e-06
46.36268186590671,4.009172562351727e-06
46.36768161591921,4.076663553204016e-06
46.372681365931705,3.7902504706503054e-06
46.377681115944206,4.428082418961353e-06
46.38268086595671,4.2797837908853594e-06
46.38768061596921,3.879096316741967e-06
46.392680365981704,3.935902600660196e-06
46.397680115994206,4.25221598696724e-06
46.40267986600671,4.260834582517652e-06
46.4076796160192,4.257659168751907e-06
46.4126793660317,4.105878659538454e-06
46.417679116044205,4.128222386460147e-06
46.4226788660567,4.053304482169979e-06
46.4276786160692,3.919508726564128e-06
46.4326783660817,4.00313152408964e-06
46.4376781160942,4.4198362586139875e-06
46.4426778661067,4.015430027567254e-06
46.4476776161192,4.326800083162401e-06
46.452677366131695,4.099028968442702e-06
46.4576771161442,4.057331881840007e-06
46.4626768661567,4.212591552595095e-06
46.46767661616919,4.184366453367448e-06
46.472676366181695,4.236538130694782e-06
46.477676116194196,3.851745542590722e-06
46.48267586620669,4.024644501351314e-06
46.48767561621919,4.19954422767121e-06
46.492675366231694,4.244351782007993e-06
46.497675116244196,4.010735636119175e-06
46.50267486625669,3.954026507726161e-06
46.50767461626919,4.045646239054523e-06
46.51267436628169,4.012187043324162e-06
46.51767411629419,4.251150349516652e-06
46.52267386630669,4.230087446997894e-06
46.52767361631919,4.260140570206227e-06
46.532673366331686,3.992884021890059e-06
46.53767311634419,4.260299379526798e-06
46.54267286635669,4.0900320567721426e-06
46.547672616369184,4.219678287921221e-06
46.552672366381685,4.162480935039819e-06
46.55767211639419,4.001859669652532e-06
46.56267186640668,4.042774134962551e-06
46.56767161641918,3.982394908288081e-06
46.572671366431685,4.154380709502621e-06
46.57767111644418,4.155522495367642e-06
46.58267086645668,3.887610131703823e-06
46.58767061646918,4.094370306734198e-06
46.59267036648168,4.099232803388288e-06
46.59767011649418,4.034337347742573e-06
46.60266986650668,4.081722509936696e-06
46.60766961651918,3.936734752458877e-06
46.61266936653168,3.897864190853839e-06
46.61766911654418,4.079081296234233e-06
46.62266886655668,3.972323672394344e-06
46.627668616569174,4.0150819466775224e-06
46.632668366581676,4.119701966817756e-06
46.63766811659418,4.033788200060514e-06
46.64266786660667,3.969643937217684e-06
46.647667616619174,3.865232148744439e-06
46.652667366631675,4.064098033552629e-06
46.65766711664417,3.892832089605706e-06
46.66266686665667,4.15615424199252e-06
46.66766661666917,4.097036774719493e-06
46.67266636668167,4.086108663938649e-06
46.67766611669417,3.966712259314426e-06
46.68266586670667,4.004201438561071e-06
46.687665616719165,4.1304018625280535e-06
46.69266536673167,3.990431668754109e-06
46.69766511674417,3.850030023026891e-06
46.70266486675666,4.082234793188742e-06
46.707664616769165,3.895180668600131e-06
46.71266436678167,3.89978638257873e-06
46.71766411679417,3.9503379058555455e-06
46.72266386680666,4.0905219909097875e-06
46.727663616819164,4.008020219568611e-06
46.732663366831666,3.946671812762336e-06
46.73766311684416,3.939535191407687e-06
46.74266286685666,3.937231224611824e-06
46.747662616869164,4.000395792950852e-06
46.75266236688166,3.930737210418446e-06
46.75766211689416,3.9754914784178e-06
46.76266186690666,3.797467525636591e-06
46.767661616919156,4.04370968731773e-06
46.77266136693166,3.924061648181558e-06
46.77766111694416,4.050600713757729e-06
46.782660866956654,3.989408699427266e-06
46.787660616969156,4.051454754710053e-06
46.79266036698166,3.945762045892468e-06
46.79766011699415,4.104570927885494e-06
46.80265986700665,3.849008527792424e-06
46.807659617019155,4.148013533173812e-06
46.81265936703165,3.982323622931379e-06
46.81765911704415,3.907047117454832e-06
46.82265886705665,4.071836391769918e-06
46.827658617069154,4.155769064493932e-06
46.83265836708165,3.914333661081042e-06
46.83765811709415,4.007357971890839e-06
46.84265786710665,3.88389119277971e-06
46.84765761711915,3.943103638853603e-06
46.85265736713165,3.867757758718594e-06
46.85765711714415,3.892160894070881e-06
46.862656867156645,3.961246008413842e-06
46.867656617169146,4.0716378982542185e-06
46.87265636718165,4.019075168722185e-06
46.87765611719414,4.052746440722769e-06
46.882655867206644,4.087642457367871e-06
46.887655617219146,3.911283211378449e-06
46.89265536723164,3.956228992606183e-06
46.89765511724414,3.866248307753032e-06
46.90265486725664,3.875131054820874e-06
46.90765461726914,4.011343098746627e-06
46.91265436728164,3.959141623873197e-06
46.91765411729414,4.006064716694086e-06
46.922653867306636,3.987175996996483e-06
46.92765361731914,3.888554342431496e-06
46.93265336733164,3.94278394274079e-06
46.93765311734414,3.917181964208056e-06
46.942652867356635,4.0010165306853106e-06
46.94765261736914,3.928360421308671e-06
46.95265236738164,3.899296314652012e-06
46.95765211739413,3.8550160879119216e-06
46.962651867406635,3.937940992013994e-06
46.967651617419136,3.9895913353514275e-06
46.97265136743163,3.892236437608062e-06
46.97765111744413,3.903724102808937e-06
46.982650867456634,3.920683556059097e-06
46.98765061746913,3.8118418715534408e-06
46.99265036748163,3.897713597039838e-06
46.99765011749413,3.939379561409958e-06
47.002649867506626,3.897321636739996e-06
47.00764961751913,3.992222974414716e-06
47.01264936753163,3.991912343577249e-06
47.017649117544124,3.908854001911155e-06
47.022648867556626,3.882024698611856e-06
47.02764861756913,3.9652574025276696e-06
47.03264836758162,3.858825044933818e-06
47.037648117594124,3.895795675194731e-06
47.042647867606625,3.853682117863966e-06
47.04764761761913,3.823569554805203e-06
47.05264736763162,3.816445033220404e-06
47.05764711764412,3.786230886097388e-06
47.062646867656625,3.872395207705523e-06
47.06764661766912,3.945034286001157e-06
47.07264636768162,3.87185413922642e-06
47.07764611769412,3.819238079030314e-06
47.08264586770662,3.872159922096694e-06
47.08764561771912,3.882713433732033e-06
47.09264536773162,3.8834294595054154e-06
47.097645117744115,3.9136691857896395e-06
47.10264486775662,3.8265941765875215e-06
47.10764461776912,3.812219886297234e-06
47.11264436778161,3.897431438614151e-06
47.117644117794114,3.885067795009895e-06
47.122643867806616,3.859405318632918e-06
47.12764361781911,3.834587940490001e-06
47.13264336783161,3.832019917202047e-06
47.137643117844114,3.8285931896594006e-06
47.14264286785661,3.7803164258587515e-06
47.14764261786911,3.808150584250794e-06
47.15264236788161,3.712101022630192e-06
47.15764211789411,3.762959483418429e-06
47.16264186790661,3.843319795839635e-06
47.16764161791911,3.788607187541509e-06
47.17264136793161,3.840012157761828e-06
47.177641117944106,3.774203261330327e-06
47.18264086795661,3.908820952954895e-06
47.18764061796911,3.85026413644371e-06
47.1926403679816,3.84066298957066e-06
47.197640117994105,3.829875331835114e-06
47.20263986800661,3.8498846264517745e-06
47.2076396180191,3.8016013287809617e-06
47.2126393680316,3.776298287749913e-06
47.217639118044104,3.8167557378056015e-06
47.2226388680566,3.7927101737283662e-06
47.2276386180691,3.7867242257663185e-06
47.2326383680816,3.771997298815336e-06
47.2376381180941,3.8026290803384746e-06
47.2426378681066,3.838480107851975e-06
47.2476376181191,3.847911191254712e-06
47.252637368131595,3.805965381533228e-06
47.257637118144096,3.8191382816569095e-06
47.2626368681566,3.862012022437896e-06
47.2676366181691,3.7865296008517284e-06
47.272636368181594,3.797754780431324e-06
47.277636118194096,3.7521736795204536e-06
47.2826358682066,3.7528966887302995e-06
47.28763561821909,3.7946622391751497e-06
47.29263536823159,3.8094971866210385e-06
47.297635118244095,3.7807053856651437e-06
47.30263486825659,3.755968038252256e-06
47.30763461826909,3.7685166254998173e-06
47.31263436828159,3.769178597072832e-06
47.31763411829409,3.7815568292365936e-06
47.32263386830659,3.776010152340429e-06
47.32763361831909,3.7574747304005543e-06
47.332633368331585,3.763469539187174e-06
47.33763311834409,3.7264761775592977e-06
47.34263286835659,3.7630895169517378e-06
47.34763261836908,3.724766297442994e-06
47.352632368381585,3.7598886778612907e-06
47.357632118394086,3.776826644738449e-06
47.36263186840658,3.7664944037750953e-06
47.36763161841908,3.803200896238322e-06
47.372631368431584,3.7970215534112624e-06
47.377631118444086,3.76222768936257e-06
47.38263086845658,3.7659300420432564e-06
47.38763061846908,3.7478273114760766e-06
47.39263036848158,3.759855580523838e-06
47.39763011849408,3.78530916450721e-06
47.40262986850658,3.7816120158751604e-06
47.40762961851908,3.757403616033471e-06
47.412629368531576,3.736691530648705e-06
47.41762911854408,3.7244241848503147e-06
47.42262886855658,3.735943527151486e-06
47.427628618569074,3.7161734230740836e-06
47.432628368581575,3.748816859275312e-06
47.43762811859408,3.7339916643664108e-06
47.44262786860657,3.743641165187578e-06
47.44762761861907,3.7279144369000002e-06
47.452627368631575,3.7672841684112286e-06
47.45762711864407,3.717185657475275e-06
47.46262686865657,3.7272077643439706e-06
47.46762661866907,3.7381193018752627e-06
47.47262636868157,3.735150028799429e-06
47.47762611869407,3.7623002884166057e-06
47.48262586870657,3.7584799640071746e-06
47.48762561871907,3.7199960294929434e-06
47.49262536873157,3.7186477432945616e-06
47.49762511874407,3.6894597909835196e-06
47.50262486875657,3.7255377478998984e-06
47.507624618769064,3.7140105706944742e-06
47.512624368781566,3.702094711917996e-06
47.51762411879407,3.6919330353368644e-06
47.52262386880656,3.7104241450801394e-06
47.527623618819064,3.733600135691894e-06
47.532623368831565,3.7351428658181627e-06
47.53762311884406,3.7225350260362985e-06
47.54262286885656,3.7304921947985784e-06
47.54762261886906,3.7046942241842755e-06
47.55262236888156,3.7088003006964718e-06
47.55762211889406,3.712409431962323e-06
47.56262186890656,3.7115000907256977e-06
47.567621618919055,3.6842946778021843e-06
47.57262136893156,3.7306639829508323e-06
47.57762111894406,3.6940211189022615e-06
47.58262086895655,3.6816144947277613e-06
47.587620618969055,3.706986845078378e-06
47.59262036898156,3.6688210425558355e-06
47.59762011899406,3.658981640200286e-06
47.60261986900655,3.6844321384923656e-06
47.607619619019054,3.6889314321493578e-06
47.612619369031556,3.673388799439666e-06
47.61761911904405,3.6692256320645233e-06
47.62261886905655,3.707236066300952e-06
47.627618619069054,3.670790355922825e-06
47.63261836908155,3.7023678037665382e-06
47.63761811909405,3.6868392265711956e-06
47.64261786910655,3.68734174221515e-06
47.647617619119046,3.6940413275446877e-06
47.65261736913155,3.6849944616691797e-06
47.65761711914405,3.654195251643124e-06
47.662616869156544,3.690352703626282e-06
47.667616619169046,3.6516719670870832e-06
47.67261636918155,3.6837342709700988e-06
47.67761611919404,3.6615297527147534e-06
47.68261586920654,3.668800859855974e-06
47.687615619219045,3.680725612833118e-06
47.69261536923154,3.666039672815854e-06
47.69761511924404,3.6562352808845793e-06
47.70261486925654,3.6661756528693988e-06
47.707614619269044,3.6595461446618135e-06
47.71261436928154,3.656642909035035e-06
47.71761411929404,3.6827326996826857e-06
47.72261386930654,3.640377200898579e-06
47.72761361931904,3.658918111318647e-06
47.73261336933154,3.6602194491512532e-06
47.73761311934404,3.634870317023461e-06
47.742612869356535,3.650824609655788e-06
47.747612619369036,3.635021243890404e-06
47.75261236938154,3.6405094502622684e-06
47.75761211939403,3.644530266286957e-06
47.762611869406534,3.6410475469357315e-06
47.767611619419036,3.656032358617926e-06
47.77261136943153,3.641983850984465e-06
47.77761111944403,3.628478947472174e-06
47.78261086945653,3.639598300619962e-06
47.78761061946903,3.634495137934515e-06
47.79261036948153,3.640230817077132e-06
47.79761011949403,3.6407151426124504e-06
47.80260986950653,3.6229211602683533e-06
47.80760961951903,3.625873968130108e-06
47.81260936953153,3.6433734862924054e-06
47.81760911954403,3.629970473220866e-06
47.822608869556525,3.6266079758151387e-06
47.82760861956903,3.633130192600068e-06
47.83260836958153,3.609695659343431e-06
47.83760811959402,3.6198670802953336e-06
47.842607869606525,3.627694458841973e-06
47.847607619619026,3.6271591616926148e-06
47.85260736963152,3.6209086643634292e-06
47.85760711964402,3.6154650055044034e-06
47.862606869656524,3.6166450676488394e-06
47.86760661966902,3.613720794095704e-06
47.87260636968152,3.6083312635427616e-06
47.87760611969402,3.620428361971073e-06
47.882605869706516,3.6143979984341893e-06
47.88760561971902,3.6066988298007176e-06
47.89260536973152,3.603714275566492e-06
47.897605119744014,3.6022778187214095e-06
47.902604869756516,3.6066298538566215e-06
47.90760461976902,3.6066374654853335e-06
47.91260436978152,3.6034291907387405e-06
47.917604119794014,3.6000819864398262e-06
47.922603869806515,3.592166550250111e-06
47.92760361981902,3.607227800162416e-06
47.93260336983151,3.585388186131102e-06
47.93760311984401,3.6041577319774665e-06
47.942602869856515,3.5987348971021206e-06
47.94760261986901,3.591242151779282e-06
47.95260236988151,3.5893224457668347e-06
47.95760211989401,3.596892761634963e-06
47.96260186990651,3.588175676567023e-06
47.96760161991901,3.581496702234639e-06
47.97260136993151,3.584055156758349e-06
47.977601119944005,3.5923033284308235e-06
47.98260086995651,3.581153596713096e-06
47.98760061996901,3.58308357270314e-06
47.9926003699815,3.5699719066423526e-06
47.997600119994004,3.579023670877173e-06
48.002599870006506,3.5802951893229792e-06
48.007599620019,3.5785134542685137e-06
48.0125993700315,3.571121163051712e-06
48.017599120044004,3.5721367130646504e-06
48.022598870056505,3.579624032977988e-06
48.027598620069,3.5713133455327202e-06
48.0325983700815,3.570477812502244e-06
48.037598120094,3.5676376069149156e-06
48.0425978701065,3.567539144597924e-06
48.047597620119,3.5705335510681766e-06
48.0525973701315,3.571383113848552e-06
48.057597120143996,3.55623872447023e-06
48.0625968701565,3.5664404465935052e-06
48.067596620169,3.5566828551514668e-06
48.07259637018149,3.562629741655871e-06
48.077596120193995,3.5630399480388344e-06
48.0825958702065,3.5614308208580307e-06
48.08759562021899,3.5589326906587893e-06
48.09259537023149,3.5618964186364687e-06
48.097595120243994,3.557080094675681e-06
48.10259487025649,3.5527539628282824e-06
48.10759462026899,3.5507542123769173e-06
48.11259437028149,3.553739078929929e-06
48.11759412029399,3.5506649789075826e-06
48.12259387030649,3.547381405097781e-06
48.12759362031899,3.5443586931924563e-06
48.13259337033149,3.5453477489090465e-06
48.137593120343986,3.547156018724437e-06
48.14259287035649,3.5423529979955566e-06
48.14759262036899,3.54315930506999e-06
48.152592370381484,3.541992415789555e-06
48.157592120393986,3.538336763446887e-06
48.16259187040649,3.534965088123583e-06
48.16759162041898,3.5350127877205328e-06
48.17259137043148,3.5365976733444935e-06
48.177591120443985,3.535203320783294e-06
48.18259087045648,3.536733353205713e-06
48.18759062046898,3.535138741359516e-06
48.19259037048148,3.533405641046238e-06
48.19759012049398,3.529205151827726e-06
48.20258987050648,3.532793607794409e-06
48.20758962051898,3.5246019957044708e-06
48.212589370531475,3.5276182736953217e-06
48.21758912054398,3.5246591059906623e-06
48.22258887055648,3.529528298786241e-06
48.22758862056897,3.5231412441291995e-06
48.232588370581475,3.5201930224072616e-06
48.237588120593976,3.5211958924251883e-06
48.24258787060648,3.517354455740731e-06
48.24758762061897,3.5197151894378325e-06
48.252587370631474,3.5172521248435624e-06
48.257587120643976,3.51794808027368e-06
48.26258687065647,3.515077841604985e-06
48.26758662066897,3.5173244356494384e-06
48.27258637068147,3.5133094461269224e-06
48.27758612069397,3.5115025857056357e-06
48.28258587070647,3.5114456026590187e-06
48.28758562071897,3.508295499054301e-06
48.292585370731466,3.5065899352400322e-06
48.29758512074397,3.5043119109565215e-06
48.30258487075647,3.5057431147287872e-06
48.307584620768964,3.5062087008279753e-06
48.312584370781465,3.5075260822549737e-06
48.31758412079397,3.5025870663083823e-06
48.32258387080646,3.5050969546699864e-06
48.32758362081896,3.5035349152319233e-06
48.332583370831465,3.501406275826027e-06
48.33758312084396,3.4979497663918128e-06
48.34258287085646,3.4976686793866087e-06
48.34758262086896,3.496634687967874e-06
48.352582370881464,3.495795467843228e-06
48.35758212089396,3.495549956955158e-06
48.36258187090646,3.4945390675557333e-06
48.36758162091896,3.4925795281596925e-06
48.37258137093146,3.4900440185497365e-06
48.37758112094396,3.487876420159251e-06
48.38258087095646,3.4900692402346223e-06
48.387580620968954,3.4924933300146738e-06
48.392580370981456,3.4873111893498016e-06
48.39758012099396,3.4871033478538816e-06
48.40257987100645,3.4851803713501394e-06
48.407579621018954,3.486461191889649e-06
48.412579371031455,3.482082347729967e-06
48.41757912104395,3.481297286351065e-06
48.42257887105645,3.479137947568292e-06
48.42757862106895,3.4795723024295336e-06
48.43257837108145,3.4785476870926227e-06
48.43757812109395,3.476491587703014e-06
48.44257787110645,3.4766036855601382e-06
48.447577621118946,3.4749861432726582e-06
48.45257737113145,3.4738781869734697e-06
48.45757712114395,3.4730061027049927e-06
48.46257687115645,3.4724962230181597e-06
48.467576621168945,3.4695379974390363e-06
48.47257637118145,3.4709308482788235e-06
48.47757612119395,3.4709407815673737e-06
48.48257587120644,3.468237009797057e-06
48.487575621218944,3.4671465975119515e-06
48.492575371231446,3.4657303160688074e-06
48.49757512124394,3.4657776002164232e-06
48.50257487125644,3.4639222242914837e-06
48.507574621268944,3.4629827759518063e-06
48.51257437128144,3.4625795085981995e-06
48.51757412129394,3.462822663028034e-06
48.52257387130644,3.4597525635675056e-06
48.527573621318936,3.4611017852168483e-06
48.53257337133144,3.4584985023664843e-06
48.53757312134394,3.456850004354133e-06
48.542572871356434,3.4561091757599476e-06
48.547572621368936,3.4556174876001567e-06
48.55257237138144,3.4553808415957605e-06
48.55757212139393,3.4543381357998545e-06
48.56257187140643,3.452603440656728e-06
48.567571621418935,3.4520563288955166e-06
48.57257137143144,3.451158474703098e-06
48.57757112144393,3.449964023452354e-06
48.58257087145643,3.4496536417475198e-06
48.587570621468934,3.4490766104224956e-06
48.59257037148143,3.4461255809723637e-06
48.59757012149393,3.4464428312417794e-06
48.60256987150643,3.4451875572205167e-06
48.60756962151893,3.4431228015272193e-06
48.61256937153143,3.444598745978479e-06
48.61756912154393,3.442010953100615e-06
48.622568871556425,3.4422203862422954e-06
48.627568621568926,3.441037197724739e-06
48.63256837158143,3.440045570563111e-06
48.63756812159392,3.4392011284091223e-06
48.642567871606424,3.4382918324293942e-06
48.647567621618926,3.436870258455429e-06
48.65256737163142,3.43615178404321e-06
48.65756712164392,3.434693834534585e-06
48.66256687165642,3.4337204047548403e-06
48.66756662166892,3.43381569589961e-06
48.67256637168142,3.432763574666887e-06
48.67756612169392,3.431636167049614e-06
48.68256587170642,3.4304892264143928e-06
48.68756562171892,3.4299732414336097e-06
48.69256537173142,3.4295864459243573e-06
48.69756512174392,3.4285197705526083e-06
48.702564871756415,3.4271902290643483e-06
48.70756462176892,3.4267891586178273e-06
48.71256437178142,3.42633043280828e-06
48.71756412179391,3.4248013812407607e-06
48.722563871806415,3.4239247922163404e-06
48.727563621818916,3.42327380100989e-06
48.73256337183141,3.4226423643999304e-06
48.73756312184391,3.4208492209848344e-06
48.742562871856414,3.420845239764907e-06
48.74756262186891,3.4201766763426566e-06
48.75256237188141,3.4184652960029704e-06
48.75756212189391,3.4181880288037355e-06
48.76256187190641,3.4173448291122507e-06
48.76756162191891,3.416235742490691e-06
48.77256137193141,3.415955086281283e-06
48.777561121943904,3.4151595416258566e-06
48.782560871956406,3.414119292496906e-06
48.78756062196891,3.4131445689723187e-06
48.79256037198141,3.4120786030245816e-06
48.797560121993904,3.4118296006830557e-06
48.802559872006405,3.4108998684289987e-06
48.80755962201891,3.4100730090472996e-06
48.8125593720314,3.409300858732315e-06
48.8175591220439,3.4089482332011136e-06
48.822558872056405,3.407640031377931e-06
48.8275586220689,3.407110988103901e-06
48.8325583720814,3.4063122043670335e-06
48.8375581220939,3.405364345715758e-06
48.8425578721064,3.404822353924176e-06
48.8475576221189,3.4036604617727297e-06
48.8525573721314,3.403198654158885e-06
48.857557122143895,3.402424893816446e-06
48.8625568721564,3.401590606055029e-06
48.8675566221689,3.4005879517265172e-06
48.87255637218139,3.4000122323472373e-06
48.877556122193894,3.399162294866817e-06
48.882555872206396,3.3986076668287015e-06
48.88755562221889,3.397875359807408e-06
48.89255537223139,3.397147394664175e-06
48.897555122243894,3.396348150106914e-06
48.902554872256395,3.3955808205867842e-06
48.90755462226889,3.3948039423164513e-06
48.91255437228139,3.394058140238556e-06
48.91755412229389,3.393393046324961e-06
48.92255387230639,3.392604347368342e-06
48.92755362231889,3.391941412475212e-06
48.93255337233139,3.3913038822550327e-06
48.937553122343886,3.390508902831245e-06
48.94255287235639,3.390007167608172e-06
48.94755262236889,3.389155011894816e-06
48.95255237238138,3.3886038494193727e-06
48.957552122393885,3.3878475409524513e-06
48.96255187240639,3.3870860250236807e-06
48.96755162241888,3.3864336011066572e-06
48.97255137243138,3.3856427412121514e-06
48.977551122443884,3.385044872062128e-06
48.98255087245638,3.3842706929967498e-06
48.98755062246888,3.38363927888438e-06
48.99255037248138,3.382956970956752e-06
48.99755012249388,3.3822978743749467e-06
49.00254987250638,3.3815902526370346e-06
49.00754962251888,3.3808482480480416e-06
49.01254937253138,3.3802835168834765e-06
49.017549122543876,3.379693597711827e-06
49.02254887255638,3.378892467035236e-06
49.02754862256888,3.3782759774126316e-06
49.032548372581374,3.3777140473791405e-06
49.037548122593876,3.377023031880433e-06
49.04254787260638,3.3764449554358434e-06
49.04754762261887,3.3756923968193617e-06
49.05254737263137,3.375097296372155e-06
49.057547122643875,3.374457980258028e-06
49.06254687265637,3.373874302343385e-06
49.06754662266887,3.3731355572365256e-06
49.07254637268137,3.372580470376325e-06
49.07754612269387,3.3719685374842485e-06
49.08254587270637,3.3712830942233953e-06
49.08754562271887,3.3706884591761536e-06
49.092545372731365,3.3700846955713277e-06
49.09754512274387,3.369580909658319e-06
49.10254487275637,3.3689460432671634e-06
49.10754462276886,3.3683661583048536e-06
49.112544372781365,3.3677089097337914e-06
49.117544122793866,3.367136400672313e-06
49.12254387280637,3.3665335436358474e-06
49.12754362281886,3.365953991256795e-06
49.132543372831364,3.3653822657360415e-06
49.137543122843866,3.364808979498283e-06
49.14254287285636,3.3642547951192052e-06
49.14754262286886,3.363606588967855e-06
49.15254237288136,3.3631086532917656e-06
49.15754212289386,3.3625100347614676e-06
49.16254187290636,3.3619189665611415e-06
49.16754162291886,3.3613556059335725e-06
49.172541372931356,3.360782805300607e-06
49.17754112294386,3.3602619366445262e-06
49.18254087295636,3.3596542031897246e-06
49.187540622968854,3.359160931966266e-06
49.192540372981355,3.358595603864755e-06
49.19754012299386,3.3580596576500933e-06
49.20253987300635,3.357560827954282e-06
49.20753962301885,3.356986541109439e-06
49.212539373031355,3.356483240599283e-06
49.21753912304385,3.355954889863407e-06
49.22253887305635,3.3554142794482442e-06
49.22753862306885,3.3548629991663297e-06
49.232538373081354,3.3543834294890823e-06
49.23753812309385,3.353847365737684e-06
49.24253787310635,3.353356152241142e-06
49.24753762311885,3.3528235664307176e-06
49.25253737313135,3.352336206650081e-06
49.25753712314385,3.351840436230386e-06
49.26253687315635,3.351339789912302e-06
49.267536623168844,3.3508165933760256e-06
49.272536373181346,3.3503459162765038e-06
49.27753612319385,3.349865426804702e-06
49.28253587320634,3.349380635449415e-06
49.287535623218844,3.3488897672527077e-06
49.292535373231345,3.3484137075141438e-06
49.29753512324384,3.347938418448051e-06
49.30253487325634,3.347476306233785e-06
49.30753462326884,3.3469972533057628e-06
49.31253437328134,3.3465418299798838e-06
49.31753412329384,3.346080471516954e-06
49.32253387330634,3.3456249811441698e-06
49.327533623318836,3.3451686935846272e-06
49.33253337333134,3.3447136241132146e-06
49.33753312334384,3.3442651361854575e-06
49.34253287335634,3.34381662952552e-06
49.347532623368835,3.3433686779864277e-06
49.35253237338134,3.3429442191872178e-06
49.35753212339384,3.342508711489766e-06
49.36253187340633,3.3420706114546123e-06
49.367531623418834,3.3416374956898114e-06
49.372531373431336,3.3412229514444554e-06
49.37753112344383,3.3408064752783995e-06
49.38253087345633,3.3403794874816403e-06
49.387530623468834,3.3399705498412862e-06
49.39253037348133,3.3395494394551966e-06
49.39753012349383,3.3391371450749534e-06
49.40252987350633,3.3387399145773504e-06
49.407529623518826,3.3383342513207724e-06
49.41252937353133,3.3379376967495714e-06
49.41752912354383,3.3375420386548298e-06
49.422528873556324,3.3371554243460694e-06
49.427528623568826,3.3367650313747264e-06
49.43252837358133,3.3363801549760815e-06
49.43752812359382,3.336001299745753e-06
49.44252787360632,3.3356219018251943e-06
49.447527623618825,3.3352495425548174e-06
49.45252737363133,3.3348769747738207e-06
49.45752712364382,3.334503439628943e-06
49.46252687365632,3.3341426524160796e-06
49.467526623668824,3.333781436978845e-06
49.47252637368132,3.3334195696358163e-06
49.47752612369382,3.3330696815096177e-06
49.48252587370632,3.3327156346780093e-06
49.48752562371882,3.3323661420755543e-06
49.49252537373132,3.332021158128915e-06
49.49752512374382,3.331683544931108e-06
49.502524873756315,3.3313428709012613e-06
49.507524623768816,3.331008978560622e-06
49.51252437378132,3.33067699059155e-06
49.51752412379381,3.3303475142651826e-06
49.522523873806314,3.330023911902576e-06
49.527523623818816,3.329705469613945e-06
49.53252337383131,3.3293860425565703e-06
49.53752312384381,3.32907144313125e-06
49.54252287385631,3.3287607158576498e-06
49.54752262386881,3.328453819542782e-06
49.55252237388131,3.328148516170132e-06
49.55752212389381,3.3278477333245605e-06
49.56252187390631,3.3275493470060252e-06
49.56752162391881,3.327256171860394e-06
49.57252137393131,3.326964051979217e-06
49.57752112394381,3.3266776443982292e-06
49.582520873956305,3.3263933195469135e-06
49.58752062396881,3.32611210271619e-06
49.59252037398131,3.3258355500145202e-06
49.5975201239938,3.325561044124686e-06
49.602519874006305,3.325290444707371e-06
49.607519624018806,3.325023261854521e-06
49.6125193740313,3.324758888397906e-06
49.6175191240438,3.3244985769881504e-06
49.622518874056304,3.324241620118526e-06
49.6275186240688,3.3239871335464795e-06
49.6325183740813,3.323736447944016e-06
49.6375181240938,3.3234898244126693e-06
49.6425178741063,3.323246279778673e-06
49.6475176241188,3.3230055497840055e-06
49.6525173741313,3.322768660208129e-06
49.657517124143794,3.3225351530774445e-06
49.662516874156296,3.322304661340403e-06
49.6675166241688,3.322078012168087e-06
49.6725163741813,3.3218545661195964e-06
49.677516124193794,3.3216344520567615e-06
49.682515874206295,3.321417805569741e-06
49.6875156242188,3.3212043358236496e-06
49.69251537423129,3.3209944462162137e-06
49.69751512424379,3.320787788477392e-06
49.702514874256295,3.3205847373015344e-06
49.70751462426879,3.3203848400307143e-06
49.71251437428129,3.320188351818307e-06
49.71751412429379,3.319995301602505e-06
49.72251387430629,3.319805596938967e-06
49.72751362431879,3.319619287338737e-06
49.73251337433129,3.3194363541695674e-06
49.737513124343785,3.319256822493953e-06
49.74251287435629,3.3190806478827255e-06
49.74751262436879,3.31890783167101e-06
49.75251237438128,3.3187384392643622e-06
49.757512124393784,3.3185724211366634e-06
49.762511874406286,3.3184098011638506e-06
49.76751162441878,3.3182505534536117e-06
49.77251137443128,3.3180946537103723e-06
49.777511124443784,3.3179421729559653e-06
49.782510874456285,3.3177930529017437e-06
49.78751062446878,3.3176473498763305e-06
49.79251037448128,3.317505014386983e-06
49.79751012449378,3.3173660604295833e-06
49.80250987450628,3.3172304895363783e-06
49.80750962451878,3.3170983104677125e-06
49.81250937453128,3.316969519854772e-06
49.817509124543776,3.316844115136877e-06
49.82250887455628,3.316722097222066e-06
49.82750862456878,3.316603461294003e-06
49.83250837458127,3.31648821533332e-06
49.837508124593775,3.3163763528674417e-06
49.84250787460628,3.316267882313159e-06
49.84750762461877,3.3161627982678844e-06
49.85250737463127,3.316061099874834e-06
49.857507124643774,3.315962789857854e-06
49.86250687465627,3.3158678686723402e-06
49.86750662466877,3.3157763359333205e-06
49.87250637468127,3.3156881917316555e-06
49.87750612469377,3.315603436058881e-06
49.88250587470627,3.3155220689052036e-06
49.88750562471877,3.315444091061087e-06
49.89250537473127,3.3153695027282537e-06
49.897505124743766,3.3152983034807455e-06
49.90250487475627,3.3152304937174903e-06
49.90750462476877,3.3151660737016737e-06
49.912504374781264,3.315105043340679e-06
49.917504124793766,3.315047402859047e-06
49.92250387480627,3.314993152454454e-06
49.92750362481876,3.3149422921364933e-06
49.93250337483126,3.3148948220362685e-06
49.937503124843765,3.3148507422747454e-06
49.94250287485626,3.314810052913641e-06
49.94750262486876,3.3147727540411815e-06
49.95250237488126,3.3147388457347447e-06
49.95750212489376,3.314708328059922e-06
49.96250187490626,3.314681201082991e-06
49.96750162491876,3.3146574648566447e-06
49.972501374931255,3.31463711943083e-06
49.97750112494376,3.314620164844838e-06
49.98250087495626,3.314606601136194e-06
49.98750062496875,3.3145964283299326e-06
49.992500374981255,3.3145896464468505e-06
