Time (s),Acceleration Without HSI (m/s²),Acceleration With HSI (m/s²)
0.0,0.0,0.0
0.01,-9.82771576221161e-05,-9.827715744351573e-05
0.02,-2.4349309985054017e-05,-2.4349307812245372e-05
0.03,0.00022330221611046517,0.00022330222135127234
0.04,0.00047132283924804046,0.00047132284045614157
0.05,0.0005369059671688431,0.0005369059503355775
0.06,0.00040142120546445557,0.0004014211635538014
0.07,0.00022539835142831632,0.00022539829077499571
0.08,0.00019273940086414693,0.0001927393234062924
0.09,0.00033601568962594625,0.00033601557258462007
0.1,0.0005102550564197837,0.0005102548711908833
0.11,0.000537221910600242,0.0005372216778349885
0.12,0.0003781985931504154,0.00037819840220796263
0.13,0.00016857222448541818,0.00016857215368938354
0.14,8.351035633783293e-05,8.351034468776451e-05
0.15,0.00016723296324093692,0.00016723278625340368
0.16,0.00029139808570475954,0.000291397524590456
0.17,0.00028122845209726664,0.0002812275316045354
0.18,8.580543055983051e-05,8.58044626006262e-05
0.19,-0.00017195698827283452,-0.00017195767179627766
0.2,-0.00031225720025162,-0.00031225759925885367
0.21,-0.0002679389316024958,-0.00026793941560319365
0.22,-0.00014362838395944364,-0.00014362928117093987
0.23,-0.00011006300472834917,-0.00011006411382627333
0.24,-0.0002381378216047286,-0.0002381384201452377
0.25,-0.00043299896365156293,-0.0004329984596222928
0.26,-0.000529330486784283,-0.0005293291413553034
0.27,-0.00045278546304533963,-0.00045278437222392943
0.28,-0.0002904700013508607,-0.00029047015943697906
0.29,-0.00020364241519535891,-0.0002036436719059974
0.3,-0.0002690494331362858,-0.000269050455475856
0.31,-0.00040309260766666874,-0.00040309208281908945
0.32,-0.000441351924114419,-0.0004413499288522296
0.33,-0.000295656858311659,-0.00029565494375523
0.34,-3.744193547345369e-05,-3.7441623387353954e-05
0.35000000000000003,0.00017105151673621778,0.0001710504469741942
0.36,0.0002293174961454995,0.00022931708426501742
0.37,0.00018777596822713695,0.00018777813520508212
0.38,0.00019033750998700703,0.00019034185289410914
0.39,0.0003295678619549843,0.00032957151377199594
0.4,0.000556496262697828,0.0005564963164898473
0.41000000000000003,0.0007316023896009475,0.0007315987320140562
0.42,0.0007654088915137031,0.0007654045321043898
0.43,0.0007107387702071374,0.0007107369738941819
0.44,0.0007165481765279496,0.0007165489673936846
0.45,0.0008874022351401145,0.0008874018343439307
0.46,0.0011829093248469597,0.0011829034710439381
0.47000000000000003,0.0014517148752093807,0.0014517030476458414
0.48,0.001565097877316182,0.0015650841610275444
0.49,0.0015215327573924991,0.0015215221115531619
0.5,0.001424917482113658,0.0014249108317109852
0.51,0.0013630563482804783,0.001363049528971842
0.52,0.0013085941432348879,0.0013085822624742444
0.53,0.0011403857229888867,0.0011403690062206826
0.54,0.0007645615244739575,0.0007645466900675702
0.55,0.00021724929013723656,0.00021724442248958082
0.56,-0.00035138034868683796,-0.0003513730094561142
0.5700000000000001,-0.0007978286749684656,-0.0007978150231882912
0.58,-0.0010970999722392295,-0.001097088717098915
0.59,-0.0013422697058925591,-0.0013422641924200902
0.6,-0.001637060953031097,-0.0016370561077508016
0.61,-0.0019879219077811364,-0.001987909649019031
0.62,-0.002299060600667119,-0.002299038621406552
0.63,-0.0024716131648260258,-0.002471588106337375
0.64,-0.0025069005187210785,-0.0025068815898740713
0.65,-0.002511101900311283,-0.0025110905630653423
0.66,-0.002595629026225116,-0.0025956150468632736
0.67,-0.0027690505112068923,-0.0027690192527639805
0.68,-0.002924550694444473,-0.0029244956558086453
0.6900000000000001,-0.0029348865759029896,-0.002934815444330659
0.7000000000000001,-0.0027643261528905207,-0.002764254225640527
0.71,-0.002492540701980003,-0.002492477637344182
0.72,-0.002231342910079596,-0.0022312856398332844
0.73,-0.0020174233766677464,-0.0020173623812809313
0.74,-0.0017845611347619354,-0.00178449404078019
0.75,-0.001439335368281085,-0.001439273906129499
0.76,-0.0009635069475426694,-0.0009634691207439143
0.77,-0.0004415445363317124,-0.00044153845732870713
0.78,1.4160437818782015e-05,1.414539482691695e-05
0.79,0.00036793692771524736,0.0003679219339558036
0.8,0.0006939075416160246,0.0006939055178891869
0.81,0.0011051446159792348,0.001105148143386491
0.8200000000000001,0.0016461042965802211,0.001646091928421718
0.8300000000000001,0.0022496259707317358,0.002249581182635903
0.84,0.0027967797554463037,0.0027967042390984833
0.85,0.00321972597869085,0.0032196341362493858
0.86,0.0035490660271836794,0.0035489660725272552
0.87,0.003863690352695377,0.003863571400803933
0.88,0.004196538387805304,0.0041963779609628426
0.89,0.004491298721750619,0.004491085117355837
0.9,0.0046536479102249955,0.004653396115394907
0.91,0.00464725079150968,0.0046469952330068
0.92,0.004540266634128789,0.004540035676563301
0.93,0.004455047976180437,0.004454843179038526
0.9400000000000001,0.004466049708651635,0.004465849287803469
0.9500000000000001,0.0045396295583159845,0.004539412766359908
0.96,0.0045685298037791144,0.004568298698061935
0.97,0.00446402357638753,0.004463801020806491
0.98,0.004216704884529014,0.004216511111586878
0.99,0.0038714691921461564,0.003871301194816604
1.0,0.0034480554323211396,0.003447891751852137
1.01,0.002891666137065188,0.002891494810306661
1.02,0.002107719035624632,0.002107562291669721
1.03,0.0010513134686788508,0.0010512235291247575
1.04,-0.00021305907703195477,-0.0002130323770528126
1.05,-0.0015395883681739682,-0.0015394302248191824
1.06,-0.0027930652429737912,-0.0027927995895558637
1.07,-0.003922183432551065,-0.003921845389010756
1.08,-0.004952026347929971,-0.004951630719129132
1.09,-0.00591163944705194,-0.005911175901529351
1.1,-0.006772664166434511,-0.006772122782637241
1.11,-0.007460089819041702,-0.007459489424828693
1.12,-0.007922525451141114,-0.007921912806747167
1.1300000000000001,-0.008189519623454718,-0.008188935594888685
1.1400000000000001,-0.008355332970630116,-0.008354775774999535
1.1500000000000001,-0.008499975157766548,-0.008499396848568841
1.16,-0.008619639368228394,-0.008618982417995084
1.17,-0.008630753015796988,-0.008629996301065883
1.18,-0.008442820427144952,-0.008441994496840959
1.19,-0.008031708903395128,-0.008030869140173175
1.2,-0.007447374790186189,-0.007446560852487033
1.21,-0.006754532148894286,-0.006753754222267729
1.22,-0.005968354581039581,-0.0059676190366842255
1.23,-0.005049129873995266,-0.005048475842696737
1.24,-0.00395963422202273,-0.0039591391636210945
1.25,-0.002726349221079893,-0.002726090464579496
1.26,-0.0014413877786133434,-0.0014413912318206033
1.27,-0.00019967718254702678,-0.00019990056554373403
1.28,0.0009708029449950306,0.0009704343156844949
1.29,0.0021202729924619176,0.002119807924159728
1.3,0.0033193803150381013,0.00331881179834982
1.31,0.004586263563562135,0.004585550765789448
1.32,0.00586471043218693,0.005863826646778535
1.33,0.00706939826935527,0.007068355000660148
1.34,0.008150687850880977,0.008149510805340711
1.35,0.009115662737591198,0.009114345880434251
1.36,0.00998788912821364,0.009986378253012964
1.37,0.01074997514633615,0.01074820614825409
1.3800000000000001,0.01133025717160593,0.011328220377610144
1.3900000000000001,0.011651492457619109,0.01164926526306296
1.4000000000000001,0.011697928313942419,0.011695643922830937
1.41,0.011537272943215545,0.011535050515539436
1.42,0.011274974283688385,0.01127287064013928
1.43,0.010980398569900688,0.010978419895244142
1.44,0.010648714329280481,0.010646868535804713
1.45,0.010226491993254636,0.01022482450806968
1.46,0.009668843163270175,0.009667418116838222
1.47,0.00896937352427479,0.00896822014194956
1.48,0.008135630758017062,0.00813471399389888
1.49,0.007140010238084962,0.007139265065012637
1.5,0.005902718321922211,0.005902125605803427
1.51,0.004333405736237311,0.004333043485456682
1.52,0.002400728232752897,0.0024007495390430938
1.53,0.00016997256804604066,0.00017052615475702761
1.54,-0.002223918258714784,-0.002222758102699088
1.55,-0.004643189602865061,-0.004641428530598016
1.56,-0.006996202170823177,-0.006993874514191086
1.57,-0.009232272794714714,-0.009229394546265212
1.58,-0.011300151978507134,-0.011296730486594238
1.59,-0.013121442149651313,-0.013117532929575387
1.6,-0.014611862472516555,-0.014607609461284504
1.61,-0.01573217511819527,-0.015727779736593513
1.62,-0.016517502309943213,-0.01651313286071847
1.6300000000000001,-0.017051297653540312,-0.01704701095758189
1.6400000000000001,-0.01740159683701398,-0.017397339039107767
1.6500000000000001,-0.01757289712046416,-0.01756858260145869
1.6600000000000001,-0.017512945757025538,-0.01750854550967391
1.67,-0.017163626144831506,-0.017159193834554744
1.68,-0.016506853735093675,-0.016502481356371102
1.69,-0.015565524820273286,-0.015561288058229398
1.7,-0.01436568104074266,-0.014361640309345275
1.71,-0.012903700197109475,-0.012899960993764097
1.72,-0.011155390169744568,-0.011152157686573011
1.73,-0.009120156694943402,-0.009117714288672116
1.74,-0.006856333547450551,-0.00685494152855307
1.75,-0.004469786669474266,-0.004469574474484623
1.76,-0.0020613906829699147,-0.0020623275254741105
1.77,0.0003219562850118305,0.00031999350374093327
1.78,0.0026908788291196144,0.0026880047336180287
1.79,0.005071393606483741,0.005067666747818399
1.8,0.007457505158457918,0.007452960429613366
1.81,0.009800419674204199,0.009795126221481086
1.82,0.012038642788867713,0.012032709671332704
1.83,0.014133820706121321,0.014127330628644042
1.84,0.016073980284485923,0.01606691368272965
1.85,0.017840900310400344,0.017833135173869058
1.86,0.019376550237518882,0.019367960536748125
1.87,0.020587079882780013,0.020577664387336138
1.8800000000000001,0.02138794689555915,0.021377887656955547
1.8900000000000001,0.021753984269231304,0.02174359294785128
1.9000000000000001,0.02173175225085792,0.021721358411850293
1.9100000000000001,0.02140449979809149,0.02139437812788385
1.92,0.020841042490793618,0.020831426541178706
1.93,0.020070477053898663,0.020061615716712774
1.94,0.019096313469300834,0.01908848368739656
1.95,0.01792500310722102,0.017918441055748788
1.96,0.016572537753343896,0.016567342960140934
1.97,0.015038875310534204,0.015034985248090674
1.98,0.01327682333191278,0.01327410316029752
1.99,0.01119276710989927,0.011191156971218068
2.0,0.008689977424484917,0.008689584550059009
2.0100000000000002,0.005726277625162852,0.0057273462164273295
2.02,0.002343639145515152,0.0023464356029002436
2.0300000000000002,-0.0013488520668753594,-0.001344135591916738
2.04,-0.005218074271026898,-0.0052113288042333825
2.05,-0.009137617092272458,-0.009128765819960095
2.06,-0.012986653738395536,-0.012975631281786434
2.07,-0.016632788615382945,-0.016619606321656006
2.08,-0.01993145135442379,-0.01991630608465595
2.09,-0.02275638812721591,-0.022739708383825354
2.1,-0.025041342153390662,-0.025023703681845765
2.11,-0.026796538252401844,-0.026778490543932897
2.12,-0.02808203344892152,-0.02806395740946588
2.13,-0.028956493467610513,-0.02893858398982267
2.14,-0.02944024578187485,-0.02942260543837674
2.15,-0.029516859296870295,-0.029499601856582087
2.16,-0.029162491430106092,-0.029145766961802846
2.17,-0.028370064806707385,-0.02835401426566753
2.18,-0.027145924783848755,-0.027130653013672592
2.19,-0.025487965910060976,-0.02547360533566722
2.2,-0.023374719717026076,-0.02336155727930963
2.21,-0.020784374738359573,-0.020772930685223023
2.22,-0.017731728711345478,-0.017722694767197737
2.23,-0.01429033011627392,-0.01428438536434607
2.24,-0.010577353738393244,-0.010574978448817988
2.25,-0.006710886312782681,-0.006712292069604125
2.2600000000000002,-0.0027730970062107927,-0.0027782882898034172
2.27,0.0011938606877215678,0.0011849849677207373
2.2800000000000002,0.005162491738461385,0.0051500992770409214
2.29,0.009093227751303157,0.009077589454176832
2.3000000000000003,0.012931106291439766,0.012912624809912315
2.31,0.016624047086343584,0.016603189651068242
2.32,0.020138010134201308,0.020115154292257714
2.33,0.02344772933402488,0.02342303298274217
2.34,0.026507798650315904,0.026481210685651395
2.35,0.029231651213159487,0.02920307364002552
2.36,0.03150254153208509,0.03147203204460307
2.37,0.03321346825197087,0.033181345898908636
2.38,0.034307401744358215,0.03427420988538572
2.39,0.03478902149011992,0.03475542344144059
2.4,0.03470405294018575,0.034670772515370374
2.41,0.03410847114179267,0.034076313088401665
2.42,0.03305326941348018,0.0330231461534867
2.43,0.031589696689298556,0.031562561037730745
2.44,0.02977663275422811,0.029753303279587077
2.45,0.027669472753518706,0.027650456604588505
2.46,0.025290730422569643,0.02527617989678407
2.47,0.022605681139671627,0.02259552696311959
2.48,0.019528333535937876,0.01952250079779209
2.49,0.015960677836697607,0.015959234045192536
2.5,0.011841687716871177,0.01184484558788692
2.5100000000000002,0.007176096564913523,0.007184124183326569
2.52,0.002031699574523396,0.002044853630133565
2.5300000000000002,-0.0034804366070814857,-0.003461897924633714
2.54,-0.009219743187551453,-0.009195526250216553
2.5500000000000003,-0.01501550045119579,-0.014985329495058495
2.56,-0.020665176313902,-0.020628969733170563
2.57,-0.02595129247422049,-0.025909369011248237
2.58,-0.030680045434782293,-0.0306332082510754
2.59,-0.03472186369608013,-0.034671285310954744
2.6,-0.03802711421741083,-0.03797409193111411
2.61,-0.04060700760769682,-0.04055274619593739
2.62,-0.04249554038517544,-0.04244107106183534
2.63,-0.04371985751916688,-0.043666070831721374
2.64,-0.04429420645171312,-0.04424188941780719
2.65,-0.04422947212212083,-0.04417927633238337
2.66,-0.04353842838757063,-0.0434908113619343
2.67,-0.04222659656865116,-0.0421818493585953
2.68,-0.040278789307551945,-0.04023720889968411
2.69,-0.037660860482770155,-0.03762299054641678
2.7,-0.034344620831021466,-0.034311397510101656
2.71,-0.030341989146118197,-0.03031467877190534
2.72,-0.02572341795350616,-0.025703382247131094
2.73,-0.020606607455382148,-0.02059504771414678
2.74,-0.015124852596633329,-0.015122667560783095
2.75,-0.009398885763378027,-0.009406653855450555
2.7600000000000002,-0.003529248194577122,-0.0035472378905671096
2.77,0.0023942715154307123,0.002366147773842391
2.7800000000000002,0.008283762945297469,0.008246025223606608
2.79,0.01405748848137373,0.014011080600847627
2.8000000000000003,0.0196520642625349,0.01959817707306392
2.81,0.025025317293532672,0.02496509688762848
2.82,0.03013927778712372,0.030073585179099804
2.83,0.03493209073933737,0.03486146012177306
2.84,0.039300888219848486,0.039225689305408214
2.85,0.04311152246349809,0.0430321929310085
2.86,0.04623047358280029,0.04614767079669969
2.87,0.04855771705240109,0.04847234733010866
2.88,0.05004130615395564,0.04995451076212546
2.89,0.05067182659275283,0.05058501746116227
2.9,0.05047062104222629,0.050385558257676766
2.91,0.049485362667517775,0.04940416020282515
2.92,0.04779212948599753,0.047717083597123525
2.93,0.04549043290444242,0.04542369696659461
2.94,0.0426805331023993,0.04262379893455132
2.95,0.03942898676424385,0.039383347060530996
2.96,0.035742891994839335,0.03570893230629432
2.97,0.03157122753098789,0.031549239686437906
2.98,0.026833882385684443,0.026824040063085496
2.99,0.02146087955012278,0.021463304256743747
3.0,0.015421307149023839,0.015436081574844543
3.0100000000000002,0.008734604813960045,0.008761829621941273
3.02,0.001472402526192492,0.0015123066979538676
3.0300000000000002,-0.006237738410878499,-0.006184740494390806
3.04,-0.014206255270316357,-0.0141396847738862
3.0500000000000003,-0.02218514963222956,-0.022104770147121117
3.06,-0.029892900599222304,-0.02979906512486468
3.0700000000000003,-0.03705800899927034,-0.03695185130171573
3.08,-0.04346263157128705,-0.04334600950920178
3.09,-0.04896541593459712,-0.04884068078053138
3.1,-0.053496485818713975,-0.05336623658464567
3.11,-0.057035522498186796,-0.05690244494536888
3.12,-0.05959070651718125,-0.059457468088669536
3.13,-0.06118759623104993,-0.061056706626441845
3.14,-0.06186301342296914,-0.061736627888216086
3.15,-0.061653995883007635,-0.06153376137820264
3.16,-0.060580319536416884,-0.06046740705656372
3.17,-0.058631542913957946,-0.058526909544829295
3.18,-0.055772236879511744,-0.05567699488910654
3.19,-0.05196770483671427,-0.05188338877579697
3.2,-0.047216640902024876,-0.04714523585451249
3.21,-0.04157123871620278,-0.041514999262190246
3.22,-0.03513478883645096,-0.035095992958717154
3.23,-0.028043235896933177,-0.02802399118430201
3.24,-0.020446075045731708,-0.020448174550508357
3.25,-0.012496613516389492,-0.012521359789568488
3.2600000000000002,-0.0043488737805827534,-0.00439683736947031
3.27,0.0038484651219749776,0.0037776607868611005
3.2800000000000002,0.011965118635727145,0.01187282583411636
3.29,0.019901574954556085,0.019789880460066335
3.3000000000000003,0.027588057673394836,0.02745936006990177
3.31,0.034965297373491355,0.03482191231430585
3.3200000000000003,0.04195694357256128,0.041800912139297534
3.33,0.0484514262310522,0.048284546209208384
3.34,0.0543049136301508,0.05412887676078063
3.35,0.05936205489026873,0.05917856721861408
3.36,0.06348049011682037,0.06329135831206394
3.37,0.06654711846366693,0.06635437656850252
3.38,0.06848510426852031,0.06829122801132055
3.39,0.06925886523970083,0.06906699683077687
3.4,0.06888180906763193,0.0686958230455853
3.41,0.06742175823011903,0.06724604718772798
3.42,0.06499300847068784,0.06483203509010914
3.43,0.06172952107757205,0.06158733290483366
3.44,0.05774724824873135,0.05762715786987077
3.45,0.053113269230001044,0.05301776701293916
3.46,0.04783642999668822,0.047767245404966886
3.47,0.0418809276865215,0.041839117325399786
3.48,0.03519203691863254,0.035178063976454566
3.49,0.027721468377682107,0.027735337687193204
3.5,0.0194478462665184,0.019489352967769796
3.5100000000000002,0.010395807158073669,0.010464839354349066
3.52,0.0006566252250461264,0.0007533482720882636
3.5300000000000002,-0.00959500365822521,-0.009470236579016559
3.54,-0.020099910394392153,-0.019946921109451156
3.5500000000000003,-0.03053738431639231,-0.030356633172501094
3.56,-0.04056769254693921,-0.040360622353412264
3.5700000000000003,-0.04987818179455063,-0.04964732990010262
3.58,-0.05821603004496058,-0.057964953717206946
3.59,-0.0654007950269535,-0.06513392320234461
3.6,-0.07132191359191059,-0.0710443759843744
3.61,-0.07593044174467196,-0.07564782552084255
3.62,-0.0792290749437967,-0.07894704650936142
3.63,-0.08125739348183186,-0.08098123055408818
3.64,-0.08206899319196576,-0.0818032015994819
3.65,-0.08170470942906922,-0.08145291454658224
3.66,-0.08017387728211184,-0.07993904297006539
3.67,-0.07745476891038024,-0.0772396083385478
3.68,-0.07351495382726078,-0.07332230709790827
3.69,-0.06834034421859603,-0.06817336926869891
3.7,-0.0619578703258907,-0.06182004597700204
3.71,-0.05444361207005077,-0.054338643695519044
3.72,-0.04591900959346198,-0.045850691734992184
3.73,-0.03654302990763631,-0.036515023664526546
3.74,-0.026504605640403793,-0.026520060222739842
3.75,-0.01601279269856826,-0.016073836624047242
3.7600000000000002,-0.005280262110052659,-0.005387532773034781
3.77,0.005498373123422686,0.005345942494880743
3.7800000000000002,0.016164016450495453,0.015969043105006027
3.79,0.026595574566007904,0.026361790930628518
3.8000000000000003,0.036694653501058196,0.0364264029088809
3.81,0.046360990172637284,0.04606283664861398
3.8200000000000003,0.05547258887133423,0.05514908775382465
3.83,0.0638799214142055,0.06353549120392989
3.84,0.07141352418129125,0.07105237244827123
3.85,0.07789768357591967,0.07752382965134116
3.86,0.08316430030213463,0.08278178054823963
3.87,0.08706699245812971,0.08668025259668655
3.88,0.08949842856078614,0.0891127549697571
3.89,0.09040989066914298,0.09003164731997593
3.9,0.08982499116045846,0.08946150313323
3.91,0.08783712025623977,0.08749623294685084
3.92,0.08458660066273054,0.0842761006033993
3.93,0.08022465539671875,0.0799517508936465
3.94,0.07487854039877194,0.07464948683785547
3.95,0.06863014918450705,0.06844998951922596
3.96,0.06151161070103299,0.06138399195154409
3.97,0.05351364816787377,0.053440755156222285
3.98,0.04460133226165498,0.044584035615467844
3.99,0.03473581857762779,0.03477407074282425
4.0,0.023903228783768955,0.023996586539517195
4.01,0.012148511246094422,0.012296546851034002
4.0200000000000005,-0.0003948331670233485,-0.00019243488203288597
4.03,-0.013491836134202576,-0.013235524978001307
4.04,-0.026817904851055053,-0.026508709199552814
4.05,-0.039992577290230966,-0.03963254397121606
4.0600000000000005,-0.05262314591891673,-0.05221565966876277
4.07,-0.06434478775563961,-0.06389476901006724
4.08,-0.07484987310917891,-0.07436388257332031
4.09,-0.08390616709827388,-0.08339237815158919
4.1,-0.09136580302729976,-0.09083373869701
4.11,-0.09716419582007801,-0.09662417214242029
4.12,-0.10130578564869111,-0.10076815657246896
4.13,-0.10383646312149308,-0.10331090590566251
4.14,-0.10480980903867954,-0.10430489548969253
4.15,-0.10425976117591886,-0.10378291181727547
4.16,-0.10219045094388073,-0.10174817850212403
4.17,-0.09858520127668145,-0.0981834568755023
4.18,-0.09342736633380704,-0.0930718497465543
4.19,-0.0867223894404467,-0.08641878993196866
4.2,-0.07851424451719918,-0.0782684212542302
4.21,-0.06889543859866519,-0.06871349407641632
4.22,-0.05801219068212589,-0.057900319315555615
4.23,-0.046064088965916655,-0.04602810898035063
4.24,-0.03329465444896273,-0.03333927822444847
4.25,-0.01997074147137518,-0.02009880727251346
4.26,-0.006354945881230391,-0.00656688508347566
4.2700000000000005,0.007318802848653262,0.007025102153603159
4.28,0.020856234390746346,0.02048519716348986
4.29,0.034096935435197935,0.033654858159162845
4.3,0.04689721090431955,0.04639175459868647
4.3100000000000005,0.059111445203368834,0.05855112172206492
4.32,0.07057941161650116,0.06997307436807423
4.33,0.08112131210784297,0.08047770934966661
4.34,0.09053892367627486,0.08986645187612619
4.3500000000000005,0.09862227912181717,0.09792907046636282
4.36,0.10516387230990097,0.10445821728877668
4.37,0.10998174933112298,0.10927267116538711
4.38,0.11294769803334778,0.11224540085584128
4.39,0.11401088000233335,0.11332686259218092
4.4,0.11320620731302276,0.11255301090477923
4.41,0.11064255764380254,0.11003326285694554
4.42,0.10647491232476368,0.10592252508091354
4.43,0.10087052256898525,0.10038732201287853
4.44,0.09397890670092603,0.09357577835115247
4.45,0.0859108931650642,0.08559670877758782
4.46,0.07672799299841634,0.07650918381089904
4.47,0.06644299912158179,0.06632348901238082
4.48,0.055034122010892764,0.05501567430252851
4.49,0.04247401162123881,0.04255685212530329
4.5,0.028769781696427497,0.028953227737495986
4.51,0.014003482082845261,0.014286331166590997
4.5200000000000005,-0.0016403199864307271,-0.0012597345842762576
4.53,-0.01786915013310902,-0.017393171149038596
4.54,-0.03430015052605165,-0.033732154127374424
4.55,-0.05049372238510672,-0.04983854316457025
4.5600000000000005,-0.06599413785358867,-0.06525853129449163
4.57,-0.08037017181274275,-0.0795632542575705
4.58,-0.09325154344668983,-0.09238506171654196
4.59,-0.10435714011318788,-0.10344538186541917
4.6000000000000005,-0.11350949783421242,-0.11256874323490425
4.61,-0.12063052136530868,-0.11967812786605657
4.62,-0.12571831784974064,-0.12477169565112775
4.63,-0.12881240685480494,-0.1278881665959518
4.64,-0.12995952062114,-0.12907295277443226
4.65,-0.1291910326845822,-0.1283559167317036
4.66,-0.12651662923229087,-0.12574528638888965
4.67,-0.12193182398963534,-0.121235343118633
4.68,-0.11543364173274495,-0.1148222462067179
4.69,-0.10703971681477138,-0.10652321270316226
4.7,-0.09680803450443873,-0.09639618759110694
4.71,-0.08485445030032863,-0.08455707529772037
4.72,-0.0713631084984603,-0.07118971458526696
4.73,-0.05658414038030626,-0.056543159866195264
4.74,-0.04081632435307481,-0.040914143479224174
4.75,-0.024378870162823786,-0.024618954309553832
4.76,-0.007581917043995666,-0.007964242394049872
4.7700000000000005,0.009294289773037643,0.008773436597704982
4.78,0.02600648849752986,0.025354383887217568
4.79,0.042343189859884674,0.0415702702240771
4.8,0.058112356247857815,0.057231563524860134
4.8100000000000005,0.07312689537635914,0.07215282416452047
4.82,0.08719092048947634,0.0861389193590279
4.83,0.10008914958825978,0.09897461870096019
4.84,0.11158319323294136,0.11042129538445175
4.8500000000000005,0.12141931164275208,0.12022515171089872
4.86,0.12934967388405988,0.1281387949629566
4.87,0.13516331138952,0.1339522381489043
4.88,0.13871733293225397,0.1375239256936012
4.89,0.13995764208347392,0.13880115236170196
4.9,0.13892247570052602,0.13782330231638362
4.91,0.13572875215333233,0.13470792390114047
4.92,0.13054626688338827,0.12962466118090674
4.93,0.12356613016085496,0.12276346279255874
4.94,0.11496886100188776,0.11430258304809907
4.95,0.1048969946486016,0.10438134328110969
4.96,0.09343794548467012,0.09308340695294867
4.97,0.08062334278560006,0.08043665252850392
4.98,0.06644841451923844,0.06643300998674054
4.99,0.050908786081258636,0.051065474189210217
5.0,0.03404519651856632,0.034372783883880764
5.01,0.015983270222789822,0.016479002043992465
5.0200000000000005,-0.003042400631819722,-0.0023826405191700265
5.03,-0.022684763125777004,-0.021866497985547566
5.04,-0.042500531580047296,-0.04153099800516251
5.05,-0.061982151759676106,-0.06087085805513395
5.0600000000000005,-0.08060062058648718,-0.07936004959089925
5.07,-0.09785340328494053,-0.0964996250928804
5.08,-0.11330969832547594,-0.11186261186630053
5.09,-0.1266436485582365,-0.12512667120919585
5.1000000000000005,-0.1376474792377701,-0.13608670689090951
5.11,-0.14622200599355342,-0.14464504846119758
5.12,-0.15234933319207325,-0.1507840899333259
5.13,-0.1560578677537156,-0.15453144684749606
5.14,-0.15739033026039506,-0.15592821609411103
5.15,-0.1563819060427409,-0.15500743048115917
5.16,-0.1530511229874566,-0.15178529170607974
5.17,-0.1474031219391661,-0.14626482293216667
5.18,-0.13944384940344384,-0.13845037000945884
5.19,-0.12920256518766157,-0.12837019952255732
5.2,-0.11675765254002926,-0.116102096439223
5.21,-0.10225807356691236,-0.10179436258481564
5.22,-0.0859325171391456,-0.0856744477793141
5.23,-0.06808192275162087,-0.06804109779905251
5.24,-0.04905732568974602,-0.0492420682975133
5.25,-0.029230362158051807,-0.029644723564361684
5.26,-0.008965339585847422,-0.009608348676815514
5.2700000000000005,0.011400637858692044,0.010535385411356438
5.28,0.031566965542873526,0.030491288635989926
5.29,0.051268610830904456,0.04999922805040015
5.3,0.07026646588318454,0.06882401670345714
5.3100000000000005,0.08833128773934788,0.08673908125986793
5.32,0.10522537044339994,0.10350817664651331
5.33,0.1206884422882494,0.11887163172542935
5.34,0.13443489410965462,0.13254408027397926
5.3500000000000005,0.1461665137191115,0.14422764902414223
5.36,0.1555990934096004,0.15363883186959784
5.37,0.16249561690261272,0.16054173413257747
5.38,0.16669633818040885,0.16477804763682127
5.39,0.16813777575249086,0.16628582036485362
5.4,0.1668566574623707,0.16510305932350045
5.41,0.16297857233727384,0.16135593653068653
5.42,0.1566933676509867,0.1552337237789801
5.43,0.14822097410437604,0.1469543013000193
5.44,0.13777357304434829,0.13672630697326593
5.45,0.12552258985928705,0.12471644811643594
5.46,0.11157994098122284,0.11103129118054154
5.47,0.0960003305985716,0.09572013134538938
5.48,0.07880533175598502,0.0787995153269294
5.49,0.06002310187506275,0.06029320711907328
5.5,0.039733156854447296,0.04027703939139143
5.51,0.018105246056020544,0.01891771949738732
5.5200000000000005,-0.004575936948781017,-0.003502677918969275
5.53,-0.027904930333408788,-0.02658125194423479
5.54,-0.0513702840020638,-0.049809494914042074
5.55,-0.07438887306118906,-0.07260796151533128
5.5600000000000005,-0.09635513828438136,-0.09437560682845318
5.57,-0.11669652526439364,-0.11454498375593263
5.58,-0.13492354502979856,-0.1326317916573073
5.59,-0.1506635198348071,-0.14826801604319004
5.6000000000000005,-0.16367174328115794,-0.16121256504374917
5.61,-0.1738205358893029,-0.1713399787011486
5.62,-0.18107237962582337,-0.1786134079823209
5.63,-0.18544586732035415,-0.18305059030460713
5.64,-0.18698276343050668,-0.18469112908917865
5.65,-0.18572269627729462,-0.18357160540106943
5.66,-0.18169019303601844,-0.17971317417694205
5.67,-0.17489679107204034,-0.1731242244719132
5.68,-0.16535789341435114,-0.16381757669331096
5.69,-0.15311979627496689,-0.15183751722635866
5.7,-0.138288474949206,-0.13728827322328802
5.71,-0.12105056916202253,-0.1203545121771973
5.72,-0.1016796711375753,-0.10130714729088419
5.73,-0.08052630508005604,-0.08049295931723477
5.74,-0.057995185162127975,-0.05831166804799432
5.75,-0.03451619995487683,-0.0351869160449067
5.76,-0.010515743164778725,-0.011537811339627512
5.7700000000000005,0.0136062572333696,0.012243593717133142
5.78,0.03748968568155568,0.03580499947817041
5.79,0.060815532157174466,0.058834443611645644
5.8,0.08329508623267,0.08104893453908535
5.8100000000000005,0.10465057489472032,0.1021748461394085
5.82,0.12459439734543683,0.12192726771938867
5.83,0.14281560507552404,0.13999685975839904
5.84,0.15898026237543295,0.15605068834551963
5.8500000000000005,0.17274745376912887,0.16974866916586812
5.86,0.1837973473690087,0.1807719574687677
5.87,0.19186425866576784,0.18885618955655356
5.88,0.19676692173220353,0.1938217356775371
5.89,0.19842933868286827,0.19559428615788382
5.9,0.19688740973325355,0.19421097992175834
5.91,0.19227867704201765,0.18980952197212897
5.92,0.18481548499637318,0.1826007932357586
5.93,0.17474597071118278,0.17282956213090184
5.94,0.16231155301951763,0.16073205542523192
5.95,0.14771191414064516,0.14650133164788248
5.96,0.13108718876387374,0.13027003316080998
5.97,0.11252232654237863,0.11211534321543563
5.98,0.09207238370151499,0.09208481148744016
5.99,0.06980232790192666,0.07023657249121426
6.0,0.04583219800159811,0.04668473335033466
6.01,0.020377953684355136,0.021640194816216884
6.0200000000000005,-0.0062208090425626,-0.0045619426520435435
6.03,-0.033493285378710574,-0.03145531538832
6.04,-0.06085383582455193,-0.05845919359862702
6.05,-0.08764120321064175,-0.08491802441943193
6.0600000000000005,-0.1131737271444434,-0.11015664428396515
6.07,-0.13680921452440145,-0.13353982281282012
6.08,-0.15799693833527276,-0.15452371912148533
6.09,-0.17631192556565106,-0.17268954742116488
6.1000000000000005,-0.1914669062945699,-0.1877549307720607
6.11,-0.20330276451532756,-0.19956386224304823
6.12,-0.21176240160138068,-0.20806026683341008
6.13,-0.2168552802046586,-0.21325252333205227
6.140000000000001,-0.21862103865446558,-0.2151773891352957
6.15,-0.21710064665957035,-0.21387174924617214
6.16,-0.2123220944847042,-0.209359013624931
6.17,-0.2043040211222454,-0.20165334486526484
6.18,-0.19307547729283778,-0.1907797377790414
6.19,-0.17870498671655446,-0.17680306213153663
6.2,-0.161329379004386,-0.15985660611177333
6.21,-0.1411736025815259,-0.1401614456063146
6.22,-0.11855618801003438,-0.11803141918461092
6.23,-0.09387937595974936,-0.09386281485409667
6.24,-0.06760651829199822,-0.06811147586635342
6.25,-0.040231668499038975,-0.04126235548964017
6.26,-0.012247596875110301,-0.013797842360409557
6.2700000000000005,0.015881011107770664,0.013828394694744492
6.28,0.04373314320914646,0.04120615030610812
6.29,0.07093243031915461,0.06796883158781092
6.3,0.09713444900771029,0.09378017116731542
6.3100000000000005,0.12200595138700404,0.11831320573187726
6.32,0.14520448974319597,0.14122997613782898
6.33,0.1663666724796126,0.16217010246538097
6.34,0.18511022593218304,0.18075331069946587
6.3500000000000005,0.20105070941911263,0.19659666440035636
6.36,0.21382982180066687,0.20934333114548542
6.37,0.22314956721673557,0.21869701836317892
6.38,0.22880506649503388,0.22445474402753648
6.390000000000001,0.23070835277063714,0.2265302423091171
6.4,0.22889641581365952,0.22496136066770875
6.41,0.22351964325104307,0.2198977956340359
6.42,0.21481159178112394,0.21157031886197644
6.43,0.203046427915765,0.20024797811262887
6.44,0.18849433127920348,0.1861936002931242
6.45,0.17138599811080277,0.16962868514219542
6.46,0.15189489887478774,0.15071626209235048
6.47,0.13014134202965236,0.12956567219720475
6.48,0.1062173644318639,0.10625818380071243
6.49,0.08022715948490151,0.08088800763065025
6.5,0.05233453895411334,0.05361005812233015
6.51,0.02280694148021108,0.02468389106027202
6.5200000000000005,-0.007954762047167562,-0.005496888873571441
6.53,-0.03940923644174553,-0.036398153875763645
6.54,-0.07089419615990647,-0.06736526708769844
6.55,-0.10166986535538541,-0.09766681109853119
6.5600000000000005,-0.13097789590373196,-0.12655346667936843
6.57,-0.15810386687946207,-0.15332017807046494
6.58,-0.18243146549272674,-0.1773597648061344
6.59,-0.2034792198118254,-0.19819893172633865
6.6000000000000005,-0.2209148841050117,-0.21551188847782107
6.61,-0.23454712047346307,-0.22911137471888893
6.62,-0.24429840635001265,-0.23892119162626574
6.63,-0.2501667764197544,-0.2449379703459272
6.640000000000001,-0.252186410988535,-0.24719219255847538
6.65,-0.2503972345448718,-0.24571849413696467
6.66,-0.24483099337063996,-0.24054250737947724
6.67,-0.2355162739874549,-0.23168650114612832
6.68,-0.2224993029417599,-0.21919053522924623
6.69,-0.20587314820116726,-0.2031417133748442
6.7,-0.1858063553524682,-0.18370259128199465
6.71,-0.16256304660966292,-0.16113082551414099
6.72,-0.13650916178192107,-0.1357848399780639
6.73,-0.10810286074507267,-0.1081136805713728
6.74,-0.07787060282635436,-0.0786327608198374
6.75,-0.046373756692637685,-0.047890512292481854
6.76,-0.014173183548575906,-0.016433437898328386
6.7700000000000005,0.018199890177376478,0.01522220173269236
6.78,0.05026001885424896,0.04660556945484971
6.79,0.0815679672585392,0.07729078133207488
6.8,0.11171764316085832,0.10688316862886976
6.8100000000000005,0.14031582825449765,0.1349986529375011
6.82,0.1669628164544307,0.1612443652367159
6.83,0.19124137095594332,0.18520789741806443
6.84,0.21271890429945617,0.2064600185008516
6.8500000000000005,0.23096440900887366,0.22457224547665286
6.86,0.2455780607316063,0.23914699693326882
6.87,0.25622798338050934,0.24985462603423259
6.88,0.26268599261543196,0.25646903889393985
6.890000000000001,0.26485315653730535,0.2588927631785627
6.9,0.2627675822382116,0.2571640250688797
6.91,0.2565909851515644,0.251442595363253
6.92,0.24657618228739134,0.24197672694754185
6.93,0.233022790735602,0.22905858327033837
6.94,0.21623145056734802,0.21297853399690214
6.95,0.19646714984619507,0.1939889041303993
6.96,0.1739400578498112,0.17228553725191714
6.97,0.14880849342705518,0.14801168105951784
6.98,0.12120401622648297,0.1212839919906666
6.99,0.09127373247618244,0.09223553552068033
7.0,0.05923053196637939,0.061066341313840616
7.01,0.02539925317711315,0.028089477433737433
7.0200000000000005,-0.009753153014604705,-0.006239185485158879
7.03,-0.04561210340054496,-0.041315981504863084
7.04,-0.08143742843661914,-0.07641196303835587
7.05,-0.11640950329420653,-0.1107192962569262
7.0600000000000005,-0.14969077872643505,-0.1434127635706658
7.07,-0.18049120208369523,-0.17371482302875696
7.08,-0.20812579785162522,-0.20095251000801637
7.09,-0.23205467519956902,-0.22459654313402813
7.1000000000000005,-0.25189943738936366,-0.2442767890505169
7.11,-0.26743487687575923,-0.2597731967402298
7.12,-0.2785601915259342,-0.2709866318799934
7.13,-0.2852585366366063,-0.2778985116533853
7.140000000000001,-0.2875561295616183,-0.2805304046812384
7.15,-0.28549144408884053,-0.27891397723623584
7.16,-0.2791014637414869,-0.27307806242027644
7.17,-0.2684267872617878,-0.26305447234987445
7.18,-0.25353230700515694,-0.24889914278928488
7.19,-0.23453654261249163,-0.23072160681828977
7.2,-0.21164106324378185,-0.20871420220667355
7.21,-0.18515172951893502,-0.1831727981966747
7.22,-0.15548549342170906,-0.15450293318891234
7.23,-0.12315993334450845,-0.12320876562297287
7.24,-0.088767045905394,-0.08986658354791219
7.25,-0.05293705113022824,-0.05508876749867203
7.26,-0.016300743696020907,-0.019486744044136525
7.2700000000000005,0.020540837853161117,0.01635841365741366
7.28,0.05703311280019514,0.05191160771558986
7.29,0.09266897019423836,0.08668368794779573
7.3,0.12697656498663837,0.12021841464420792
7.3100000000000005,0.1594998443211541,0.15207248819711522
7.32,0.1897794539572467,0.18179637411007843
7.33,0.21734150849161726,0.20892340240901142
7.34,0.24169984282678925,0.23297264576236393
7.3500000000000005,0.26237405059185415,0.2534676735235023
7.36,0.27892133776495365,0.2699689692771742
7.37,0.29097591739564294,0.2821135516317151
7.38,0.29828667125577235,0.2896524554200801
7.390000000000001,0.3007432983090588,0.29247635004159156
7.4,0.29838355730809024,0.2906220450728123
7.41,0.29137880871040167,0.28425726491219855
7.42,0.28000042473875625,0.27364643597985117
7.43,0.2645742506973011,0.2591048241347613
7.44,0.2454331421375536,0.2409511604992853
7.45,0.22287825376944648,0.21946946895939254
7.46,0.1971581856254001,0.19488912772068978
7.47,0.16847147427792694,0.16738846806716615
7.48,0.13699272455798114,0.13712195988654355
7.49,0.10291689857130276,0.10426527756782156
7.5,0.0665113926861976,0.06906775027697097
7.51,0.028163047677990334,0.03189933874585471
7.5200000000000005,-0.01159199023033424,-0.006719845646664521
7.53,-0.052063831850583796,-0.046115599372116824
7.54,-0.09243243197317423,-0.08548368960107426
7.55,-0.13179580140252184,-0.12393835094360499
7.5600000000000005,-0.16923443549156764,-0.16057666352702102
7.57,-0.20388038354360322,-0.19454715847424164
7.58,-0.23497853125707008,-0.22511025231243825
7.59,-0.26192934513689714,-0.2516799108640759
7.6000000000000005,-0.2843063917303638,-0.27384009334570114
7.61,-0.30184765915432077,-0.2913352504725865
7.62,-0.31442568863405146,-0.30404005813612894
7.63,-0.3220061037553101,-0.31191803140920016
7.640000000000001,-0.32460602133048677,-0.3149804475359639
7.65,-0.3222626798415698,-0.3132557802645595
7.66,-0.31501905227366983,-0.3067762355701659
7.67,-0.30292841252526287,-0.2955831636583178
7.68,-0.28607502080871844,-0.2797483280075558
7.69,-0.2646042315887492,-0.2594042020320352
7.7,-0.2387530839739221,-0.23477432178551982
7.71,-0.2088722912194784,-0.2061947100849756
7.72,-0.17543269336529174,-0.17411964537199218
7.73,-0.1390133147206689,-0.13910916921291872
7.74,-0.10027312574127752,-0.10180064333501682
7.75,-0.05991295082682196,-0.06287090919176506
7.76,-0.018636335560879253,-0.022997860820404087
7.7700000000000005,0.022882043539890946,0.01717008320755451
7.78,0.06401439083774536,0.05703073554624756
7.79,0.10418211924846535,0.09602922108067614
7.8,0.14284459805244304,0.13364570311616936
7.8100000000000005,0.17947997752940242,0.16937559541105945
7.82,0.21356593271993424,0.20271019809523327
7.83,0.24456845615041112,0.233125852037323
7.84,0.27194494295930294,0.26008769002210846
7.8500000000000005,0.29516397378589976,0.2830701482482082
7.86,0.31373931247755427,0.30159151722789734
7.87,0.3272711253254396,0.3152553736865952
7.88,0.33548473443337623,0.3237891452003106
7.890000000000001,0.3382571892533707,0.3270701310188687
7.9,0.33562452996876313,0.3251319730975394
7.91,0.32776702088942766,0.318149036340059
7.92,0.31497470781547,0.30640126785396365
7.930000000000001,0.2976002862713289,0.29022673003263005
7.94,0.2760095177771177,0.2699721846339148
7.95,0.25054054553789773,0.24595309717057143
7.96,0.22148196451178603,0.2184327958403138
7.97,0.18907544271391036,0.18762635845550968
7.98,0.1535428635693739,0.15372894394442868
7.99,0.11513182714493607,0.11696219698247856
8.0,0.07416859322965465,0.07762768852703798
8.01,0.03110545050152705,0.03615435644596694
8.02,-0.01344950044603049,-0.006871994335741682
8.03,-0.0587284651674082,-0.05070529783711058
8.040000000000001,-0.10382886000771797,-0.09446461890531653
8.05,-0.14776389147721564,-0.13718499673100554
8.06,-0.1895303036090699,-0.17788505512239525
8.07,-0.22818109575351042,-0.21563911105944097
8.08,-0.26288992836012137,-0.24964056829663486
8.09,-0.29299587769422153,-0.2792454482640143
8.1,-0.3180218219323034,-0.3039895923335947
8.11,-0.33766587177537866,-0.32357918585891804
8.120000000000001,-0.3517712506982308,-0.33786017596208784
8.13,-0.36028434295373063,-0.3467763720201508
8.14,-0.3632123362498858,-0.3503276268537002
8.15,-0.36059085304418087,-0.34853836975548363
8.16,-0.3524686811184293,-0.34144340061071465
8.17,-0.3389120273388814,-0.3290931244105319
8.18,-0.32002564593386645,-0.31157535010364934
8.19,-0.2959838399248588,-0.28904651244357576
8.2,-0.26706176708781726,-0.2617627445040056
8.21,-0.23365744537123087,-0.23010132996334512
8.22,-0.1962974326435853,-0.19456573535174576
8.23,-0.15562362189497148,-0.155771909206474
8.24,-0.11236360488289769,-0.11441850415034151
8.25,-0.067291162878765,-0.07124770181193936
8.26,-0.021185595606549475,-0.027005373924704944
8.27,0.02520158228009031,0.01759097294940437
8.28,0.07116633239752986,0.06187040408926642
8.290000000000001,0.11605568116959555,0.10521067427080454
8.3,0.15925707682704635,0.14702639109183327
8.31,0.2001793465630805,0.18674925861284672
8.32,0.238233604710157,0.22380883172739757
8.33,0.27282272181459594,0.2576223253708902
8.34,0.3033457102639686,0.28759965113062397
8.35,0.3292191453752594,0.31316556065220763
8.36,0.34991272926358874,0.33379577213776257
8.370000000000001,0.3649917770720829,0.34905968561625994
8.38,0.37415695246316377,0.35865992678007963
8.39,0.3772715875696465,0.36245907137691874
8.4,0.3743693287324123,0.3604864172722475
8.41,0.36563909144844237,0.35292200558133835
8.42,0.3513894918489764,0.3400603201336142
8.43,0.33199992901263514,0.3222610723456527
8.44,0.307869107338206,0.2998979922532339
8.45,0.27937295816806423,0.2733175754797238
8.46,0.24684212093650446,0.242817804617474
8.47,0.21056466768728743,0.20865230231677798
8.48,0.17081370110235397,0.17105929668103853
8.49,0.1278933866414215,0.13030874116267321
8.5,0.08219240017071983,0.08675642255023468
8.51,0.034231712970764126,0.0408919297180797
8.52,-0.015305520674871299,-0.006631685914143011
8.53,-0.06557068205900456,-0.05499509120068256
8.540000000000001,-0.11557622562658183,-0.10323965818085191
8.55,-0.16424889623058658,-0.1503208660977744
8.56,-0.21050066767420458,-0.19517898227164354
8.57,-0.25330456142755775,-0.23681413137040627
8.58,-0.2917615760429396,-0.274352073277471
8.59,-0.32514724148982893,-0.3070894002558874
8.6,-0.35293117588999323,-0.334511779055303
8.61,-0.3747691571537455,-0.35628499393292046
8.620000000000001,-0.39047309482923825,-0.3722243673954849
8.63,-0.39996858489216125,-0.38225234282855763
8.64,-0.40325162297612716,-0.38635578810723836
8.65,-0.4003552601236626,-0.38455366237884536
8.66,-0.39133375588063724,-0.37688235922703206
8.67,-0.376266858779357,-0.3634010764868047
8.68,-0.35528139235381523,-0.3442141529194198
8.69,-0.32858273045928965,-0.3195028272785567
8.700000000000001,-0.2964862333981733,-0.2895565026957824
8.71,-0.2594389363664437,-0.2547939451400642
8.72,-0.2180245733593482,-0.2157677181644101
8.73,-0.17294949146657168,-0.17314965551664893
8.74,-0.1250118864726876,-0.12770002462424468
8.75,-0.07506082544814331,-0.08022699711883749
8.76,-0.023953796471803346,-0.03154520584041384
8.77,0.027478428845088818,0.017557919771253833
8.78,0.07845300935777505,0.06634164525157188
8.790000000000001,0.12823961632175532,0.11411482908389875
8.8,0.1761503531813257,0.16022447930352196
8.81,0.22152118624017345,0.2040363413533244
8.82,0.2636935653730404,0.24491626530513122
8.83,0.3020049447082297,0.2822209944918128
8.84,0.3357944280149844,0.31530442411439563
8.85,0.36442547296383665,0.3435410263093531
8.86,0.3873226862478163,0.3663632265809175
8.870000000000001,0.4040155123222063,0.3833053304285553
8.88,0.41417910772756666,0.39404418085000764
8.89,0.41766252410634525,0.39842668718158314
8.9,0.41449662254932435,0.39647679995886276
8.91,0.4048785029376706,0.38837896733154764
8.92,0.38913472085189876,0.374440627761381
8.93,0.367670851589538,0.35504153099587277
8.94,0.34091863297320574,0.3305812405183417
8.950000000000001,0.30929291052202795,0.3014370271432984
8.96,0.2731685671942893,0.2679421985250309
8.97,0.23288302301767072,0.23039022493185798
8.98,0.18876386987015867,0.18906396214525045
8.99,0.1411751925379856,0.14428327298721494
9.0,0.09057148050970498,0.09645977328386926
9.01,0.0375457888741902,0.046145300766451874
9.02,-0.01714049446565372,-0.005938454845450867
9.03,-0.072555327524889,-0.05889800912641755
9.040000000000001,-0.12762441552056597,-0.11169683582797903
9.05,-0.1811869372308856,-0.16321116336001204
9.06,-0.23206922052251455,-0.21230326881383657
9.07,-0.27916317366681653,-0.2578990310522482
9.08,-0.32149552132576303,-0.29905587677088197
9.09,-0.3582762814717345,-0.3350097477730636
9.1,-0.3889197606919262,-0.3651946246679921
9.11,-0.41303743168834733,-0.3892342413086668
9.120000000000001,-0.4304079957070434,-0.4069115155365308
9.13,-0.44093443666299714,-0.4181256204115661
9.14,-0.44459998125763994,-0.42284858492331967
9.15,-0.4414341367930285,-0.42109242874319247
9.16,-0.431496579830491,-0.41289433927210795
9.17,-0.41488147978619555,-0.39832218596878355
9.18,-0.3917392208336497,-0.37749709873711884
9.19,-0.36230790891865017,-0.35062536863332633
9.200000000000001,-0.3269446662361884,-0.31802967583555086
9.21,-0.28614701856640373,-0.28017007672782956
9.22,-0.24055743374043997,-0.2376480283836985
9.23,-0.19094845177840616,-0.19119115659485736
9.24,-0.1381907213475832,-0.1416213318446718
9.25,-0.08321043488522015,-0.08981271392361047
9.26,-0.026945124016903108,-0.03664876195716833
9.27,0.02969309388556138,0.01701281527950008
9.28,0.08584001050905675,0.0703606018314698
9.290000000000001,0.14068487803825033,0.12263312692944345
9.3,0.19346117411710653,0.17310806967330258
9.31,0.2434289374571853,0.22108357570233098
9.32,0.2898574109748644,0.26586050217632806
9.33,0.33201664952447807,0.3067341940699486
9.34,0.36918426506654317,0.343001792720484
9.35,0.40066926735487834,0.37398678315667666
9.36,0.4258500840746216,0.39907759056942593
9.370000000000001,0.44421951959445477,0.4177727585965175
9.38,0.4554267391039778,0.42972268030456806
9.39,0.4593061131137029,0.4347577476992149
9.4,0.4558851492590228,0.4328953178013917
9.41,0.445368321364516,0.42432256858318346
9.42,0.42809929450722645,0.40935802719633013
9.43,0.40450938485298243,0.3883998416740244
9.44,0.37506367691580045,0.3618723470044406
9.450000000000001,0.34021709769013814,0.3301832227333907
9.46,0.30039066774642825,0.2937013296627314
9.47,0.25597358540972415,0.2527606448419318
9.48,0.20735078385361191,0.20768964341895893
9.49,0.15494947997854072,0.15885936885792493
9.5,0.09929340291591551,0.10673868692508269
9.51,0.04105101256876445,0.05194297781817859
9.52,-0.018935248316454458,-0.004736596804085342
9.53,-0.07964784435562484,-0.06233221580439145
9.540000000000001,-0.1399243596801635,-0.11972982093121098
9.55,-0.1985154184034025,-0.17572697334623538
9.56,-0.254160731636094,-0.22910838769823838
9.57,-0.3056699291191364,-0.2787257451993926
9.58,-0.35199408260566817,-0.323567769479384
9.59,-0.3922761613567231,-0.3628090034857344
9.6,-0.42587347120194974,-0.3958306181766575
9.61,-0.45235129788542255,-0.4222127703656247
9.620000000000001,-0.47145310344564434,-0.4417040974235282
9.63,-0.48305731262968415,-0.4541785030397213
9.64,-0.4871328911461526,-0.4595914000244492
9.65,-0.4837050794579392,-0.4579465971767155
9.66,-0.4728390892775334,-0.44928136948919306
9.67,-0.4546442822015839,-0.43367194108921875
9.68,-0.42929573556820466,-0.4112560422532002
9.69,-0.3970655757093521,-0.3822647767970346
9.700000000000001,-0.3583540784013656,-0.347053786863105
9.71,-0.3137107696456022,-0.30612407080192305
9.72,-0.26383843816187036,-0.2601255973037416
9.73,-0.20957736805447538,-0.20984130948415625
9.74,-0.15187209972024457,-0.15615409073631814
9.75,-0.09172735923893699,-0.10000350117417352
9.76,-0.03016233372229684,-0.042341486891647406
9.77,0.03182746539151252,0.015903823134040998
9.78,0.09329392711125409,0.07384965465917702
9.790000000000001,0.1533430458752474,0.13066315698034411
9.8,0.21112683392798526,0.185551523243241
9.81,0.265826801971625,0.23774424164478045
9.82,0.31663771100759325,0.2864762781361088
9.83,0.36276025367778636,0.33098080416508635
9.84,0.40340890221996734,0.3704975286424666
9.85,0.43783694916373006,0.4042983919587879
9.86,0.4653757997316079,0.43172739190773635
9.870000000000001,0.4854811177036578,0.4522469116449628
9.88,0.4977756880053002,0.4654803017599975
9.89,0.5020786670949265,0.4712404248856958
9.9,0.4984134291389874,0.4695365435032296
9.91,0.4869909268412234,0.46055673105303496
9.92,0.4681712124405597,0.4446287370068683
9.93,0.4424110672132951,0.4221674964172775
9.94,0.41020923440392254,0.39362092133282467
9.950000000000001,0.3720616422818799,0.35942636683318363
9.96,0.3284369666644239,0.3199879831424061
9.97,0.27977831119107605,0.27568047786751493
9.98,0.2265306653824518,0.22687863780156825
9.99,0.16918752243665774,0.17400570315562072
10.0,0.10834509459769548,0.11758883708949856
10.01,0.044750191968355245,0.058307700859954605
10.02,-0.020671325558036184,-0.00297686560122956
10.03,-0.08681470178316958,-0.06522303102079773
10.040000000000001,-0.1524281521946018,-0.12723987263102415
10.05,-0.21617275308129205,-0.18774703769189338
10.06,-0.2767006880356482,-0.2454523162802323
10.07,-0.33273838133107214,-0.2991335884160672
10.08,-0.3831602202565429,-0.3477109251702233
10.09,-0.42704086635068833,-0.3902970540935261
10.1,-0.4636790300689833,-0.4262193592255549
10.11,-0.4925918979782615,-0.45501291250123815
10.120000000000001,-0.5134856718403461,-0.4763902375153704
10.13,-0.526212424300494,-0.49019812629494985
10.14,-0.5307256012227406,-0.4963738045139474
10.15,-0.5270455882047377,-0.49491169079306957
10.16,-0.5152431648511332,-0.4858483086262299
10.17,-0.4954433979760648,-0.46926760657718
10.18,-0.46784693097726454,-0.445323386163544
10.19,-0.4327610723450878,-0.41427108115862443
10.200000000000001,-0.3906306265986221,-0.37649881113725553
10.21,-0.34205857565941367,-0.3325479428462116
10.22,-0.2878094041001154,-0.2831161930538665
10.23,-0.22879234729425682,-0.22904084265327257
10.24,-0.16602694765668538,-0.17126470948945421
10.25,-0.1005976837232326,-0.11079180797937933
10.26,-0.033606938554219916,-0.04864198376289469
10.27,0.03386443349271789,0.014186343304631244
10.28,0.10078214022275842,0.07673877109979062
10.290000000000001,0.16616648130456332,0.13811054775882067
10.3,0.22908556466747457,0.19743774203481845
10.31,0.2886400281398919,0.2538805053630222
10.32,0.3439479725529937,0.3066072409386065
10.33,0.3941388214390018,0.35478835159742644
10.34,0.438362401272921,0.39760567707517525
10.35,0.47581525412229936,0.4342793591713293
10.36,0.5057811328222257,0.4641087957965127
10.370000000000001,0.5276781262649965,0.4865199029762989
10.38,0.5411021616780427,0.5011083212071075
10.39,0.5458565266925829,0.5076682416843036
10.4,0.5419596633156397,0.5061992704554306
10.41,0.5296282151748858,0.49688857086741306
10.42,0.5092380199670998,0.48007126713397164
10.43,0.4812710409297638,0.45617735542568844
10.44,0.4462598155024706,0.4256768505219798
10.450000000000001,0.4047419369617379,0.38903568890258766
10.46,0.3572350446562152,0.3466927179533202
10.47,0.3042381501117064,0.2990633352291141
10.48,0.24625889155309616,0.24656905452058533
10.49,0.18385994591394825,0.18968593666877248
10.5,0.1177128753941111,0.12899996347071285
10.51,0.04864536967022942,0.06525525127432011
10.52,-0.02233124623420831,-0.0006179476327625702
10.53,-0.09402342455801727,-0.06750444565332035
10.540000000000001,-0.16508883861705356,-0.13413736976504254
10.55,-0.23409814509059704,-0.1991594849451164
10.56,-0.29961531973489375,-0.26120265373272283
10.57,-0.36028293482942186,-0.3189717337134174
10.58,-0.4148978774914536,-0.37131849540802103
10.59,-0.4624653402226075,-0.41729360925837594
10.6,-0.5022238831382912,-0.4561698002199697
10.61,-0.5336407751898525,-0.4874356846638209
10.620000000000001,-0.556383134059423,-0.5107660512335012
10.63,-0.5702751188793878,-0.5259789608746839
10.64,-0.5752535327136762,-0.5329919974337671
10.65,-0.5713332843392853,-0.5317889539629779
10.66,-0.5585905957411541,-0.5224045766237916
10.67,-0.5371665869563265,-0.504929695425709
10.68,-0.5072882467464701,-0.4795334830647129
10.69,-0.46929917657743464,-0.4464950638458481
10.700000000000001,-0.42368997946670345,-0.4062343221303976
10.71,-0.3711183278986534,-0.35933206959817376
10.72,-0.3124114816064288,-0.3065325786842586
10.73,-0.2485485713585782,-0.24872608164374962
10.74,-0.18062509196833873,-0.18691393348747265
10.75,-0.10980640127432809,-0.12216339638543997
10.76,-0.037279485550806374,-0.05556133065094716
10.77,0.03578776422882958,0.011824085113372504
10.78,0.10827295023587491,0.0789670350132821
10.790000000000001,0.1791085889454811,0.14489081388863323
10.8,0.24727669870901786,0.20866010235901045
10.81,0.31179486092089004,0.2693653194363093
10.82,0.371702486942657,0.3261078977382064
10.83,0.4260560294874542,0.3779951786194305
10.84,0.47393940745742513,0.4241510169778317
10.85,0.5144915725230467,0.46374375815533997
10.86,0.5469480620431493,0.49602814986736227
10.870000000000001,0.5706889110545583,0.5203933360067386
10.88,0.58528265161,0.5364065461408333
10.89,0.5905160632136731,0.5438421697374258
10.9,0.5864019523002442,0.5426886535172537
10.91,0.5731619582116355,0.533130477785482
10.92,0.551187102734515,0.51550822223991
10.93,0.5209841394360668,0.49026503149767053
10.94,0.48311938147784944,0.45789130678157897
10.950000000000001,0.43817262345207564,0.41888024042591565
10.96,0.386711679667766,0.3737045676004999
10.97,0.3292933359129587,0.322820070487368
10.98,0.2664902225681859,0.2666950295844903
10.99,0.198936747539933,0.20585846835776528
11.0,0.1273823041450062,0.1409552001023653
11.01,0.052737680813726234,0.07279352733253465
11.02,-0.02389848578844456,0.002372501811490628
11.03,-0.10124243206859834,-0.06912028369542697
11.040000000000001,-0.1778602878702258,-0.14034323659306208
11.05,-0.25223164480776195,-0.20986362735138364
11.06,-0.322831824236764,-0.27623873803413324
11.07,-0.38821907269422246,-0.3381014630485246
11.08,-0.4471120574858839,-0.3942358206684388
11.09,-0.4984454180403526,-0.4436303460014081
11.1,-0.54139614532802,-0.48550243157697637
11.11,-0.5753799877427881,-0.5192931180031671
11.120000000000001,-0.6000233875088946,-0.5446380828704612
11.13,-0.6151211837263884,-0.5613251922345797
11.14,-0.6205924439114143,-0.5692509591222963
11.15,-0.6164459175006606,-0.5683872432520944
11.16,-0.6027630657486795,-0.5587658832092354
11.17,-0.5797013550134018,-0.5404836454339853
11.18,-0.5475148376916504,-0.5137242474177031
11.19,-0.5065843910152468,-0.47878966006912704
11.200000000000001,-0.4574474677727622,-0.43613051822971405
11.21,-0.4008174034059938,-0.3863658003174794
11.22,-0.3375850857942529,-0.33028480708885166
11.23,-0.26880033564911454,-0.26882905811189867
11.24,-0.1956354421138226,-0.20305679765737622
11.25,-0.1193376226668851,-0.13409703783695576
11.26,-0.04117963883631465,-0.06310239611079534
11.27,0.037582190616832684,0.008790152634078102
11.28,0.11573573841579149,0.08048401576081143
11.290000000000001,0.19212389720747117,0.15093085103365453
11.3,0.2656406159029157,0.21912400933407167
11.31,0.33521845028820507,0.28408410197842987
11.32,0.3998163469738183,0.34484552714983924
11.33,0.4584163489894606,0.40045261003205707
11.34,0.5100354066227375,0.4499713733994814
11.35,0.5537541326152627,0.4925185250600904
11.36,0.5887592890832885,0.5273041769345289
11.370000000000001,0.6143923662435363,0.55368043272282
11.38,0.630193997179197,0.571185471801355
11.39,0.6359338924408076,0.5795728345507006
11.4,0.6316185884686545,0.578818359726273
11.41,0.6174740329286028,0.5691020509665656
11.42,0.5939057756763229,0.5507679282393675
11.43,0.5614448949516717,0.5242702400057385
11.44,0.5206914035700675,0.49011792228132944
11.450000000000001,0.4722677765107277,0.44882994557789124
11.46,0.4167930976797851,0.4009119034213818
11.47,0.3548835679300078,0.34685932912910544
11.48,0.287178829724445,0.2871868871426211
11.49,0.21438721563702498,0.22247625262365062
11.5,0.13733811992916628,0.15343066599837094
11.51,0.057027402934094994,0.08092198679684862
11.52,-0.025357352951568636,0.006017122682941078
11.53,-0.10844096543363115,-0.07002521716413213
11.540000000000001,-0.1906972551370967,-0.14579029835935953
11.55,-0.2705143153435092,-0.21977160602945764
11.56,-0.3462785165911511,-0.2904534488304131
11.57,-0.41646340003308835,-0.3563980200632345
11.58,-0.4797087854979694,-0.4163223257485619
11.59,-0.5348778222544215,-0.46915291577839363
11.6,-0.5810847242321197,-0.5140514463944851
11.61,-0.6176923422211855,-0.5504105265631026
11.620000000000001,-0.6442850260783273,-0.5778255457484377
11.63,-0.6606269800759722,-0.5960528176904937
11.64,-0.666618472518288,-0.604966388379103
11.65,-0.662261416822207,-0.6045248716383793
11.66,-0.6476423053737852,-0.5947560376235816
11.67,-0.622935199370437,-0.5757615632422951
11.68,-0.5884218108690821,-0.5477387207431004
11.69,-0.5445210733980407,-0.5110112369536868
11.700000000000001,-0.49181810499658035,-0.4660591953635048
11.71,-0.43108266867678335,-0.41353818918491514
11.72,-0.36326998039507913,-0.35428078301579474
11.73,-0.2895012192798168,-0.28927789400030673
11.74,-0.21102615779057182,-0.21964274659310218
11.75,-0.12917464254839264,-0.1465642833581898
11.76,-0.04530612933681791,-0.07125925661112875
11.77,0.03923349834786586,0.0050678927589580215
11.78,0.12314099200427547,0.08125077915614717
11.790000000000001,0.2051680051023579,0.15617007558725982
11.8,0.28411868873385515,0.22874821288218158
11.81,0.35883889007359027,0.29793629028442076
11.82,0.42820560038776195,0.3627019640697614
11.83,0.4911252396373914,0.422026878957881
11.84,0.5465468614854514,0.4749195745480897
11.85,0.5934920493584855,0.5204453995352581
11.86,0.6310982644615873,0.5577699334594085
11.870000000000001,0.6586680111328362,0.5862080655060622
11.88,0.6757135845727457,0.6052683821073235
11.89,0.6819871145458558,0.6146825974384559
11.9,0.6774882427077905,0.6144125150872776
11.91,0.6624465174003062,0.6046318476112421
11.92,0.6372813409717533,0.585686002156837
11.93,0.6025476465607009,0.5580382427488825
11.94,0.5588790562195922,0.522214115630686
11.950000000000001,0.5069411276536316,0.47875674468094204
11.96,0.44740513266471615,0.42820330128812256
11.97,0.3809480610489765,0.3710880939018913
11.98,0.3082782779444939,0.3079714013530889
11.99,0.2301799320116996,0.23948685588275304
12.0,0.14756431075289209,0.16639535819632018
12.01,0.06151405349928459,0.08963134425241803
12.02,-0.02669294617790174,0.01032828219699014
12.030000000000001,-0.11558914367196833,-0.07018563242029287
12.040000000000001,-0.2035555010234122,-0.15042440270024202
12.05,-0.2888883304197984,-0.2288096798146401
12.06,-0.3698848549191252,-0.3037546029479296
12.07,-0.44493362755972443,-0.3737521194968578
12.08,-0.512595132168979,-0.4374531899760984
12.09,-0.5716602799850599,-0.493722792694932
12.1,-0.621179507153077,-0.5416667115538726
12.11,-0.6604615723573316,-0.5806284991991184
12.120000000000001,-0.6890474542130828,-0.6101622548132627
12.13,-0.7066695099075259,-0.6299915080459234
12.14,-0.7132082264106565,-0.6399665308289074
12.15,-0.7086580579966351,-0.640031426037559
12.16,-0.6931103154010613,-0.6302087156579558
12.17,-0.6667558135224011,-0.6106038549606341
12.18,-0.6299043513665754,-0.5814264956705785
12.19,-0.5830134929478636,-0.5430208040969339
12.200000000000001,-0.5267166418208373,-0.4958947876590936
12.21,-0.4618405905991724,-0.4407389002217496
12.22,-0.38940543738935174,-0.378427008352856
12.23,-0.31060422731422094,-0.309997314938799
12.24,-0.22676471296067152,-0.23661585393933718
12.25,-0.13929992697416818,-0.15952938802341393
12.26,-0.049656726080957614,-0.08001688201241033
12.27,0.04072851224396637,0.0006513901668624316
12.280000000000001,0.13046024924081492,0.08124055252911393
12.290000000000001,0.21819754510964368,0.16056129652587411
12.3,0.302653323146881,0.23746591956918398
12.31,0.38258533944292045,0.3108366727460549
12.32,0.4567873944096633,0.37957507874164137
12.33,0.5240892539630634,0.4426006770495973
12.34,0.5833712655876447,0.49886504581194585
12.35,0.6335953778567495,0.5473825881383988
12.36,0.6738492995217876,0.5872745742370915
12.370000000000001,0.7033961706571308,0.617818609192836
12.38,0.7217195468020192,0.638493221402378
12.39,0.7285534729340958,0.649007368097131
12.4,0.7238900674331203,0.6493074190575548
12.41,0.7079617815393237,0.6395590108215798
12.42,0.6812012236628672,0.6201069160876352
12.43,0.6441867337078848,0.5914213326656853
12.44,0.5975854221479874,0.5540424331554471
12.450000000000001,0.5421062177866282,0.5085357178404665
12.46,0.4784733027769141,0.45546841482697226
12.47,0.40742558016786407,0.3954123315063868
12.48,0.3297415746217751,0.32897226241573185
12.49,0.24628285654825405,0.2568327591888555
12.5,0.15804419996481076,0.17981126140762524
12.51,0.06619642310947241,0.09890344175871554
12.52,-0.02789119491234926,0.015307692026133798
12.530000000000001,-0.12265804483782404,-0.0695802307975176
12.540000000000001,-0.21639185405801123,-0.15420518109462394
12.55,-0.30729699065025634,-0.23691911681175873
12.56,-0.3935814387416431,-0.31606599174242783
12.57,-0.4735486077446306,-0.39007116558372323
12.58,-0.5456793171340382,-0.45752075359061717
12.59,-0.6086916703276236,-0.5172188234776219
12.6,-0.6615714994118715,-0.5682153889851884
12.61,-0.7035724381630857,-0.6098045388004663
12.620000000000001,-0.7341909673587771,-0.6414982749969351
12.63,-0.7531265268928853,-0.6629862818408682
12.64,-0.7602389528197641,-0.6740938779796777
12.65,-0.7555146675127884,-0.674749447661339
12.66,-0.7390495517044994,-0.6649690537295869
12.67,-0.7110512162126379,-0.6448606857679131
12.68,-0.6718578087495103,-0.6146450386922687
12.69,-0.6219659212035238,-0.5746852269292348
12.700000000000001,-0.56205769444636,-0.525515485812712
12.71,-0.4930173887147839,-0.4678592034234813
12.72,-0.4159303659810655,-0.40262939975719847
12.73,-0.3320618607602434,-0.3309092451230433
12.74,-0.24281791599686822,-0.25391519222796
12.75,-0.14969512705767163,-0.17294948636492832
12.76,-0.054228277329395856,-0.08935114226325154
12.77,0.04205503705526948,-0.004454362636859254
12.780000000000001,0.13766606650084845,0.08043910489003821
12.790000000000001,0.2311702137768775,0.16407132720428388
12.8,0.32118804717949184,0.24522561599092996
12.81,0.40638812701722,0.3227163691950099
12.82,0.4854800559729043,0.39537986210920223
12.83,0.5572160934320783,0.4620743280106493
12.84,0.6204072116400913,0.5216950872399918
12.85,0.6739552292469663,0.5732061605482941
12.86,0.7168977283078684,0.6156848494628474
12.870000000000001,0.7484581455075285,0.6483714891200413
12.88,0.7680909040314925,0.6707141429303791
12.89,0.7755114622986543,0.6823981329883364
12.9,0.7707038065146452,0.6833530622898021
12.91,0.7539026351390118,0.6737347854701603
12.92,0.7255531594923044,0.6538854880101344
12.93,0.6862566872642015,0.6242802431791771
12.94,0.6367136441762454,0.5854718175648695
12.950000000000001,0.5776764983105485,0.5380461845716171
12.96,0.5099228866223287,0.48259891430643326
12.97,0.4342545255044132,0.4197377897206443
12.98,0.35152127008479994,0.35011073005149157
12.99,0.2626634138840805,0.2744518389082448
13.0,0.16876048301432112,0.19363362360845882
13.01,0.07107255466272532,0.10871131424392651
13.02,-0.028938908530428797,0.02094629177362524
13.030000000000001,-0.1296197430296235,-0.06820028981478407
13.040000000000001,-0.22916422149081875,-0.15710644044248265
13.05,-0.3256847310192766,-0.2440567338714717
13.06,-0.4173000494710237,-0.3273280955638326
13.07,-0.5022284226959983,-0.4052801460873781
13.08,-0.5788708237439312,-0.47643556181751895
13.09,-0.6458721316715907,-0.5395383768661663
13.1,-0.702152910359293,-0.59358316063102
13.11,-0.7469108105199236,-0.6378143600799356
13.120000000000001,-0.7795968687225697,-0.6717012989489147
13.13,-0.7998766986700687,-0.694898951351211
13.14,-0.8075887242776081,-0.7072066396337415
13.15,-0.802710793630417,-0.7085358765013402
13.16,-0.7853430596470234,-0.6988950290194866
13.17,-0.755709861647395,-0.67839329167484
13.18,-0.7141778138676756,-0.6472609471792243
13.19,-0.6612827722010438,-0.6058784309041065
13.200000000000001,-0.5977558932372264,-0.5548043627313728
13.21,-0.5245391594038771,-0.4947929804815883
13.22,-0.4427833925497618,-0.4267941448085821
13.23,-0.3538261637940523,-0.35193351181664095
13.24,-0.25915195458847806,-0.2714754004995946
13.25,-0.16034114023130835,-0.18677502861126086
13.26,-0.0590167759760562,-0.09922909306401613
13.27,0.04320182030915688,-0.010233567406569749
13.280000000000001,0.14473203190491715,0.07884484803703415
13.290000000000001,0.24404482822951834,0.16668127811846406
13.3,0.33966758051609997,0.25199151884155613
13.31,0.4301788102014911,0.33352340736414693
13.32,0.5142031451478635,0.41004912051247466
13.33,0.5904146814274627,0.4803666100366121
13.34,0.657554503652927,0.5433158277785215
13.35,0.7144639147973596,0.5978111164796504
13.36,0.7601300551475647,0.6428862472956448
13.370000000000001,0.7937363397381242,0.6777443673503875
13.38,0.814707674304392,0.7018027297991707
13.39,0.8227404480552117,0.7147222204043677
13.4,0.8178099458584215,0.7164144400742354
13.41,0.8001525062922689,0.7070238593468018
13.42,0.7702253739289485,0.6868882073686593
13.43,0.7286523819288525,0.6564854144114177
13.44,0.6761670464621206,0.6163787913349406
13.450000000000001,0.6135654392486319,0.5671728019177816
13.46,0.5416790369248132,0.5094894995397748
13.47,0.4613730491587994,0.4439709092615871
13.48,0.3735695528994317,0.3713064131373958
13.49,0.27928854347391235,0.2922779867607054
13.5,0.17969523106040794,0.20781141209705978
13.51,0.0761397237249683,0.11901950041906445
13.52,-0.029823792371205228,0.027224437372431562
13.530000000000001,-0.1364473137798848,-0.06604959202730806
13.540000000000001,-0.24183160078532182,-0.1591162246973497
13.55,-0.3439971605633254,-0.25019511067321815
13.56,-0.4409737232375849,-0.3374984538774936
13.57,-0.5308944732411974,-0.41932214140800456
13.58,-0.6120804828090114,-0.49412698985017595
13.59,-0.6831031356484751,-0.5605980738317076
13.6,-0.7428172351922739,-0.6176750695135776
13.61,-0.7903637838015374,-0.6645528483923437
13.620000000000001,-0.8251476184034924,-0.7006577126194385
13.63,-0.846799774316267,-0.7256092614713177
13.64,-0.8551365978077137,-0.7391799150372346
13.65,-0.8501268447118548,-0.7412632269474392
13.66,-0.8318746012726613,-0.7318586326907638
13.67,-0.8006207742699719,-0.7110751527649943
13.68,-0.7567604276208505,-0.6791511155251795
13.69,-0.7008687508566016,-0.636482536294228
13.700000000000001,-0.6337260079478524,-0.5836504461658326
13.71,-0.5563319676803845,-0.5214377156640859
13.72,-0.46990293017181944,-0.45082860994406193
13.73,-0.3758487918969898,-0.3729886768518562
13.74,-0.27573247208307944,-0.28922743533446366
13.75,-0.17121818295011343,-0.20095042863606408
13.76,-0.06401740566692941,-0.10960948979188637
13.77,0.04415854613801109,-0.016659979954837773
13.780000000000001,0.15163279161485632,0.07646862971753136
13.790000000000001,0.2567813651584529,0.16838648796041256
13.8,0.35803787364175466,0.25774363215031104
13.81,0.4538902206781368,0.3432229082085172
13.82,0.5428775243347008,0.42353379843008543
13.83,0.623595265927092,0.4974152170189546
13.84,0.694714283812298,0.563652808568267
13.85,0.7550150756768536,0.6211120643613446
13.86,0.8034340727944,0.6687837477558941
13.870000000000001,0.8391143720161837,0.7058339688519862
13.88,0.8614509961212237,0.731648901950233
13.89,0.8701208136066919,0.7458642913216903
13.9,0.8650898804445648,0.7483726125126996
13.91,0.8465956089962665,0.7393054637771351
13.92,0.8151067337760006,0.7189943478673008
13.93,0.7712691711475075,0.6879181022838856
13.94,0.7158492647922801,0.6466485562987356
13.950000000000001,0.6496866637846505,0.5958066454981054
13.96,0.5736669121766528,0.5360389399469535
13.97,0.48871916386020475,0.4680197908401457
13.98,0.39583831913066597,0.39247813721398866
13.99,0.2961247302337307,0.31024186914235763
14.0,0.19082989976237597,0.2222879721288553
14.01,0.08139444268341943,0.12978461016286566
14.02,-0.030534445142151815,0.034112375233644125
14.030000000000001,-0.14311484428618132,-0.06314405808405317
14.040000000000001,-0.25435411470901337,-0.16023656941519263
14.05,-0.3621811215293514,-0.2553224686178621
14.06,-0.46453682030384913,-0.34655165976821534
14.07,-0.5594695450421233,-0.4321584257290187
14.08,-0.6452205357469872,-0.5105434527059534
14.09,-0.7202875620418626,-0.5803341188307045
14.1,-0.783459357400591,-0.6404159832914649
14.11,-0.8338198080347048,-0.6899346516644886
14.120000000000001,-0.8707269816305048,-0.7282732951726962
14.13,-0.8937767311691093,-0.755015671882392
14.14,-0.9027627534106865,-0.7699065395905307
14.15,-0.8976442262732554,-0.7728204927834237
14.16,-0.8785288011410854,-0.7637468296930678
14.17,-0.8456737034304658,-0.7427929957870305
14.18,-0.7995022912798049,-0.7102037576700047
14.19,-0.7406289829026307,-0.6663888761626543
14.200000000000001,-0.6698830520962152,-0.6119497177520422
14.21,-0.5883219353739091,-0.5476954742822314
14.22,-0.49722726457899286,-0.4746423000974837
14.23,-0.3980811000382693,-0.3939929699062237
14.24,-0.29252464792439964,-0.307099456795518
14.25,-0.1823058477215438,-0.2154148762878158
14.26,-0.06922456680871544,-0.12044350726752825
14.27,0.04491583423012201,-0.023697531230902364
14.280000000000001,0.15834406150656355,0.07333321058690297
14.290000000000001,0.2693409796960147,0.1691961019666121
14.3,0.37624614066518514,0.2624774387752878
14.31,0.47745652302235553,0.3517969042071687
14.32,0.5714254468644032,0.4358029281647688
14.33,0.6566695288177711,0.5131768305874221
14.34,0.7317891466826392,0.5826511615111702
14.35,0.7955037927955947,0.6430434958877572
14.36,0.8466989721588779,0.6933021943253228
14.370000000000001,0.8844771973232283,0.7325565577685892
14.38,0.9082032693949946,0.760161499972124
14.39,0.9175341155275739,0.7757270220185923
14.4,0.9124260708182653,0.7791254691614578
14.41,0.8931170916606298,0.7704742052256085
14.42,0.8600868891640432,0.7500968585717319
14.43,0.8140030305739694,0.7184713253408612
14.44,0.7556643946962921,0.6761759863329971
14.450000000000001,0.6859540922644256,0.6238462264174921
14.46,0.6058118000795767,0.562151086826997
14.47,0.5162308336439583,0.49179517797632777
14.48,0.4182792308288746,0.41354488510286347
14.49,0.3131380415638853,0.3282718228609261
14.5,0.2021453548309418,0.23700187566046246
14.51,0.08683247544349733,0.1409561171342662
14.52,-0.03106036227050855,0.0415709637926142
14.530000000000001,-0.14959746021968592,-0.05951110883493297
14.540000000000001,-0.26669305750979855,-0.1604829513803349
14.55,-0.380184743393638,-0.25944220528336237
14.56,-0.487925078004963,-0.3544789788976421
14.57,-0.587877862480582,-0.44376817957096687
14.58,-0.678204700882777,-0.525652228033892
14.59,-0.7573297883241863,-0.598702247604704
14.6,-0.8239756623899973,-0.6617506711934927
14.61,-0.8771688173891127,-0.7138943796505763
14.620000000000001,-0.9162201615369412,-0.7544735303320659
14.63,-0.9406899087362919,-0.783035774570224
14.64,-0.9503486338610124,-0.799297607488502
14.65,-0.9451454913871808,-0.803113772129737
14.66,-0.9251913038449192,-0.7944622747561848
14.67,-0.8907592761999724,-0.7734475820054356
14.68,-0.8423007627734025,-0.7403192474189568
14.69,-0.7804691316909178,-0.6954988775258777
14.700000000000001,-0.706142387156016,-0.6396060318584741
14.71,-0.6204353415506427,-0.5734738573485623
14.72,-0.5246946523852599,-0.49814784022532804
14.73,-0.42047423102200904,-0.4148652790014644
14.74,-0.3094932659399167,-0.3250178069827977
14.75,-0.19358314739924937,-0.23010328778875078
14.76,-0.07463190145343182,-0.1316756526421153
14.77,0.04546522736008056,-0.03130119513875654
14.780000000000001,0.16484262592915144,0.06947245392256544
14.790000000000001,0.28168602210508087,0.16913233772949807
14.8,0.39424090230483366,0.2662032609470727
14.81,0.5008132854695518,0.3592438055023623
14.82,0.5997706475502719,0.44684320234854963
14.83,0.6895506846959157,0.527626795038501
14.84,0.768683240116705,0.6002753860354874
14.85,0.8358266927201778,0.663559670770775
14.86,0.8898154603775411,0.7163862955228265
14.870000000000001,0.9297112402848652,0.7578480601812946
14.88,0.9548482993146276,0.787268525693702
14.89,0.9648632294915982,0.8042314549931706
14.9,0.9597021864653464,0.8085881850595512
14.91,0.9396031805332921,0.8004406260936974
14.92,0.9050564224866532,0.7801030297896943
14.93,0.8567507128906926,0.7480506294783906
14.94,0.7955171436373673,0.7048664748466494
14.950000000000001,0.722282078531655,0.6511983994971448
14.96,0.6380392285422001,0.5877358221767478
14.97,0.5438460588411316,0.5152114329621185
14.98,0.44084378054205553,0.43442679138050955
14.99,0.3302941758498178,0.3462948583275563
15.0,0.21362190323926059,0.25188791860239185
15.01,0.09244884660900345,0.15247733287208143
15.02,-0.03139195034353224,0.04955261060190848
15.030000000000001,-0.15587135820206136,-0.055188772313751064
15.040000000000001,-0.27881093562972264,-0.15988344277080485
15.05,-0.39795748528248626,-0.26257210166922484
15.06,-0.5110756566953482,-0.3612876229983453
15.07,-0.6160451462335058,-0.45414784800687635
15.08,-0.7109482497769868,-0.539438916187619
15.09,-0.7941357851368072,-0.6156772995637071
15.1,-0.8642641465745062,-0.6816434928577331
15.11,-0.920302347389575,-0.7363864119540489
15.120000000000001,-0.9615139240061771,-0.77920353886401
15.13,-0.9874231446895876,-0.8096063573936845
15.14,-0.9977770934962291,-0.8272826690252384
15.15,-0.9925144972765677,-0.8320665930674586
15.16,-0.971748928068768,-0.8239237542512904
15.17,-0.9357691396543832,-0.8029542525518739
15.18,-0.8850540447704595,-0.76941075918153
15.19,-0.8202955162127974,-0.7237247939722571
15.200000000000001,-0.7424198354048801,-0.6665319361788964
15.21,-0.6525987300273196,-0.5986869008212867
15.22,-0.5522434175892,-0.5212619381137578
15.23,-0.4429791947302511,-0.4355261603463814
15.24,-0.3266027747517706,-0.34290805347027814
15.25,-0.20502856021395607,-0.24494737261437255
15.26,-0.08023232662809789,-0.14324484463891338
15.27,0.04579917095243806,-0.039418063836073436
15.280000000000001,0.17110633644360967,0.06493027562339396
15.290000000000001,0.2937800619661741,0.16822948196905715
15.3,0.41197203610389915,0.2689453199719694
15.31,0.5238975501047177,0.36557753219488076
15.32,0.6278384248262017,0.45665818578747575
15.33,0.7221535708263311,0.5407584178850104
15.34,0.8053023645264273,0.616508751004851
15.35,0.8758820596882081,0.6826341328163881
15.36,0.9326758857849761,0.738000263594274
15.370000000000001,0.9747045285977436,0.7816638282947665
15.38,1.001271432542612,0.81291703240483
15.39,1.0119924872779915,0.8313170177224591
15.4,1.0068032465988594,0.8366933734374635
15.41,0.9859413282171465,0.8291314960063791
15.42,0.9499070040285618,0.808934921702519
15.43,0.8994099033977566,0.7765746449584267
15.44,0.8353129763672948,0.7326366064689166
15.450000000000001,0.7585855375559213,0.6777791361868767
15.46,0.6702750736694068,0.6127099221734774
15.47,0.5715029659102481,0.5381874812412469
15.48,0.46348336331319534,0.45504615521918285
15.49,0.3475585136741711,0.3642377241939029
15.5,0.2252393199106734,0.26687821898557934
15.51,0.09823784366286166,0.1642865230009306
15.52,-0.03152054377939745,0.05800239577655205
15.530000000000001,-0.1619138330722909,-0.050224561681066475
15.540000000000001,-0.2906715002197021,-0.15847760168259456
15.55,-0.4154501744297351,-0.26474324172031427
15.56,-0.533927189006972,-0.36699971828544803
15.57,-0.6438986774385899,-0.46331017692709375
15.58,-0.7433680863346036,-0.5519065593942671
15.59,-0.830613207396503,-0.6312524318371936
15.6,-0.9042245184669411,-0.7000777193726825
15.610000000000001,-0.9631136473624315,-0.757384340092356
15.620000000000001,-1.00649672452252,-0.8024276556848196
15.63,-1.0338619165026501,-0.8346831260098106
15.64,-1.0449325496304351,-0.8538096001833592
15.65,-1.0396365578271818,-0.8596199281528588
15.66,-1.0180898126923017,-0.8520663414952396
15.67,-0.9805960979019221,-0.8312432222170403
15.68,-0.9276613141843141,-0.7974046992999925
15.69,-0.8600152348417738,-0.7509902715722475
15.700000000000001,-0.7786317964659397,-0.6926493645111684
15.71,-0.6847390144090263,-0.6232558833513064
15.72,-0.5798120414141587,-0.5439062942633316
15.73,-0.46554694260331486,-0.455898839267176
15.74,-0.3438173495883974,-0.36069607132337234
15.75,-0.21662008074281894,-0.2598767844770406
15.76,-0.08601807229328115,-0.15508561648886687
15.77,0.04591099368219597,-0.04798858135825931
15.780000000000001,0.1771141159404963,0.05975940175213085
15.790000000000001,0.3055879164278507,0.16653265817009405
15.8,0.4293908249011334,0.2707405295297703
15.81,0.5466478964849356,0.3708263481056127
15.82,0.6555557169449745,0.46526720648441705
15.83,0.7543947364332256,0.552581936956875
15.84,0.841554076187826,0.631352355919698
15.85,0.9155699512464724,0.700258879484886
15.860000000000001,0.9751743614578412,0.7581271026088403
15.870000000000001,1.0193468202714517,0.8039780556857928
15.88,1.047359687334239,0.8370726770431253
15.89,1.0588078124639357,0.8569412228117644
15.9,1.053615764351188,0.8633909431550616
15.91,1.0320203656680316,0.8564898307577518
15.92,0.994531546446506,0.8365295430135921
15.93,0.9418793696153498,0.8039754191380363
15.94,0.8749582539248436,0.7594146375065443
15.950000000000001,0.7947800711910755,0.7035141467609815
15.96,0.7024456710236455,0.6369978138225355
15.97,0.5991399016619341,0.5606476915376256
15.98,0.48614934949816185,0.4753284289652996
15.99,0.36489616546432885,0.38202798766055496
16.0,0.2369768702337591,0.281903373700747
16.01,0.10419301897991422,0.17631812755237564
16.02,-0.031438416742313596,0.06685934352978908
16.03,-0.16770329916832225,-0.04467416745728452
16.04,-0.3022397772141961,-0.15631514708810063
16.05,-0.43261504706223985,-0.265998691386523
16.06,-0.5564198330970169,-0.3716510095089351
16.07,-0.6713673627324499,-0.47128296091446076
16.080000000000002,-0.7753828221096167,-0.5630744511809994
16.09,-0.8666714798735429,-0.6454380089535928
16.1,-0.9437582970074953,-0.7170545235121558
16.11,-1.0054977945205605,-0.7768800781973338
16.12,-1.0510588382848558,-0.8241286773326064
16.13,-1.0798934835270653,-0.8582400990500239
16.14,-1.0917011297985117,-0.8788441521211924
16.15,-1.0863985899385433,-0.8857319031734217
16.16,-1.064103559240934,-0.8788412697779667
16.17,-1.0251342500683693,-0.8582596210052661
16.18,-0.9700228550218466,-0.8242409172974828
16.19,-0.8995362905071926,-0.7772307264186733
16.2,-0.8146953611599818,-0.7178901734958701
16.21,-0.7167835782832584,-0.6471100138180789
16.22,-0.6073392493049108,-0.5660084320705447
16.23,-0.4881284435653005,-0.47591017433339083
16.240000000000002,-0.361100958065073,-0.3783091295643455
16.25,-0.22833527331508507,-0.2748203140354641
16.26,-0.09198071781495033,-0.1671293951314292
16.27,0.04579489190553593,-0.05694788852987607
16.28,0.18284596492763963,0.05401997754667367
16.29,0.3170756763960592,0.16409640801934766
16.3,0.4464500003095288,0.27163706870676885
16.31,0.5690045012083326,0.37503144673086214
16.32,0.6828511777789867,0.47270397746665993
16.330000000000002,0.7861925342733517,0.563123200434709
16.34,0.8773477918958397,0.6448238889051169
16.35,0.9547923116312319,0.7164432150075503
16.36,1.0172068837431187,0.7767675730362968
16.37,1.063529726609963,0.824782870329108
16.38,1.093001882884917,0.8597189588125093
16.39,1.105196858142036,0.8810790671491064
16.4,1.100027892345473,0.8886476688115047
16.41,1.0777306520633463,0.8824746388518198
16.42,1.038824354069667,0.8628387760105884
16.43,0.9840591059794858,0.8301985206026968
16.44,0.9143603710286234,0.7851407784863172
16.45,0.8307820955631996,0.7283393380449619
16.46,0.7344779288297378,0.6605322006286464
16.47,0.626695526932065,0.5825226583750608
16.48,0.5087931546266122,0.4952031444774506
16.490000000000002,0.382272016668743,0.3995950917561009
16.5,0.24881333344128642,0.29689363442954814
16.51,0.11030719603040978,0.18850404231707357
16.52,-0.031138790467496125,0.07605779277425105
16.53,-0.1732193097413029,-0.0386000173855113
16.54,-0.3134820987043203,-0.1534544711217231
16.55,-0.449405791229868,-0.2663919856100971
16.56,-0.5784953255274056,-0.3752893434186674
16.57,-0.6983817960631972,-0.4781075452478095
16.580000000000002,-0.8069128478297445,-0.5729766804597546
16.59,-0.9022218812477488,-0.6582602139587638
16.6,-0.9827689111462838,-0.7325916824168758
16.61,-1.047351809761936,-0.7948826789748842
16.62,-1.0950924895688126,-0.8443068089625967
16.63,-1.1254070251402166,-0.8802687007137884
16.64,-1.1379708140876694,-0.9023692023628429
16.65,-1.1326892569962967,-0.9103772191193851
16.66,-1.109681374519494,-0.9042155355923838
16.67,-1.0692791297006572,-0.8839632857116083
16.68,-1.0120401910842418,-0.8498726886765935
16.69,-0.9387677131250858,-0.8023935180800563
16.7,-0.8505284217361816,-0.7421965042784845
16.71,-0.748660373657608,-0.6701869776247716
16.72,-0.6347640991128229,-0.5875024232038989
16.73,-0.5106747624499435,-0.4954915526424773
16.740000000000002,-0.37841742701969344,-0.3956769427395804
16.75,-0.24015132381713794,-0.28970707955684194
16.76,-0.09811122567934352,-0.1793058121501104
16.77,0.045445915235857955,-0.06622723511425256
16.78,0.18828296594561503,0.04777807348969237
16.79,0.32821072908079946,0.16098313665556077
16.8,0.4631037834237324,0.2716927896312836
16.81,0.5909091970744093,0.37824534602179544
16.82,0.7096552535456798,0.47901500337781233
16.830000000000002,0.8174672120183483,0.5724221086301599
16.84,0.912594890902788,0.6569561259614854
16.85,0.9934530809354194,0.7312123294447093
16.86,1.0586714475633388,0.793938873697337
16.87,1.1071468344933482,0.8440871424617735
16.88,1.1380887695999178,0.8808561739558727
16.89,1.1510491446947466,0.9037221508191987
16.9,1.145929565754407,0.9124464869345886
16.91,1.1229642202463854,0.9070604048962383
16.92,1.0826812682193248,0.8878290548134622
16.93,1.025850476806707,0.8552029175168886
16.94,0.9534278936191611,0.8097672744243484
16.95,0.8665089684701583,0.7522010932017836
16.96,0.7662994395127923,0.6832545357469737
16.97,0.6541089074642481,0.6037498602586602
16.98,0.5313663075371929,0.5146047472427392
16.990000000000002,0.39965077400878596,0.4168713556611179
17.0,0.2607270294562623,0.3117800626463754
17.01,0.11657247921672559,0.20077491386903523
17.02,-0.030615838811841864,0.08552881409846637
17.03,-0.1784425765104571,-0.03206975808255192
17.04,-0.32436613459655117,-0.14996104129340854
17.05,-0.46577758832638455,-0.265985474048908
17.06,-0.6000970312699149,-0.37797298253539324
17.07,-0.7248743177984335,-0.4838371344016456
17.080000000000002,-0.8378804040694888,-0.5816604630551034
17.09,-0.9371776290722791,-0.6697594311877103
17.1,-1.0211618002213063,-0.7467220378592404
17.11,-1.0885747722307093,-0.8114168948906627
17.12,-1.1384919776349993,-0.8629783474965816
17.13,-1.1702937749190132,-0.9007765854512366
17.14,-1.1836315749436184,-0.9243837393443276
17.150000000000002,-1.178399111707103,-0.9335463128858236
17.16,-1.1547162131240518,-0.9281712486142958
17.17,-1.1129278428468174,-0.9083283087117464
17.18,-1.0536162158249602,-0.8742664690538187
17.19,-0.9776196790818823,-0.8264379135197596
17.2,-0.8860497808192367,-0.7655209587129234
17.21,-0.7802980201621278,-0.6924333248266875
17.22,-0.6620260707000982,-0.6083294831628857
17.23,-0.5331371386462262,-0.5145796836734804
17.240000000000002,-0.39573050781679564,-0.4127326500278725
17.25,-0.25204508947152926,-0.30446767570457284
17.26,-0.104399974548329,-0.19154400506771735
17.27,0.04485995069199745,-0.07575541479889646
17.28,0.19340728550126152,0.041104137660350606
17.29,0.33896177872297034,0.1572614757272176
17.3,0.479307925088068,0.27097351617050847
17.31,0.6123055322499409,0.3805301480100394
17.32,0.7359002583786307,0.484257825996025
17.330000000000002,0.8481410006869808,0.5805308703597353
17.34,0.9472088131300335,0.667795223992422
17.35,1.0314583015262135,0.7446056553256472
17.36,1.0994681607832413,0.8096730893240225
17.37,1.1500938286683402,0.8619150491573739
17.38,1.1825131585761628,0.9005001208663176
17.39,1.1962561949925674,0.9248775432637447
17.400000000000002,1.1912126416193454,0.9347855409369069
17.41,1.167614918842022,0.9302363284801941
17.42,1.1259998105967188,0.9114808101496429
17.43,1.06715635824414,0.8789606362183495
17.44,0.9920706949604118,0.8332582806487363
17.45,0.901879114184104,0.7750563642544713
17.46,0.7978385882407691,0.7051153280383423
17.47,0.6813196030696278,0.6242741745318573
17.48,0.5538205191486114,0.5334733138542873
17.490000000000002,0.41699701424095986,0.4337928864209341
17.5,0.2726958485203712,0.3264956241649769
17.51,0.12298026547907473,0.21306140237662277
17.52,-0.029864692970878445,0.09520162360982931
17.53,-0.18335498818519663,-0.025154709555555977
17.54,-0.3348609221555219,-0.1459057449931135
17.55,-0.4816871517740809,-0.26484857996917077
17.56,-0.6211699914690327,-0.3797688058509084
17.57,-0.7507790731665076,-0.4885349642967678
17.580000000000002,-0.8682096524604838,-0.5891843160244049
17.59,-0.9714539650038625,-0.6799884523515767
17.6,-1.0588445130471673,-0.7594917621243225
17.61,-1.129067931043823,-0.8265215302169794
17.62,-1.1811537994612136,-0.8801741448459921
17.63,-1.2144471525120855,-0.9197862358711885
17.64,-1.2285755156652318,-0.9449016163264402
17.650000000000002,-1.2234207376464055,-0.9552442856177384
17.66,-1.1991029177318089,-0.95070474991063
17.67,-1.1559792030797325,-0.9313423589839074
17.68,-1.0946553194679305,-0.8974014290018146
17.69,-1.0160036294346269,-0.8493348446697456
17.7,-0.9211792605625629,-0.7878265855609481
17.71,-0.8116259048276446,-0.7138046867349851
17.72,-0.689065155250331,-0.6284384154656413
17.73,-0.5554670633582893,-0.5331172640136707
17.740000000000002,-0.4130039401280925,-0.42941369002104224
17.75,-0.26399314815063923,-0.31903524497004143
17.76,-0.11083679322720963,-0.20377386910775477
17.77,0.04403370534139356,-0.08546017790941339
17.78,0.19820217494860903,0.03407144419737795
17.79,0.3492988669589886,0.15300461701191187
17.8,0.4950197456844951,0.2695512875055794
17.81,0.6331388277979005,0.3819557174726824
17.82,0.7615204469040453,0.488499163747635
17.830000000000002,0.8781381996414342,0.5875121303068749
17.84,0.9811051547460058,0.6773988644605202
17.85,1.0687162230910079,0.7566750569059093
17.86,1.139499357771245,0.8240154545139848
17.87,1.19226861263673,0.8783044409045858
17.88,1.2261700485419225,0.9186805955923221
17.89,1.2407116664161753,0.9445664321888274
17.900000000000002,1.2357710353350604,0.9556770056400018
17.91,1.2115785523167568,0.9520053433679088
17.92,1.1686793248820442,0.9337876981032157
17.93,1.1078812778072786,0.9014562097582357
17.94,1.0302000884409448,0.855589537116114
17.95,0.9368121448595684,0.7968725748645751
17.96,0.8290246592724732,0.7260742735296571
17.97,0.7082677565298271,0.6440482354883732
17.98,0.5761077525369767,0.5517551321926236
17.990000000000002,0.4342752347329604,0.4503003737435239
18.0,0.28469728238598185,0.34097618827041376
18.01,0.12952125733372555,0.22529537224293292
18.02,-0.028881444239700464,0.10500494979719201
18.03,-0.18793962620100615,-0.017928340261743586
18.04,-0.34493689248869264,-0.14136322810724392
18.05,-0.4970927634218534,-0.2630560278011994
18.06,-0.6416609702926989,-0.38075045390485013
18.07,-0.7760320707407953,-0.49227239545041546
18.080000000000002,-0.8978267467818175,-0.5956161300827723
18.09,-1.0049682388686465,-0.6890105591968638
18.1,-1.0957268048252367,-0.770958481225014
18.11,-1.1687348145835303,-0.840247634202985
18.12,-1.222976770444113,-0.8959378989809278
18.13,-1.2577628938028897,-0.9373333774663011
18.14,-1.2726970068493584,-0.9639501128351913
18.150000000000002,-1.2676488879486385,-0.9754896312705567
18.16,-1.2427383560507326,-0.9718255258534851
18.17,-1.1983338636475342,-0.9530057978452462
18.18,-1.1350635144906167,-0.9192687861450084
18.19,-1.053832387624548,-0.8710664687435762
18.2,-0.9558378116264379,-0.8090866773060692
18.21,-0.8425742811838739,-0.7342658134279252
18.22,-0.7158219433178586,-0.6477858899535172
18.23,-0.577616355679756,-0.5510534926614058
18.240000000000002,-0.4302015153090297,-0.4456625453941421
18.25,-0.2759718481413045,-0.3333464401010524
18.26,-0.11741099536306299,-0.21592722178497814
18.27,0.04296468852208465,-0.0952695790562379
18.28,0.20265197121094278,0.026754584259022027
18.29,0.3591933925956655,0.14828866521186318
18.3,0.510198173210617,0.26750259702242885
18.31,0.6533562323783703,0.3825978322660313
18.32,0.7864520836277638,0.49181300023480934
18.330000000000002,0.9073852589131304,0.5934370239820334
18.34,1.0142017618721457,0.6858343041446843
18.35,1.1051374061318537,0.7674829066015384
18.36,1.1786697110250821,0.8370224857160612
18.37,1.2335714269820233,0.8933050587193762
18.38,1.2689567499959478,0.93543972302194
18.39,1.2843114803945854,0.9628225964578772
18.400000000000002,1.2795008550540823,0.9751457271081192
18.41,1.254753018843176,0.9723829459550516
18.42,1.210621115399185,0.9547556346292053
18.43,1.1479315501964094,0.9226859316605479
18.44,1.0677289565815096,0.8767478508058397
18.45,0.9712289790775192,0.8176273374410227
18.46,0.8597879409283089,0.7461002102108112
18.47,0.7348941824207977,0.6630326267388741
18.48,0.5981802936484903,0.5694031282412602
18.490000000000002,0.45144990503719307,0.4663397454365275
18.5,0.2967084570260487,0.3551614035468141
18.51,0.1361854782970335,0.23741097766604136
18.52,-0.027663143562757453,0.11486831524963506
18.53,-0.19218077707716566,-0.010464806400235546
18.54,-0.35456589437311636,-0.13641027647490755
18.55,-0.5119543084554444,-0.2606860916780287
18.56,-0.6615185011479359,-0.38099647233831163
18.57,-0.8005712403576325,-0.4951269815805459
18.580000000000002,-0.9266599029581394,-0.6010311946294012
18.59,-1.0376399911027827,-0.6968975370433657
18.6,-1.1317207322867597,-0.7811893090687639
18.61,-1.207481338124684,-0.8526565871347799
18.62,-1.2638621433099135,-0.9103243213830792
18.63,-1.3001391786726904,-0.9534652546020098
18.64,-1.3158928196323432,-0.9815683439156148
18.650000000000002,-1.31098062040572,-0.9943128017796279
18.66,-1.2855215545862222,-0.9915549500914381
18.67,-1.2398944474202462,-0.9733306167822752
18.68,-1.1747485598114573,-0.9398709556186933
18.69,-1.0910202762451569,-0.8916255452174068
18.7,-0.9899476210574529,-0.829284384259734
18.71,-0.8730743670984634,-0.7537904320731906
18.72,-0.7422377118645627,-0.6663365487144179
18.73,-0.5995372382520402,-0.5683444238779339
18.740000000000002,-0.44728713986695723,-0.46142733755359966
18.75,-0.287957358074844,-0.34734225080361075
18.76,-0.12411141407021203,-0.22793884765270955
18.77,0.041651194184859616,-0.10511322244527121
18.78,0.2067420970777523,0.01922804022359187
18.79,0.36861812992394416,0.14319105371880358
18.8,0.5248037789113058,0.26490667343805424
18.81,0.6729067740815536,0.382536355296718
18.82,0.8106335096391536,0.4942786740742977
18.830000000000002,0.935810859222271,0.5983832136725892
18.84,1.046418822089366,0.6931763863198921
18.85,1.1406348230172387,0.7771001011935251
18.86,1.2168863400849432,0.8487600328544156
18.87,1.273904965030175,0.9069766519639633
18.88,1.310773007029549,0.9508301714418658
18.89,1.3269539498656382,0.9796907466917479
18.900000000000002,1.3223005337462095,0.993227716226937
18.91,1.2970384450698385,0.9913958655428265
18.92,1.251728581938061,0.9744016626062637
18.93,1.1872154090787663,0.942656936118053
18.94,1.1045718765599923,0.8967304017242475
18.95,1.0050519579033648,0.8373079939010004
18.96,0.8900598290672979,0.7651708988333681
18.97,0.7611404552323694,0.6811959039203246
18.98,0.6199908220664943,0.5863771296275649
18.990000000000002,0.4684855195106063,0.4818626681657098
19.0,0.3087061675893331,0.3689954297934022
19.01,0.14296229155481324,0.24934561687036533
19.02,-0.026207797507594673,0.12472320103183887
19.03,-0.1960639416564255,-0.0028375933121883344
19.04,-0.3637212158487852,-0.13112428278740582
19.05,-0.5262333088265286,-0.25781891108475496
19.06,-0.680692931712072,-0.3805885026398674
19.07,-0.8243364897983398,-0.4971805644305651
19.080000000000002,-0.9546394677411892,-0.6055102277120517
19.09,-1.0693910339235333,-0.7037276722438196
19.1,-1.1667407475650762,-0.7902588450341455
19.11,-1.2452159098441236,-0.8638181298534746
19.12,-1.30371372464796,-0.9233972287429811
19.13,-1.3414767555363094,-0.968238812710368
19.14,-1.3580622552490518,-0.9978055592433775
19.150000000000002,-1.3533154290792742,-1.0117546477151935
19.16,-1.327353829577529,-1.009924888524203
19.17,-1.2805656746819896,-0.9923392274329036
19.18,-1.213620083203946,-0.9592205433764236
19.19,-1.127483232173636,-0.9110146481956628
19.2,-1.02343221871398,-0.8484121589268465
19.21,-0.9030584415766616,-0.772360933115324
19.22,-0.7682545107833906,-0.6840629402539227
19.23,-0.621182412740513,-0.5849531512521676
19.240000000000002,-0.464224898719398,-0.4766622578737169
19.25,-0.2999257164422941,-0.3609686748350251
19.26,-0.1309264361619836,-0.2397473977840179
19.27,0.04009228311621277,-0.11492337472385349
19.28,0.2104590604895976,0.011564877524891343
19.29,0.3775472451442991,0.13778906181341086
19.3,0.5387988105058735,0.2618438463383206
19.31,0.69174140971891,0.3818534732628982
19.32,0.8340052067643241,0.49597901716331094
19.330000000000002,0.9633459893223753,0.6024329536883266
19.34,1.0776789530478066,0.6995055614593283
19.35,1.1751239560502167,0.7856040675108654
19.36,1.254058917681274,0.8593013004781236
19.37,1.3131744861474983,0.9193870460094312
19.38,1.351521117008255,0.9649132975813938
19.39,1.3685399043583923,0.9952247774861622
19.400000000000002,1.3640709582344006,1.009968535994683
19.41,1.3383373171803217,1.0090806120938243
19.42,1.291907350533552,0.9927526824709326
19.43,1.2256431349926487,0.9613861305300871
19.44,1.1406452423620153,0.9155438926372517
19.45,1.0382049581915882,0.8559109939992853
19.46,0.9197729285008834,0.7832726374953695
19.47,0.7869489963327204,0.6985144498418143
19.48,0.641492481872034,0.6026439627055262
19.490000000000002,0.48534665147542794,0.4968268851293204
19.5,0.3206669161448766,0.3824275121295983
19.51,0.149840422079813,0.26104073538178785
19.52,-0.024514360824543335,0.1345040684909971
19.53,-0.19957584141315673,0.004881710710496262
19.54,-0.37237760343802,-0.12558183367252976
19.55,-0.5398929547225172,-0.2545349123315453
19.56,-0.6991364673067864,-0.3796095624499772
19.57,-0.8472697601224931,-0.4985174403738107
19.580000000000002,-0.9816979863426913,-0.6091374588202343
19.59,-1.100145531533869,-0.7095837825652751
19.6,-1.2007037907533513,-0.7982471838297196
19.61,-1.2818495347529046,-0.8738083845856501
19.62,-1.34243798849307,-0.9352276052702513
19.63,-1.3816790623398971,-0.981718831271142
19.64,-1.3991072709572427,-1.0127193744352068
19.650000000000002,-1.3945553725611242,-1.02786477383515
19.66,-1.368138914982844,-1.0269762030511171
19.67,-1.3202544883064686,-1.0100631353896021
19.68,-1.2515897014043098,-0.9773392097411986
19.69,-1.1631389198185353,-0.92924523714653
19.7,-1.0562165823812473,-0.8664710488392732
19.71,-0.932459940809986,-0.7899678971016502
19.72,-0.793815248978702,-0.7009452885894757
19.73,-0.6425051348462306,-0.6008498232233174
19.740000000000002,-0.48097911782571895,-0.49132782946892983
19.75,-0.311852880502633,-0.37417722156853045
19.76,-0.13784403617254504,-0.2512961266113951
19.77,0.03828776467281519,-0.12463592279561309
19.78,0.21379045259376775,0.0038355816330002583
19.79,0.3859563109922266,0.1321584652759743
19.8,0.5521472232260033,0.2583940317985162
19.81,0.7098130715881087,0.38063204066483536
19.82,0.8565098588214731,0.4969985820411815
19.830000000000002,0.9899240201343233,0.6056712274080965
19.84,1.1079072877986953,0.7049059616226189
19.85,1.208522892513065,0.7930768030589971
19.86,1.2900997732749844,0.8687248845174458
19.87,1.3512879266987703,0.9306102055194052
19.88,1.391106047811329,0.9777572667333173
19.89,1.408972812182598,1.009485973981812
19.900000000000002,1.404715594778882,1.0254216228704731
19.91,1.3785546080988782,1.0254819388109584
19.92,1.331065400251313,1.0098440799736295
19.93,1.263127179326061,0.9788990092873192
19.94,1.1758673832278925,0.9332035662257524
19.95,1.0706135026321866,0.8734411295581956
19.96,0.9488611519711253,0.8003997231389421
19.97,0.812263159764934,0.7149721701714894
19.98,0.662638952877088,0.6181773862547569
19.990000000000002,0.5019980092088729,0.5111963885307087
20.0,0.3325669522837855,0.39541238987707344
20.01,0.15680798207527713,0.2724424657569605
20.02,-0.022582725658921363,0.14414922103121225
20.03,-0.20270442163898533,0.012624486152222225
20.04,-0.380511278592148,-0.11985744348317942
20.05,-0.552898133730058,-0.25091336677756626
20.06,-0.7168032125424657,-0.378142450525291
20.07,-0.869315079825923,-0.49922263747384094
20.080000000000002,-1.0077702691775128,-0.6119988058321336
20.09,-1.129830079264861,-0.7145513234710603
20.1,-1.2335293807895291,-0.8052379814406376
20.11,-1.3172959161515256,-0.8827079111008218
20.12,-1.379944186751256,-0.9458916792777775
20.13,-1.42065234402441,-0.993976050223289
20.14,-1.438932602332281,-1.0263739754338244
20.150000000000002,-1.4346051986808641,-1.042699847986837
20.16,-1.4077830870901442,-1.0427571897312884
20.17,-1.3588701758876225,-1.026541530469717
20.18,-1.288571137707428,-0.9942564326945353
20.19,-1.1979068425440174,-0.946336611989578
20.2,-1.0882272417064192,-0.8834698597374827
20.21,-0.9612135534351168,-0.8066094793026477
20.22,-0.8188637797425571,-0.7169711092598081
20.23,-0.6634592885463152,-0.6160114967190989
20.240000000000002,-0.4975144260708851,-0.5053910008105654
20.25,-0.3237147747105477,-0.38692524396171724
20.26,-0.1448518103833313,-0.26253345663202354
20.27,0.03623817794316111,-0.1341911617513923
20.28,0.21672494468022588,-0.003892939953908703
20.29,0.39382231971281195,0.12637234465993924
20.3,0.5648147086315164,0.25463536599994296
20.31,0.727076711421831,0.3789540600722714
20.32,0.8780924095845454,0.497421992039164
20.330000000000002,1.0154807754001582,0.6081839922638932
20.34,1.1370315567956573,0.7094635667516248
20.35,1.2407524167291863,0.7996029913731358
20.36,1.32492399391137,0.8771128653519592
20.37,1.3881560083735114,0.9407243344083093
20.38,1.4294355522268878,0.9894351888904721
20.39,1.4481588994169297,1.022541213143589
20.400000000000002,1.444140611101292,1.0396465813262683
20.41,1.417597900830048,1.0406512566471904
20.42,1.369113185862236,1.0257182852480347
20.43,1.2995822840460254,0.995228379368137
20.44,1.2101586779707243,0.9497321161812575
20.45,1.102204866226567,0.8899106468713875
20.46,0.9772598166303444,0.8165537778566004
20.47,0.8370273169892338,0.7305600430014517
20.48,0.6833845223340426,0.6329578703928064
20.490000000000002,0.518404493726294,0.5249414306403479
20.5,0.34438231645887196,0.40791053932057664
20.51,0.16385249971679175,0.2835020983932516
20.52,-0.020413707241710474,0.1536014961460192
20.53,-0.2054388511989105,0.020325985476519846
20.54,-0.38809995111642837,-0.11402245328683167
20.55,-0.5652154576374299,-0.24703110870359835
20.56,-0.7336492113239933,-0.37626830336447137
20.57,-0.8904186178769989,-0.49938033357618167
20.580000000000002,-1.0327934575934556,-0.6141801796504802
20.59,-1.1583737813769492,-0.7187166062157977
20.6,-1.2651397043904324,-0.8113166149014571
20.61,-1.3514715544715277,-0.8905998371438826
20.62,-1.4161444564460222,-0.955469053450901
20.63,-1.458305766392017,-1.00508532887587
20.64,-1.4774458817059943,-1.0388383340008545
20.650000000000002,-1.4733724652876532,-1.0563218998927988
20.66,-1.4461952854006679,-1.0573219861090157
20.67,-1.3963244886377255,-1.0418198261986118
20.68,-1.3244803370359903,-1.010008201292155
20.69,-1.23170845227693,-0.9623147800956192
20.7,-1.119392380837074,-0.8994242133447573
20.71,-0.9892553147597405,-0.8222906726688932
20.72,-0.8433449851887422,-0.7321346888185563
20.73,-0.683999459472375,-0.6304218412542398
20.740000000000002,-0.5137958164713162,-0.5188250790011015
20.75,-0.33548733876811115,-0.39917610189216196
20.76,-0.1519370108569303,-0.2734133688980386
20.77,0.03394477245245038,-0.14353440585571023
20.78,0.2192522841080076,-0.01155817898601019
20.79,0.4011236943436514,0.12050006716270094
20.8,0.5767687209874094,0.25064300657249944
20.81,0.7434893412452465,0.3768993218370175
20.82,0.8987001172681498,0.4973324405512722
20.830000000000002,1.0399545988013539,0.6100565617442291
20.84,1.1649821665439457,0.713264494230331
20.85,1.2717360990184217,0.8052682252379294
20.86,1.3584495221206654,0.8845489917275025
20.87,1.4236923435597282,0.949810048105298
20.88,1.4664202792682783,1.0000233072940912
20.89,1.4860072655957082,1.034461196436861
20.900000000000002,1.4822549947862045,1.0527074879240794
20.91,1.4553775077767674,1.0546450359605135
20.92,1.4059637561045297,1.0404232966148184
20.93,1.334925596825526,1.0104130288293889
20.94,1.2434416649040967,0.9651585205477881
20.95,1.132908179096624,0.9053382623998435
20.96,1.0049057380201094,0.8317429615286104
20.97,0.861186940544459,0.745275539877684
20.98,0.7036841570024313,0.646972234171039
20.990000000000002,0.5345312582137678,0.5380383828136677
21.0,0.35608888601554284,0.4198882557141983
21.01,0.17096095130146424,0.2941763848493997
21.02,-0.018009025859575954,0.16280878515844982
21.03,-0.20776951870313315,0.027926061172497133
21.04,-0.3951228295405837,-0.1081441058085153
21.05,-0.5768132869169833,-0.2429614276047984
21.06,-0.7496324852108128,-0.37406532206804516
21.07,-0.9105287354978632,-0.49907243753730696
21.080000000000002,-1.0567070883605678,-0.6157659418942457
21.09,-1.1857083273107731,-0.7221651560623176
21.1,-1.2954597029258517,-0.8165684666946926
21.11,-1.3842958434516244,-0.8975680958111417
21.12,-1.450953923683849,-0.9640409226231698
21.13,-1.4945515261529883,-1.0151238716241169
21.14,-1.5145577524298264,-1.0501844685686288
21.150000000000002,-1.5107676568115345,-1.0687966436048284
21.16,-1.4832872296061146,-1.0707289806622455
21.17,-1.4325317569783371,-1.0559481802264843
21.18,-1.359235578402418,-1.0246356692639234
21.19,-1.2644672571314888,-0.9772112631991345
21.2,-1.1496419395282171,-0.9143555253710988
21.21,-1.01652269974649,-0.837022472140443
21.22,-0.8672048596516422,-0.7464364479126921
21.23,-0.7040810074401244,-0.6440707102967353
21.240000000000002,-0.5297887067273052,-0.5316095157943099
21.25,-0.34714657525270315,-0.4108991658695041
21.26,-0.15908657936198647,-0.28389562402950264
21.27,0.03140948850038769,-0.15261642304186898
21.28,0.22136328919489295,-0.01910266727586426
21.29,0.4078402981610381,0.11460644986976867
21.3,0.5879785010249435,0.2464881133227892
21.31,0.7590100710255252,0.3745442185650255
21.32,0.9182826054890177,0.49681035805126983
21.330000000000002,1.0632864174898622,0.6113721459355295
21.34,1.1916922747551928,0.71639343570229
21.35,1.3014003813025368,0.810157363920057
21.36,1.3905972505964435,0.8911169835757543
21.37,1.457813537566345,0.9579486478429254
21.38,1.5019738822975501,1.0095992704503918
21.39,1.5224299959919467,1.045318745840407
21.400000000000002,1.518970667889409,1.064671237225236
21.41,1.4918065857726848,1.067523227474123
21.42,1.4415328672501502,1.054011200654364
21.43,1.3690767813545652,1.024496368617267
21.44,1.275641147268558,0.9795168260987124
21.45,1.162654525560758,0.9197481083606754
21.46,1.0317373214533694,0.8459810947013248
21.47,0.8846886864685939,0.7591219391572771
21.48,0.7234935754127486,0.6602131594812807
21.490000000000002,0.5503437690293804,0.5504694567684024
21.5,0.3676624239439963,0.4313175854460477
21.51,0.17811979689271476,0.304427681101128
21.52,-0.015371285045138445,0.1717243845032634
21.53,-0.2096880251026518,0.035369718841150734
21.54,-0.40156062846602725,-0.10228479974357657
21.55,-0.58766175285938,-0.2387731418674629
21.56,-0.7647130700035443,-0.371607679885042
21.57,-0.9295960365012367,-0.4983773474978829
21.580000000000002,-1.0794531567527916,-0.6168375329289806
21.59,-1.2117680662870334,-0.7249802310781319
21.6,-1.3244171571573933,-0.8210773570453973
21.61,-1.4156911635264284,-0.9036957954763916
21.62,-1.4842908041262022,-0.9716884064995869
21.63,-1.5293049568776156,-1.024169549264152
21.64,-1.5501819787202253,-1.0604857801546275
21.650000000000002,-1.546704296443123,-1.0801918537864614
21.66,-1.5189735325526361,-1.0830392545093157
21.67,-1.4674090026932465,-1.068980025327565
21.68,-1.392757584572682,-1.0381837975612265
21.69,-1.2961089268200103,-0.9910618718018911
21.7,-1.178907712518393,-0.9282899298901253
21.71,-1.042954714645777,-0.8508209647475251
21.72,-0.8903905920092413,-0.759882210341496
21.73,-0.7236601380925044,-0.6569535998594233
21.740000000000002,-0.5454589990384751,-0.5437295635043624
21.75,-0.3586685967050739,-0.42206967514564764
21.76,-0.16628718111019777,-0.29394582442685324
21.77,0.028634937121539916,-0.16139370007514528
21.78,0.22304984298175504,-0.02647444054777057
21.79,0.41395344218558533,0.10875110462593429
21.8,0.598415097023339,0.24223701233573386
21.81,0.773600143085764,0.3719607419111116
21.82,0.9367919106520409,0.4959322577309853
21.830000000000002,1.085419801905567,0.612210564485028
21.84,1.2170978618078503,0.718932257773336
21.85,1.3296746591456114,0.8143530435545745
21.86,1.4212911134826887,0.8968989751696819
21.87,1.4904392875695245,0.9652205204308963
21.88,1.5360131238270156,1.0182405127841305
21.89,1.5573422703136988,1.0551871897450331
21.900000000000002,1.5542025975105922,1.075605957133355
21.91,1.5268012465879583,1.0793477308730304
21.92,1.4757390917943305,1.0665367172336948
21.93,1.4019581227230138,1.0375250762772072
21.94,1.3066842940676484,0.9928449116929091
21.95,1.1913770393557437,0.9331686349787027
21.96,1.0576946506313327,0.8592867168387396
21.97,0.9074804753126298,0.7721075548139044
21.98,0.7427693202138189,0.672678602085604
21.990000000000002,0.5658078682300687,0.5622223063690597
22.0,0.37907863034088396,0.4421761238119195
22.01,0.18531501942706302,0.31422394320981273
22.02,-0.012503946054990897,0.18030718796268763
22.03,-0.21118717276812574,0.04260750164309881
22.04,-0.4073955728828622,-0.09650152020954733
22.05,-0.5977327772673802,-0.23452985371778776
22.06,-0.7788530504156055,-0.36896461352175136
22.07,-0.9475734160497464,-0.49736889252058913
22.080000000000002,-1.1009761781180976,-0.6174722797936999
22.09,-1.2364900801544132,-0.727241514199598
22.1,-1.3519427696981021,-0.8249241397394587
22.11,-1.4455829722230213,-0.9090637405920575
22.12,-1.516076499736366,-0.9784910180661213
22.13,-1.562484630656306,-1.0322993387349724
22.14,-1.5842355509348425,-1.069815487849596
22.150000000000002,-1.581099053802116,-1.0905758215540209
22.16,-1.5531718090372835,-1.0943150818409066
22.17,-1.5008760474453688,-1.0809706377509662
22.18,-1.4249696287059108,-1.0507000125675043
22.19,-1.3265613956529443,-1.0039054734306998
22.2,-1.2071234470420107,-0.9412571758145972
22.21,-1.0684919871827177,-0.8637063702833223
22.22,-0.9128506468377731,-0.7724824016054791
22.23,-0.7426939735392731,-0.66907101624245
22.240000000000002,-0.5607731390578737,-0.5551758208514094
22.25,-0.3700296720962682,-0.4326684681159102
22.26,-0.17352523829401836,-0.30353533312733566
22.27,0.02562437962631077,-0.1698285510694164
22.28,0.2243048858223406,-0.03362733496198938
22.29,0.4194458907239075,0.10298795814900902
22.3,0.6080513832049338,0.2379505404086598
22.31,0.7872229632467833,0.36921566197751954
22.32,0.9541825256653154,0.4947697632656528
22.330000000000002,1.106301021727485,0.6126471385875473
22.34,1.2411377983481364,0.7209587761424185
22.35,1.3564913600876862,0.817934352983374
22.36,1.4504581741412672,0.9019741134341761
22.37,1.521492478137066,0.9717036806011754
22.38,1.5684579768080311,1.026022763045096
22.39,1.5906624675883083,1.0641388596690542
22.400000000000002,1.587868902119105,1.085579516229855
22.41,1.5602806627460042,1.0901809349899818
22.42,1.508503922154213,1.07805579452932
22.43,1.4334946277752414,1.0495477673095017
22.44,1.336500736188834,1.0051832566296566
22.45,1.2190109948512773,0.9456314952587157
22.46,1.0827195733435344,0.8716821052108221
22.47,0.9295115716258431,0.7842449049442123
22.48,0.7614688305159943,0.6843711225955945
22.490000000000002,0.5808898375379703,0.5732895309335184
22.5,0.3903131964663789,0.4524466972912915
22.51,0.1925321671472098,0.32353859196025153
22.52,-0.009411298751482064,0.18852173394676197
22.53,-0.21226095110376128,0.049595717654661524
22.54,-0.41261139943292097,-0.09084543641134325
22.55,-0.6070000896337187,-0.23028937923508588
22.56,-0.7920165927370386,-0.36619969482241443
22.57,-0.9644161077409374,-0.4961154570996132
22.580000000000002,-1.1212232478223734,-0.6177423864758854
22.59,-1.2598142543243274,-0.7290239839764012
22.6,-1.3779702449907463,-0.8281854698320207
22.61,-1.4738998913515122,-0.9137491146428572
22.62,-1.5462356916146984,-0.9845252817595217
22.63,-1.5940124553161432,-1.039587897933345
22.64,-1.6166387861473017,-1.0782451827794877
22.650000000000002,-1.6138718479452923,-1.1000159106369527
22.66,-1.5858027802519254,-1.1046185112997804
22.67,-1.5328556174538923,-1.0919757662208431
22.68,-1.4557976377830584,-1.0622329039899987
22.69,-1.3557549629750014,-1.0157827791441323
22.7,-1.2342249383385215,-0.9532895199115152
22.71,-1.0930768551621823,-0.8757020567275239
22.72,-0.9345348442485852,-0.7842512005920411
22.73,-0.7611406218519148,-0.6804277757937289
22.740000000000002,-0.5756981738906543,-0.5659436905895806
22.75,-0.38120627263579737,-0.44268160555039615
22.76,-0.18078696342890607,-0.3126410682042715
22.77,0.022381706711878342,-0.177889086259561
22.78,0.2251224068033369,-0.04052113087967603
22.79,0.4243018649575468,0.09736493543510578
22.8,0.6168620754288172,0.2336835606928341
22.81,0.7998441286386672,0.36636988316029945
22.82,0.970411439884966,0.4933888156039653
22.830000000000002,1.125879097851128,0.6127517619573548
22.84,1.2637539089261065,0.722545706114527
22.85,1.3817860181557742,0.8209756808414465
22.86,1.4780287092556275,0.9064173198602856
22.87,1.5508992731423703,0.977472466834991
22.88,1.599231722190894,1.0330186936779415
22.89,1.6223122670293546,1.0722437131729365
22.900000000000002,1.6198909534660233,1.0946581405075442
22.91,1.5921671685269754,1.100084348839745
22.92,1.5397518692691223,1.0886242749373702
22.93,1.4636141203233448,1.0606137164288716
22.94,1.365022657685436,1.0165737373236072
22.95,1.2454938941368938,0.9571704363136078
22.96,1.1067557841462774,0.8831922787721503
22.97,0.950732661812983,0.7955498441953772
22.98,0.7795505141077367,0.6952971610298615
22.990000000000002,0.5955564635858005,0.583668102670983
23.0,0.4013418612112739,0.46211695155599075
23.01,0.19975639918726984,0.33235026604708773
23.02,-0.006098429014036944,0.19633812554218866
23.03,-0.2129045187587928,0.05629652583508756
23.04,-0.4171933546253314,-0.08536165298091297
23.05,-0.6154392417719174,-0.22610334217602823
23.06,-0.8041699754272463,-0.3633702739597403
23.07,-0.9800817289099543,-0.4946792821725461
23.080000000000002,-1.1401440994031427,-0.6177141027668445
23.09,-1.2816833465924211,-0.7303969629632727
23.1,-1.4024363665930801,-0.8309327450769199
23.11,-1.5005737908039787,-0.9178243300261091
23.12,-1.5746964287696699,-0.9898635091152643
23.13,-1.6238137670580375,-1.0461062861639934
23.14,-1.647315423875745,-1.0858435137454823
23.150000000000002,-1.6449459455452613,-1.1085772294464884
23.16,-1.6167903736945208,-1.1140100459652191
23.17,-1.5632734441543068,-1.102050340976015
23.18,-1.4851702926631094,-1.0728309831853884
23.19,-1.383622390875601,-1.0267351700443603
23.2,-1.2601501229927712,-0.9644206387814221
23.21,-1.1166534533104622,-0.8868335532330182
23.22,-0.9553944382411985,-0.7952056673575734
23.23,-0.7789592452931154,-0.6910322595801941
23.240000000000002,-0.590201809064778,-0.5760327715007896
23.25,-0.3921751168905468,-0.4520999086488186
23.26,-0.18805839248217782,-0.32124519379437894
23.27,0.01891141716353542,-0.18554906086083195
23.28,0.22549743401152048,-0.047121562099745364
23.29,0.4285070445748256,0.0919237901677806
23.3,0.6248237441523024,0.229484635518831
23.31,0.811431452128911,0.3634779649669674
23.32,0.9854381752322131,0.4918490500599606
23.330000000000002,1.1441058503254877,0.6125881449303584
23.34,1.284891031582305,0.7237597865213182
23.35,1.4054973444299224,0.8235457337348789
23.36,1.5039362890977355,0.9102982185816341
23.37,1.5785892038651463,0.982596395836484
23.38,1.6282610425556676,1.0392967188199973
23.39,1.6522167447129301,1.0795680930282758
23.400000000000002,1.6501934739411774,1.1029051518480404
23.41,1.6223863560347633,1.1091173380165649
23.42,1.5694105559915223,1.0982966484237964
23.43,1.4922473311165552,1.0707716471646975
23.44,1.39218488213314,1.027058472415987
23.45,1.270765549907531,0.9678202187651015
23.46,1.1297489039362703,0.89384400958365
23.47,0.9710959302437832,0.8060406832872117
23.48,0.796973819376766,0.7054662782973241
23.490000000000002,0.6097751042310706,0.5933587413477944
23.5,0.412140469751961,0.4711788676732215
23.51,0.20697253410970698,0.34064248529803554
23.52,-0.0025711828380804874,0.20373184355798105
23.53,-0.2131141825459696,0.06267789933864021
23.54,-0.42112819006614155,-0.08008909793550821
23.55,-0.6230276199023975,-0.22201691637640733
23.56,-0.8152816175663904,-0.3605270808531402
23.57,-0.9945303240070151,-0.4931159314446706
23.580000000000002,-1.1576911607399762,-0.6174470627795065
23.59,-1.302043053631951,-0.7314233373055861
23.6,-1.4252810715734827,-0.8332312172838583
23.61,-1.525539868789779,-0.9213560438906425
23.62,-1.601390212673398,-0.9945727338430596
23.63,-1.6518174183697896,-1.0519208351083609
23.64,-1.6761927168119652,-1.0926750123066884
23.650000000000002,-1.6742480540882676,-1.1163214295467294
23.66,-1.6460618183984685,-1.122547434950559
23.67,-1.5920583606973138,-1.1112472780655092
23.68,-1.5130191246031313,-1.0825415190188608
23.69,-1.4100989989900268,-1.0368035824351813
23.7,-1.2848391699037316,-0.9746845796809444
23.71,-1.1391677981660437,-0.8971275815235791
23.72,-0.9753821934191043,-0.805364868594854
23.73,-0.7961101271690311,-0.7008956450721985
23.740000000000002,-0.6042524644035319,-0.5854462071368502
23.75,-0.40291321516197437,-0.4609184343275039
23.76,-0.19532541774826265,-0.32933472989815277
23.77,0.015218596174235672,-0.1927876255804413
23.78,0.22542602365862813,-0.05340021119689675
23.79,0.43204856744044456,0.08670006281699363
23.8,0.6319148246443502,0.22539583879397448
23.81,0.8219549833523784,0.36058779224713705
23.82,0.9992248184618185,0.490203330491638
23.830000000000002,1.1609359422095546,0.6122132210221991
23.84,1.304497073300286,0.7246610690292736
23.85,1.4275672935295574,0.8257067201865373
23.86,1.5281178537879492,0.9136802279793202
23.87,1.6044952530943657,0.9871391756666011
23.88,1.6554761116333894,1.044919943530341
23.89,1.6803044658990092,1.086173627766784
23.900000000000002,1.6787046292296628,1.1103798358171018
23.91,1.6508671662059657,1.1173359764210515
23.92,1.5974108051716418,1.1071249056129435
23.93,1.519327982497204,1.0800686043408878
23.94,1.4179249540131817,1.0366787329558593
23.95,1.2947681640939441,0.9776155827243299
23.96,1.1516465563315654,0.9036648618667751
23.97,0.9905551334728021,0.8157373169421324
23.98,0.8136993067363114,0.7148903867582055
23.990000000000002,0.6235137557028185,0.602365258765223
24.0,0.4226850341452094,0.47962822912039493
24.01,0.2141651011559799,0.3484032462120612
24.02,0.0011638726679352473,0.21068347417447952
24.03,-0.21288737323143553,0.06871348683106729
24.04,-0.4244041547955213,-0.0750605277630229
24.05,-0.6297444542008847,-0.21806869859207373
24.060000000000002,-0.8253221050827678,-0.357713968205369
24.07,-1.007724405894373,-0.4914739081402172
24.080000000000002,-1.1738196080421799,-0.6169937801756862
24.09,-1.3208420749533578,-0.7321589367388515
24.1,-1.4464475218193478,-0.8351392652227351
24.11,-1.5487367283288944,-0.9244043341568758
24.12,-1.6262520774386124,-0.9987138033310506
24.13,-1.6779558610629668,-1.0570921702108436
24.14,-1.7032015164197234,-1.0987990601350706
24.150000000000002,-1.7017084099664348,-1.1233056362493425
24.16,-1.6735477353558985,-1.1302845850737864
24.17,-1.6191423941342575,-1.1196163898912577
24.18,-1.539278608065029,-1.0914094645087478
24.19,-1.435122756189071,-1.0460274668646803
24.2,-1.3082345686791435,-0.9841147671427398
24.21,-1.1605678708316074,-0.9066111241256543
24.22,-0.9944524599135257,-0.814749020435482
24.23,-0.8125547371866647,-0.7100311354914455
24.240000000000002,-0.6178193287093707,-0.5941900127369194
24.25,-0.4133979130593501,-0.46913590970033253
24.26,-0.2025738204315481,-0.3369011031920877
24.27,0.01130889329943558,-0.19958900099190274
24.28,0.224905248067266,-0.059334312795574086
24.29,0.43491502730474213,0.0817231453566937
24.3,0.6381156244626416,0.22145268805902876
24.310000000000002,0.8313870263544054,0.35774037645992834
24.32,1.0117360495786694,0.4884974240530062
24.330000000000002,1.1763269193090353,0.611676701561099
24.34,1.3225230612421468,0.7253023607896482
24.35,1.4479411258922936,0.8275136907804523
24.36,1.550513785388765,0.9166198088025627
24.37,1.6285539350559877,0.9911578731137015
24.38,1.6808106795396038,1.0499452624087033
24.39,1.7065075728271073,1.0921162743307204
24.400000000000002,1.7053561161193127,1.1171364420500214
24.41,1.67754197464605,1.1247920191206846
24.42,1.6236867223650964,1.1151574989248547
24.43,1.5447928677159533,1.0885489201952148
24.44,1.442183215102548,1.045473930752783
24.45,1.3174464021982848,0.9865902756298237
24.46,1.1723984407711376,0.9126822759165488
24.47,1.0090656724181553,0.8246603791200483
24.48,0.829688719349004,0.7235829900974822
24.490000000000002,0.6367411203271537,0.6106938942637065
24.5,0.4329517955811283,0.4874640614272265
24.51,0.22131839392423824,0.3556245718596628
24.52,0.005099491126129681,0.2171783731374868
24.53,-0.21222261839722578,0.07438239335036241
24.54,-0.4270109848455725,-0.0703026287565504
24.55,-0.6355708258169565,-0.2142906917994166
24.560000000000002,-0.8342642146668361,-0.354967777309478
24.57,-1.0196289949012622,-0.4897944046965317
24.580000000000002,-1.188487417455463,-0.6163992842324686
24.59,-1.3380321741154528,-0.732652060983843
24.6,-1.4658821720509907,-0.8367078171651654
24.61,-1.5701064498141515,-0.9270220261617673
24.62,-1.6492206654529846,-1.0023406195929658
24.63,-1.702165224304165,-1.061674378236949
24.64,-1.7282763532924448,-1.1042689972457453
24.650000000000002,-1.7272608613638767,-1.1295815127936146
24.66,-1.6991822230100517,-1.1372705968694616
24.67,-1.6444608531397011,-1.12720340894284
24.68,-1.5638862496256214,-1.0994764837034747
24.69,-1.458634368956299,-1.054443832798079
24.7,-1.3302812152497994,-0.9927430792147511
24.71,-1.1808036974004457,-0.9153105451031267
24.72,-1.0125612463536178,-0.82337866588064
24.73,-0.8282557951840227,-0.7184532055185425
24.740000000000002,-0.6308724131620149,-0.602272400195736
24.75,-0.42360693420626494,-0.4767541465835875
24.76,-0.2097893029055547,-0.3439396603765327
24.77,0.007188500060409694,-0.20594209769554336
24.78,0.22393318253022262,-0.06490648676666362
24.79,0.4370964695756473,0.07701643091143061
24.8,0.6434083282242142,0.21768417518618216
24.810000000000002,0.8397021538776912,0.3549697679953601
24.82,1.0229391664113439,0.48676979791803693
24.830000000000002,1.1902392457658757,0.6110207614847705
24.84,1.338923189694259,0.7257288054739994
24.85,1.466567465733676,0.8290140217114078
24.86,1.5710679756839723,0.9191658583276942
24.87,1.650705370994922,0.9947022272445412
24.88,1.704202153536492,1.0544226020385097
24.89,1.7307618678137329,1.097445499801041
24.900000000000002,1.7300832453195853,1.1232233167733294
24.91,1.7023466722048743,1.1315319984814691
24.92,1.648175773127312,1.122438416477523
24.93,1.5685819248931767,1.0962532813929757
24.94,1.4649028758626768,1.0534806946142374
24.95,1.3387474632979355,0.994776153989475
24.96,1.191956402245137,0.9209227110791495
24.97,1.026584662348283,0.8328304417012323
24.98,0.8449050529274275,0.7315584503293594
24.990000000000002,0.6494266745489159,0.6183526604378787
25.0,0.44291728796870194,0.4946880646739366
25.01,0.2284165261387752,0.36230203709314474
25.02,0.009227791270901984,0.22320628784863705
25.03,-0.21111951260512973,0.0796689021649844
25.04,-0.4289398901446732,-0.06583619333101462
25.05,-0.6404896713807899,-0.21070837815759055
25.060000000000002,-0.8420829352922944,-0.35231830657108465
25.07,-1.0302116554809064,-0.4881111663650139
25.080000000000002,-1.201655414078595,-0.6157008789964454
25.09,-1.3535682369607736,-0.7329431363511049
25.1,-1.483534834317918,-0.8379799087035859
25.11,-1.58959465944646,-0.9292541576530639
25.12,-1.6702382983196264,-1.005499519696957
25.13,-1.724385387524178,-1.06571431354545
25.14,-1.7513555121747435,-1.1091313662790503
25.150000000000002,-1.7508429458358168,-1.1351944560004654
25.16,-1.7229029377018075,-1.1435489255507354
25.17,-1.6679524111216493,-1.134049128007293
25.18,-1.5867826728086538,-1.1067800846629652
25.19,-1.4805773662504884,-1.0620863872506225
25.2,-1.350926494501782,-1.000599003949563
25.21,-1.1998274268600306,-0.9232507760432224
25.22,-1.0296662907068541,-0.8312739015308666
25.23,-0.8431773330927382,-0.7261768797500728
25.240000000000002,-0.6433826033333393,-0.6097031189767377
25.25,-0.43351842202451507,-0.4837774551814804
25.26,-0.2169575206201176,-0.3504491642178604
25.27,0.0028641272142427908,-0.21184010313615154
25.28,0.2225088910667008,-0.0701044226194107
25.29,0.4385843851885479,0.07259752698746139
25.3,0.6477769997151107,0.21411287463749248
25.310000000000002,0.8468772183290917,0.3523030590731581
25.32,1.0328041053607464,0.48505151843464034
25.330000000000002,1.2026363354871554,0.6102798380084832
25.34,1.3536548626724125,0.7259775859372922
25.35,1.4833983545873937,0.830247026767125
25.36,1.5897278895004974,0.9213592375828176
25.37,1.6708933602329261,0.9978140983370936
25.38,1.7255916741372672,1.058394298779182
25.39,1.7530068914854953,1.102203596160564
25.400000000000002,1.752825019167756,1.1286821639395812
25.41,1.7252207402196953,1.1375964426063532
25.42,1.6708188548682927,1.1290063703618722
25.43,1.5906383056332187,1.1032179010813126
25.44,1.4860300818380374,1.0607320410857048
25.45,1.3586211457009618,1.0022023680127454
25.46,1.2102744975843382,0.9284108590122047
25.47,1.0430710005286266,0.8402672698883827
25.48,0.8593126243784467,0.7388312970415981
25.490000000000002,0.6615407369391537,0.6253507157804157
25.5,0.4525584024932086,0.5013040569183129
25.51,0.23544348914220306,0.36843428823047775
25.52,0.013540303537629392,0.22876095733273671
25.53,-0.2095786851142839,0.08456215814161866
25.54,-0.4301835389165229,-0.06167635057538715
25.55,-0.64448578503041,-0.2073408609523945
25.560000000000002,-0.8487554872681932,-0.34978836244155015
25.57,-1.0394425303076407,-0.4864504490930378
25.580000000000002,-1.2132873181741004,-0.6149280068855832
25.59,-1.3674083266364947,-0.7330644851875904
25.6,-1.4993587387529517,-0.8389903600404425
25.61,-1.6071505933551757,-0.9311375681388311
25.62,-1.689251042959465,-1.008228783721212
25.63,-1.744560048100481,-1.0692510333416814
25.64,-1.7723811015656195,-1.113425285462091
25.650000000000002,-1.772395962496897,-1.1401829184877876
25.66,-1.7446511689626414,-1.1491566645312026
25.67,-1.6895591845771913,-1.1401886570126878
25.68,-1.6079116986686872,-1.113352861234629
25.69,-1.5008981806553356,-1.0689847725475246
25.7,-1.3701203597096723,-1.0077088836982344
25.71,-1.2175934062624871,-0.9304545771170095
25.72,-1.0457271288079757,-0.8384536655549808
25.73,-0.8572847549921008,-0.733217057779323
25.740000000000002,-0.6553217097236052,-0.6164928285659163
25.75,-0.4431109805393174,-0.4902120740325081
25.76,-0.22406411362576442,-0.35643129058336714
25.77,-0.0016570182847305654,-0.21728005431202702
25.78,0.22063241110717746,-0.07492053496587885
25.79,0.43937170261794845,0.06847851206440837
25.8,0.6512075813887697,0.21075510901352026
25.810000000000002,0.8528913594796899,0.3497604572007914
25.82,1.041303458360521,0.4833662332405062
25.830000000000002,1.2134845794194415,0.6094805235348775
25.84,1.366678732142404,0.7260777309981427
25.85,1.49838930033278,0.8312436816198834
25.86,1.6064446234294447,0.9232324171526769
25.87,1.6890654465290478,1.0005270395845491
25.88,1.7449241863737028,1.0618946013744122
25.89,1.7731859959882768,1.1064251198139516
25.900000000000002,1.7735242041098565,1.1335474290731775
25.91,1.7461073203665614,1.143019212635498
25.92,1.6915603632595109,1.1348940983252027
25.93,1.6109084383169914,1.1094737974860287
25.94,1.505513975088179,1.0672566436012774
25.95,1.377019908249225,1.008894635351877
25.96,1.2273090582427486,0.9351689356289111
25.97,1.0584854313736396,0.8469891447683622
25.98,0.8728771390403862,0.7454155912048205
25.990000000000002,0.6730545358528811,0.6316977782897253
26.0,0.4618524527566924,0.5073174441176066
26.01,0.24238321071274224,0.3740225741116391
26.02,0.018028018500898767,0.2338397080909647
26.03,-0.20760176542836273,0.089055831493033
26.04,-0.43073603973885566,-0.057832831584790044
26.05,-0.6475458180040505,-0.20420105578498032
26.060000000000002,-0.8542613387512622,-0.34739387306169595
26.07,-1.0472943716471361,-0.4848310523555908
26.080000000000002,-1.2233497883461655,-0.6141021980999258
26.09,-1.3795137351552142,-0.7330401905386161
26.1,-1.5133105903551318,-0.8397655564114919
26.11,-1.6227271572188742,-0.9327005978003519
26.12,-1.7062087727379835,-1.0105582571934617
26.13,-1.7626367837160037,-1.0723153507890275
26.14,-1.7912991178262596,-1.1171819411883277
26.150000000000002,-1.7918650387422252,-1.1445778505556223
26.16,-1.7643719095522248,-1.1541239468685924
26.17,-1.7092268065640668,-1.1456507941853522
26.18,-1.6272204219524453,-1.1192218436565806
26.19,-1.5195462256143957,-1.0751639056137587
26.2,-1.3878154085544276,-1.0140952519573905
26.21,-1.234058252953846,-0.9369418802529397
26.22,-1.0607051603922286,-0.8449350961253785
26.23,-0.8705448951140279,-0.7395878971685992
26.240000000000002,-0.6666625167259065,-0.6226525155801894
26.25,-0.4523637141501738,-0.49606563093989553
26.26,-0.23109473768108513,-0.3618901425440974
26.27,-0.006367256604744804,-0.22226241353061826
26.28,0.21830473714087964,-0.07935160801910647
26.29,0.4394527780783542,0.06466621705135103
26.3,0.6536878913160858,0.20762115312445636
26.310000000000002,0.8577260089601879,0.3473554104082237
26.32,1.0484124861010655,0.48173021779236297
26.330000000000002,1.222753368687543,0.6086415347444059
26.34,1.3779587318294109,0.7260500090176036
26.35,1.5114993216214492,0.8320264441133953
26.36,1.6211729598076792,0.9248092265239966
26.37,1.7051729795714867,1.0028659780680866
26.38,1.762148506051223,1.0649492866608632
26.39,1.7912464130232688,1.110136446144138
26.400000000000002,1.7921273978491368,1.1378457982707837
26.41,1.764953279073197,1.1478269536255499
26.42,1.7103482531995424,1.1401277759058512
26.43,1.6293420861113719,1.115046178411069
26.44,1.5233067507017328,1.0730782016674303
26.45,1.3938989272822,1.0148746077461948
26.46,1.2430187495147091,0.9412160575815486
26.47,1.0727906089496435,0.8530122608286275
26.48,0.8855657562530181,0.7513243531580474
26.490000000000002,0.6839402763854252,0.6374035913548636
26.5,0.4707772400933517,0.5127347294381901
26.51,0.24921961478689958,0.37907030286292437
26.52,0.022681436779537604,0.23844306145678004
26.53,-0.20519134697279043,0.0931477786029944
26.54,-0.43059292144733247,-0.05431025203685278
26.55,-0.6496582758502334,-0.20129591291101787
26.560000000000002,-0.8585822196446337,-0.3451440462801247
26.57,-1.053742569830316,-0.4832644086903806
26.580000000000002,-1.2318124614555421,-0.6132370880235208
26.59,-1.389849031250407,-0.7328860389477948
26.6,-1.525350621577655,-0.8403233155973241
26.61,-1.6362809812034336,-0.9339628811895856
26.62,-1.7210652234877166,-1.0125090747018122
26.63,-1.7785671093090476,-1.0749294942869108
26.64,-1.8080595037304297,-1.120424190264667
26.650000000000002,-1.8091991914371681,-1.148402253638493
26.66,-1.7820139201624778,-1.158473458472479
26.67,-1.7269044951629593,-1.1504575073846253
26.68,-1.6446592826738256,-1.1244079559602678
26.69,-1.536473968544231,-1.0806434189261847
26.7,-1.4039669555039922,-1.0197762651052993
26.71,-1.2491809236450142,-0.9427292189521292
26.72,-1.0745637124494827,-0.8507329669857663
26.73,-0.8829260736567182,-0.7453022630034065
26.740000000000002,-0.6773788299201294,-0.6281929660781478
26.75,-0.4612562663073502,-0.5013466470854702
26.76,-0.23803509490776337,-0.36683179515428754
26.77,-0.011258458608689544,-0.2267906619749559
26.78,0.2155278033636772,-0.0833984447881787
26.79,0.43882338397038484,0.06116251528923682
26.8,0.6552076176585084,0.2047154598388341
26.810000000000002,0.8613648916335502,0.3450947673005681
26.82,1.0541091275825951,0.48015246934512124
26.830000000000002,1.230415113626703,0.6077737411049828
26.84,1.3874621065897308,0.7259068919413466
26.85,1.5226909876235033,0.8326091548811804
26.86,1.6338714158279763,0.9261046922395201
26.87,1.7191711714382432,1.0048469914680254
26.88,1.7772173808242153,1.067575376307026
26.89,1.8071393165644332,1.1133554287307124
26.900000000000002,1.80858509106882,1.1415958038701084
26.91,1.7817092664533243,1.1520386525420707
26.92,1.7271340943561815,1.144726534644928
26.93,1.645892399753532,1.1199539293649814
26.94,1.539363708452066,1.0782149098596259
26.95,1.409216149283578,1.0201593323207747
26.96,1.2573646261303655,0.9465677069088139
26.97,1.085951156668323,0.8583502038269709
26.98,0.8973471529909434,0.7565690618565445
26.990000000000002,0.6941712062642431,0.6424774506089073
27.0,0.4793111186327672,0.5175630721729759
27.01,0.2559366816462006,0.38358263603370846
27.02,0.027490620005749273,0.24257436545034952
27.03,-0.20235094921793945,0.09683971410834065
27.04,-0.4297511110783838,-0.05110839684463842
27.05,-0.6508135133149131,-0.19862665482336347
27.060000000000002,-0.8617021328159985,-0.343041555686921
27.07,-1.0587651786592467,-0.4817547134431109
27.080000000000002,-1.2386479890438695,-0.6123384863108037
27.09,-1.3983821042809934,-0.7326095255854844
27.1,-1.535442640495654,-0.8406728274753389
27.11,-1.6477724700388838,-0.9349352216576496
27.12,-1.7337780442995254,-1.0140934717964123
27.13,-1.7923065285314648,-1.077106861350904
27.14,-1.8226162014036023,-1.1231662616976072
27.150000000000002,-1.8243513825248032,-1.151670836725384
27.16,-1.7975297887045922,-1.1622200560917688
27.17,-1.7425451168133748,-1.1546235203511794
27.18,-1.6601821329330317,-1.1289255767075765
27.19,-1.5516369996268464,-1.0854372015608549
27.2,-1.41853310033874,-1.024765229415743
27.21,-1.2629227801143177,-0.9478292471264096
27.22,-1.0872680997148663,-0.8558592045056393
27.23,-0.8943981502650914,-0.7503712502830157
27.240000000000002,-0.6874455216020303,-0.6331243010994092
27.25,-0.46976885703716736,-0.5060640939443117
27.26,-0.2448709639599441,-0.371263881908564
27.27,-0.01632206965007345,-0.23087092323853747
27.28,0.21230446536642836,-0.0870655340624299
27.29,0.4374806956334963,0.05796460728489212
27.3,0.6557583107465261,0.20203689336557729
27.310000000000002,0.863794023930403,0.3429789572323125
27.32,1.05837400607095,0.4786348334989312
27.330000000000002,1.2364452587481942,0.6068802379097047
27.34,1.395159437335139,0.7256525750962975
27.35,1.5319304530193147,0.8329970039835531
27.36,1.644502287655536,0.9271249511799387
27.37,1.7310191478688122,1.0064771677177227
27.38,1.7900875459278287,1.0697809429259932
27.39,1.8208198801207112,1.1160911529496504
27.400000000000002,1.822851723634973,1.1448075280731598
27.41,1.7963297697398466,1.1556652963625007
27.42,1.7418731213211216,1.148702081162073
27.43,1.6605159651805408,1.1242092019139165
27.44,1.5536432996644796,1.0826790250085687
27.45,1.4229323392384061,1.0247608076348895
27.46,1.2703101841809952,0.9512352855803394
27.47,1.0979337240152274,0.8630135123102713
27.48,0.9081915852894643,0.7611592301733587
27.490000000000002,0.703721680302565,0.6469277979902114
27.5,0.48743305967377365,0.5218099039112465
27.51,0.2625185081127766,0.38756612910568106
27.52,0.03244524244051703,0.24623946142051123
27.53,-0.19908497857748206,0.10013690570851783
27.54,-0.4282089100555288,-0.04822249438923366
27.55,-0.6510037269695984,-0.1961890157577684
27.560000000000002,-0.8636073625671581,-0.34108274076900685
27.57,-1.0623429375799815,-0.4802990805324689
27.580000000000002,-1.243832070035616,-0.6114044834551017
27.59,-1.4050842039389886,-0.7322099077621578
27.6,-1.5435540743297982,-0.8408146521801118
27.61,-1.6571658480607174,-0.9356195337966051
27.62,-1.7443088429651585,-1.0153146733483487
27.63,-1.8038145796500957,-1.0788518562752873
27.64,-1.8349271996127607,-1.1254135483087575
27.650000000000002,-1.8372785690100348,-1.154389767244406
27.66,-1.8108759841163249,-1.1653704828805402
27.67,-1.7561052444073468,-1.1581559980527691
27.68,-1.6737462988242862,-1.1327821987457194
27.69,-1.564994096083518,-1.0895530376033802
27.7,-1.431474792604361,-1.029070222286797
27.71,-1.275247651331029,-0.9522503476107169
27.72,-1.0987856821114408,-0.8603224885925104
27.73,-0.9049325750367463,-0.7548037831915314
27.740000000000002,-0.6968385744488654,-0.6374555810543
27.75,-0.477882319258423,-0.5102270100660415
27.76,-0.2515882296732335,-0.3751952312181264
27.77,-0.021549133562190414,-0.23451162626643846
27.78,0.2086384809088976,-0.09036074553485214
27.79,0.43542327647292894,0.055065289082940186
27.8,0.655333372851744,0.19957895828582284
27.810000000000002,0.8650017092439781,0.34100217846966613
27.82,1.0611904315392118,0.47717215086966047
27.830000000000002,1.24082229368364,0.6059564512319034
27.84,1.40102466150056,0.7252830401259382
27.85,1.5391874881742027,0.8331865511281481
27.86,1.653031689431797,0.927867226933542
27.87,1.7406799941972997,1.0077545361760647
27.88,1.8007197744108836,1.0715649949787456
27.89,1.832247328408219,1.1183437744185922
27.900000000000002,1.8348857352058847,1.147482396217992
27.91,1.8087731612003715,1.1587096233432606
27.92,1.7545242784188617,1.1520584115875305
27.93,1.6731728460863833,1.127817098215264
27.94,1.566107169378763,1.0864765289841731
27.95,1.4350111247433082,1.02868563329515
27.96,1.2818214093291085,0.9552257601121661
27.97,1.1087070401587134,0.867009324266926
27.98,0.9180709471905979,0.7651020590143871
27.990000000000002,0.7125672230405838,0.6507618870203614
28.0,0.4951227149235915,0.5254826072022193
28.01,0.26894936729088054,0.3910284248268382
28.02,0.037534642811724826,0.24944639309379177
28.03,-0.19539868841562727,0.10304790041389762
28.04,-0.42596596882757076,-0.04564347064566923
28.05,-0.6502229456499405,-0.19397347262390927
28.060000000000002,-0.8642864802946343,-0.339257810076229
28.07,-1.0644592904558663,-0.47888771273370534
28.080000000000002,-1.2473434794968679,-0.6104255831822438
28.09,-1.4099299755212715,-0.731678295240015
28.1,-1.5496560081122712,-0.8407407655539003
28.11,-1.6644291990493396,-0.9360088430220638
28.12,-1.7526232259640675,-1.0161668480789112
28.13,-1.813054875831501,-1.080159801992749
28.14,-1.8449545753721768,-1.1271624794005461
28.150000000000002,-1.8479417472884507,-1.1565565085265814
28.16,-1.8220129046255276,-1.167923174636389
28.17,-1.7675452100425577,-1.1610543253033632
28.18,-1.6853126372780716,-1.1359781833273075
28.19,-1.5765072817370012,-1.0929923385367977
28.2,-1.4427558917837588,-1.0326938056392583
28.21,-1.2861218917907624,-0.9559963296921978
28.22,-1.1090859189648403,-0.8641279382047898
28.23,-0.9145024369120403,-0.7586062933661127
28.240000000000002,-0.7055351232308978,-0.6411944823899218
28.25,-0.48557813383533593,-0.5138441823568238
28.26,-0.2581729121608664,-0.37863555862950304
28.27,-0.02693031680830953,-0.23772321438567462
28.28,0.20453448982661923,-0.09329506058417737
28.29,0.4326510615335443,0.05245319603724425
28.3,0.6539280457454929,0.1973300154852229
28.310000000000002,0.8649785304870302,0.3391525849850345
28.32,1.0625443996842499,0.475752414127031
28.330000000000002,1.243527760166204,0.6049902647595422
28.34,1.405035089064348,0.7247861508857113
28.35,1.5444355044413807,0.8331657893158423
28.36,1.6594295870577631,0.9283198592881007
28.37,1.7481207958026959,1.008668060741454
28.38,1.8090789217216374,1.0729174314698537
28.39,1.841384983316198,1.120104434041903
28.400000000000002,1.8446496101724623,1.1496130523448245
28.41,1.81900174052799,1.1611659610910412
28.42,1.7650502592240935,1.1547916160458573
28.43,1.6838266214934245,1.130775447508144
28.44,1.576720193893679,1.0896068839251174
28.45,1.44541903591126,1.031934751040157
28.46,1.291866821263582,0.9585413951946771
28.47,1.118241964288955,0.8703411088723946
28.48,0.9269588269381459,0.7684021712202547
28.490000000000002,0.7206845891948315,0.6539855212916071
28.5,0.5023604781543208,0.5285882597301487
28.51,0.27521376738850634,0.39397800341106504
28.52,0.04274787594687194,0.25220516306943613
28.53,-0.1912981385024873,0.10558428821588507
28.54,-0.42302326017336184,-0.043358176367215874
28.55,-0.6484670187797668,-0.19196545979696522
28.560000000000002,-0.8637303472848632,-0.3375510392544326
28.57,-1.0651004007851304,-0.477504077926063
28.580000000000002,-1.2491640932288974,-0.6093848518714626
28.59,-1.4128974905304108,-0.7309977684631316
28.6,-1.5537232182818879,-0.8404346430729565
28.61,-1.669534500707581,-0.9360873336734294
28.62,-1.7586908328942061,-1.0166351209358748
28.63,-1.819995139760104,-1.0810169182024472
28.64,-1.8526645298451827,-1.1284004670263912
28.650000000000002,-1.8563059917925797,-1.1581597369750238
28.66,-1.8309049204219132,-1.1698681505093536
28.67,-1.7768291523333157,-1.163309973220566
28.68,-1.6948455876923607,-1.1385066040196754
28.69,-1.5861418816787483,-1.0957499659769565
28.7,-1.452343222976213,-1.0356328288618843
28.71,-1.2955144358606876,-0.9590662140787314
28.72,-1.1181404198116525,-0.8672768809375916
28.73,-0.9230825093149102,-0.7617824776608975
28.740000000000002,-0.7135134944756836,-0.6443470480038243
28.75,-0.4928384633128147,-0.5169238942425542
28.76,-0.26461119532205923,-0.38159521800355134
28.77,-0.03245593275978835,-0.2405179044094869
28.78,0.19999799312015565,-0.09588234340297976
28.79,0.42916533959338216,0.05011301664928053
28.8,0.6515393961409026,0.1952734790632104
28.810000000000002,0.8637173399145844,0.3374124654288253
28.82,1.0624245876140144,0.4743569284866395
28.830000000000002,1.2445462551070692,0.6039621612319536
28.84,1.4071714141253726,0.7241417747716411
28.85,1.5476515745413304,0.8329142442744545
28.86,1.6636698266552328,0.9284623792580732
28.87,1.7533126729425106,1.0091976875253155
28.88,1.8151339645065394,1.0738190594034687
28.89,1.8482003040484218,1.1213552431008942
28.900000000000002,1.8521099168730752,1.1511833110744158
28.91,1.8269817717103822,1.163020146089311
28.92,1.7734175408477142,1.1568897685073039
28.93,1.6924444184347942,1.1330746705512587
28.94,1.5854505137866337,1.0920628765798226
28.95,1.4541255411205907,1.034503274629166
28.96,1.300417514367913,0.961179574339921
28.97,1.1265115325399429,0.8730084820303574
28.98,0.9348305601549785,0.7710614246837237
28.990000000000002,0.7280518215459723,0.6566028663544861
29.0,0.5091275448375739,0.5311334449852279
29.01,0.2812965091604872,0.3964239913945784
29.02,0.048073763778666206,0.2545275393504138
29.03,-0.1867901542521099,0.10776050652600212
29.04,-0.4193830513842825,-0.041349583291017455
29.05,-0.6457336026555928,-0.1901455631371203
29.060000000000002,-0.8619321145909701,-0.335940958824347
29.07,-1.0642551632076112,-0.47612508580356866
29.080000000000002,-1.2492789079858648,-0.6082580792296005
29.09,-1.4139682723788354,-0.7301435187524112
29.1,-1.5557342010114992,-0.8398713761975092
29.11,-1.6724576536278128,-0.9358304395451008
29.12,-1.7624853652563237,-1.0166956372600098
29.13,-1.8246072325473348,-1.081400359808743
29.14,-1.8580274185237617,-1.1291059200794755
29.150000000000002,-1.8623404879432974,-1.1591793334146012
29.16,-1.8375204106909964,-1.171186983010628
29.17,-1.7839250581966426,-1.1649064488031415
29.18,-1.7023132182177603,-1.1403531762342183
29.19,-1.5938665718628096,-1.0978141412014975
29.2,-1.460206627892952,-1.0378783184207478
29.21,-1.3033968479402542,-0.9614541031157776
29.22,-1.1259229916340716,-0.8697667051782569
29.23,-0.930649292912553,-0.7643331345586017
29.240000000000002,-0.7207532439990655,-0.6469175111757152
29.25,-0.4996461842813488,-0.5194737410588006
29.26,-0.2708894547302027,-0.38408501254047883
29.27,-0.038115966068121426,-0.2429094972243213
29.28,0.19503533127710299,-0.09813915439740016
29.29,0.42496873385375195,0.04802567402509395
29.3,0.6481662991171323,0.19338799124434328
29.310000000000002,0.8612132463243025,0.33575841078520435
29.32,1.0608223463032154,0.47296047167614524
29.330000000000002,1.2438654298369904,0.6028453740730647
29.34,1.4074177220577393,0.7233219247451955
29.35,1.548816447980563,0.8324031047298099
29.36,1.665730157615204,0.9282656246083552
29.37,1.7562308098450232,1.0093144420855584
29.38,1.8188580334933067,1.074241669152756
29.39,1.8526649213409032,1.1220693337743293
29.400000000000002,1.8572373410246488,1.1521681814651472
29.41,1.8326835143851,1.1642495206486443
29.42,1.7795964130544555,1.1583328982676222
29.43,1.6989969398448426,1.1346977285443611
29.44,1.5922695625073766,1.0938305485559472
29.45,1.4611030786642527,1.036380405601363
29.46,1.3074471945677977,0.9631327049085043
29.47,1.1334910013538966,0.8750071034100299
29.48,0.9416632797435962,0.7730788027866571
29.490000000000002,0.7346483059013752,0.6586163335832329
29.5,0.5154059693251976,0.5331241285410492
29.51,0.2871827415223062,0.3983760288317255
29.52,0.05350094530805501,0.25642691217224955
29.53,-0.18188228607421186,0.10959368620368969
29.54,-0.41504887553756864,-0.03959694803756534
29.55,-0.6420221447699686,-0.18848969146661862
29.560000000000002,-0.858887219943487,-0.3344005295637685
29.57,-1.06191521115795,-0.47472126259869574
29.580000000000002,-1.2476760571161751,-0.6070139475076353
29.59,-1.413127316985141,-0.7290830075211452
29.6,-1.555671195077396,-0.8390178179764259
29.61,-1.6731785046120085,-0.9352049734689976
29.62,-1.7639846095093683,-1.0163156751610354
29.63,-1.8268671768990348,-1.081278311910347
29.64,-1.8610177756804958,-1.1292483223112018
29.650000000000002,-1.8660185593934806,-1.1595864446807411
29.66,-1.8418317949758813,-1.1718528434141298
29.67,-1.7888047990299785,-1.1658193238512216
29.68,-1.7076872665688407,-1.1414962688182502
29.69,-1.5996534234616404,-1.099166438216001
29.7,-1.4663190109749626,-1.0394154512139306
29.71,-1.309743368251179,-0.9631491336809506
29.72,-1.1324096823555492,-0.8715907925889181
29.73,-0.9371810553708781,-0.7662560772834752
29.740000000000002,-0.7272351922189652,-0.6489081913264918
29.75,-0.5059849183217878,-0.5215005112031972
29.76,-0.2769942848672606,-0.3861160644105787
29.77,-0.04390009709761229,-0.24491323886318514
29.78,0.18965366187772767,-0.10008460515763036
29.79,0.42006518130121173,0.046168475294161564
29.8,0.6438094196253977,0.19164757521458523
29.810000000000002,0.8574635997420904,0.33416147016788805
29.82,1.057731689919094,0.4715314523497703
29.830000000000002,1.2414759855784654,0.6016060477352525
29.84,1.4057614922620252,0.7222909201677075
29.85,1.5479145614725487,0.8315953813132376
29.86,1.6655922501460503,0.9276918934630773
29.87,1.7568544779480229,1.008980573698418
29.88,1.8202284403441027,1.0741481651854323
29.89,1.854754665661131,1.1222109725402352
29.900000000000002,1.8600067133281972,1.1525339603158824
29.91,1.8360812496935044,1.1648230047341008
29.92,1.783561002280133,1.1590930404593798
29.93,1.7034584877600898,1.135620153837879
29.94,1.5971520906425163,1.0948892096562577
29.95,1.4663270843500473,1.037549431950611
29.96,1.3129322123336404,0.9643882044633694
29.97,1.1391578871551942,0.8763286518972708
29.98,0.9474359622635957,0.7744503791384258
29.990000000000002,0.7404548227859981,0.6600265331611779
30.0,0.5211787191634463,0.5345655973310771
30.01,0.2928580149026543,0.3998441925398177
30.02,0.059017925126458946,0.2579181991895388
30.03,-0.17658276915694857,0.11110353758327318
30.04,-0.41002550206243166,-0.03807594496891424
30.05,-0.6373338662499172,-0.18696922648455938
30.060000000000002,-0.8545933816542683,-0.33289730622553765
30.07,-1.0580749205311808,-0.4732569243245517
30.080000000000002,-1.2443468214407112,-0.6056142095360958
30.09,-1.4103631080612125,-0.7277761445306874
30.1,-1.5535201990993028,-0.8378327576290076
30.11,-1.6716808642155234,-0.934169295312888
30.12,-1.7631704543265754,-1.0154538050704138
30.13,-1.8267551745135158,-1.080610139895298
30.14,-1.861614333091178,-1.1287883724372554
30.150000000000002,-1.8673176895654042,-1.159343613240851
30.16,-1.8438155588385945,-1.1718306200616397
30.17,-1.7914441612129741,-1.1660163405511366
30.18,-1.710943175242739,-1.1419069949250942
30.19,-1.6034779418258844,-1.0997818575291232
30.2,-1.470656380462184,-1.0402236088438355
30.21,-1.3145309540824979,-0.9641355099376422
30.22,-1.1375788204492656,-0.8727385280840144
30.23,-0.9426578679867461,-0.7675461207327275
30.240000000000002,-0.7329414571719705,-0.6503194586335126
30.25,-0.5118390614803772,-0.5230101299787141
30.26,-0.282912525672091,-0.38769973983063366
30.27,-0.049797726383627026,-0.2465457288742187
30.28,0.18386093653600152,-0.10174025186017031
30.29,0.4144599108188907,0.04451523196672118
30.3,0.638471192175868,0.19002176858186487
30.310000000000002,0.8524679737034847,0.33258729707888357
30.32,1.0531492821165613,0.4700320688274276
30.330000000000002,1.237371665222603,0.6002034081594835
30.34,1.4021935965384462,0.7210055673946237
30.35,1.5449340443364228,0.8304460946535434
30.36,1.663241707256181,0.926695136214144
30.37,1.7551670531802515,1.0081497466120268
30.38,1.8192266983670098,1.0734927518655173
30.39,1.8544495893059956,1.1217357359708044
30.400000000000002,1.8603970312105838,1.1522383941917163
30.41,1.8371533006535816,1.164701241660074
30.42,1.7852892906206264,1.15913436421748
30.43,1.7058069819286374,1.1358101606190663
30.44,1.6000761859471826,1.095211531999332
30.45,1.4697760151091248,1.037987806915073
30.46,1.3168515918153176,0.9649285651784963
30.47,1.1434920022077504,0.876960875790632
30.48,0.9521294705501993,0.77516935265206
30.490000000000002,0.7454535955315627,0.6608322920539271
30.5,0.5264297261461841,0.5354624577397262
30.51,0.29830833192290096,0.40083897125308987
30.52,0.06461312011641997,0.2590177949928146
30.53,-0.17090048398533886,0.11231227261724905
30.54,-0.4043189067971346,-0.0367587717371231
30.55,-0.6316717424872145,-0.18555115470692615
30.560000000000002,-0.8490505894767492,-0.3313935930398035
30.57,-1.0527314092378681,-0.471690351833093
30.580000000000002,-1.2392856351948196,-0.6040138786835061
30.59,-1.405667626911115,-0.7261754880312291
30.6,-1.5492709829904052,-0.8362671265909842
30.61,-1.6679525184039745,-0.9326735204322043
30.62,-1.7600289019905484,-1.014060097961837
30.63,-1.824255617694336,-1.0793465955159613
30.64,-1.8598000330324784,-1.1276781865534211
30.650000000000002,-1.8662195374813242,-1.1584049744462748
30.66,-1.843452273798889,-1.171077108582011
30.67,-1.7918228708695862,-1.1654575922093722
30.68,-1.7120601210429156,-1.141549380203749
30.69,-1.6053190999077744,-1.0996289783023023
30.7,-1.4731978842484517,-1.0402765101353442
30.71,-1.3177393163308369,-0.9643926129457924
30.72,-1.1414110505133226,-0.8731953839631228
30.73,-0.947061639089176,-0.7681951385164026
30.740000000000002,-0.7378554851594896,-0.6511497633996386
30.75,-0.5171938122301404,-0.5240076616225777
30.76,-0.2886312883721832,-0.38884762471163414
30.77,-0.05579799908330918,-0.24782487080725077
30.78,0.17766587722639154,-0.10313002173872325
30.79,0.4081594201214377,0.04303635663569442
30.8,0.6321557988013868,0.18847574275477325
30.810000000000002,0.846228145237065,0.3309962911647782
30.82,1.0470744194022987,0.46841847281720733
30.830000000000002,1.2315492414813631,0.5985899475530584
30.84,1.3967082931143875,0.7194153638406499
30.85,1.5398667188541486,0.828902495874017
30.86,1.6586680711014226,0.9252211884841591
30.87,1.751156027197142,1.0067672806066144
30.88,1.8158385369983292,1.0722211762392837
30.89,1.8517339823293544,1.120590750398699
30.900000000000002,1.8583914746734456,1.151230911177701
30.91,1.8358820470754136,1.163836818107791
30.92,1.7847631298585167,1.158413378315511
30.93,1.7060239739256349,1.1352288346548114
30.94,1.6010232892375065,1.0947637232060081
30.95,1.4714313686645994,1.0376673053249628
30.96,1.3191870560877668,0.964731492932147
30.970000000000002,1.146475486541126,0.876887713623277
30.98,0.9557265923585182,0.7752261482040254
30.990000000000002,0.7496283344570954,0.6610307317088215
31.0,0.5311439337427345,0.5358186868845191
31.01,0.30352019502077643,0.4013712868281864
31.02,0.07027490397714765,0.2597435589663552
31.03,-0.16484491787869915,0.11324455708975303
31.04,-0.39793624172027064,-0.03561423357939178
31.05,-0.6250404820348754,-0.1841981874664974
31.060000000000002,-0.8422610923941066,-0.32984659698163943
31.07,-1.0458845325411399,-0.46997397357050685
31.080000000000002,-1.2324900868820245,-0.6021614364512179
31.09,-1.3990363565756179,-0.7242264722285803
31.1,-1.5429170934760883,-0.8342642410764138
31.11,-1.6619852342218002,-0.930659773094329
31.12,-1.7545500738765651,-1.012076386098667
31.13,-1.8193570951660827,-1.0774300820339013
31.14,-1.8555620355665203,-1.125861565110971
31.150000000000002,-1.862709947898563,-1.156716522774475
31.16,-1.8407266115336625,-1.1695412745096285
31.17,-1.7899246128388464,-1.164095778793153
31.18,-1.7110210388089848,-1.1403806071836597
31.19,-1.6051593660193544,-1.0986701870242621
31.2,-1.4739258403778648,-1.039542419370906
31.21,-1.319350951185346,-0.9638951839517385
31.220000000000002,-1.1438893646879105,-0.8729430743656755
31.23,-0.9503761441091595,-0.7681921856153181
31.240000000000002,-0.741962078955759,-0.6513957250184647
31.25,-0.5220351978745846,-0.5244973637086014
31.26,-0.29413798056752616,-0.3895715444497493
31.27,-0.06188982938501583,-0.24876985786499864
31.28,0.17107795204602255,-0.10428016526908433
31.29,0.4011714515852204,0.04169894361741475
31.3,0.6248691453910831,0.18697041589211785
31.310000000000002,0.838748072652112,0.32934374299911007
31.32,1.0395090116629335,0.4666409453602504
31.330000000000002,1.2240085014853763,0.5967116303037096
31.34,1.3893032163552155,0.7174627318201757
31.35,1.5327080955755907,0.8269043252327485
31.36,1.651864823652263,0.9232080502924951
31.37,1.7448130124956398,1.0047704454019017
31.38,1.8100539099733532,1.0702710317278248
31.39,1.8465963822358455,1.1187149987245615
31.400000000000002,1.8539774162268352,1.149452924918438
31.41,1.8322539350404765,1.162174560228972
31.42,1.781968250599965,1.156879215142128
31.43,1.7040946568668773,1.1338304019725503
31.44,1.5999782062315138,1.0935057774579973
31.45,1.4712776993124441,1.0365542552041143
31.46,1.3199230484910733,0.9637701176630766
31.470000000000002,1.1480928358407962,0.8760894811316905
31.48,0.9582120748329869,0.7746085774367937
31.490000000000002,0.7529642768615066,0.6606173992220179
31.5,0.5353073405648041,0.5356377301612651
31.51,0.3084806506673609,0.40145255406098634
31.52,0.07599164925011762,0.26011483367692556
31.53,-0.15842612780774107,0.11392748483881036
31.54,-0.39088580452768873,-0.0346078145756635
31.55,-0.6174465038393077,-0.18286887726411666
31.560000000000002,-0.8342293833124653,-0.3282085870993706
31.57,-1.037536874080114,-0.46805456424937525
31.580000000000002,-1.2239609149009956,-0.5999990657504012
31.59,-1.390468280180283,-0.7218676698320841
31.6,-1.5344558535600572,-0.8317600884732372
31.61,-1.653774759392929,-0.9280624916033813
31.62,-1.7467282099835966,-1.0094365822853473
31.63,-1.8120523920880578,-1.0747949835177921
31.64,-1.8488917201248622,-1.1232743285206717
31.650000000000002,-1.8567789557590628,-1.1542164500501833
31.66,-1.8356273523331919,-1.1671645901643934
31.67,-1.785737043809726,-1.1618765380072353
31.68,-1.707812639276398,-1.1383513354894206
31.69,-1.6029847258133496,-1.0968619812932405
31.7,-1.4728257620510306,-1.0379844278177326
31.71,-1.3193511668323419,-0.9626135779588103
31.720000000000002,-1.1449991297966609,-0.8719597757136044
31.73,-0.95258705222843,-0.7675236814011823
31.740000000000002,-0.7452474235148028,-0.6510522743802443
31.75,-0.5263500993549373,-0.5244827869036426
31.76,-0.299420330537383,-0.389883620039607
31.77,-0.06806192484294223,-0.2494011851861623
31.78,0.16410735046099614,-0.10521922495844452
31.79,0.39350496704469573,0.04046684304833106
31.8,0.6166188364829354,0.18546256915297188
31.810000000000002,0.8300338712279708,0.32757999162830015
31.82,1.0304575599491101,0.464644094542403
31.830000000000002,1.2147522278984215,0.5945081292036554
31.84,1.3799793621959227,0.7150832908181225
31.85,1.523457363564361,0.8243841169281295
31.86,1.642829381636784,0.9205862187264061
31.87,1.7361337413438385,1.0020888154398764
31.88,1.8018669971206331,1.0675721284245578
31.89,1.8390295773967764,1.1160396991825443
31.900000000000002,1.847146424896926,1.146838214814328
31.91,1.8262594809787103,1.1596519086773982
31.92,1.776894266580297,1.1544739947402338
31.93,1.700007870805989,1.1315625769868767
31.94,1.5969291154199818,1.091391803645369
31.95,1.469302629859016,1.0346098424911518
31.96,1.3190467500531207,0.9620132715031267
31.970000000000002,1.1483309252086094,0.8745431195606813
31.98,0.9595726546280304,0.7733020536624464
31.990000000000002,0.7554482225768817,0.6595864448226952
32.0,0.5389070395734907,0.5349226369567043
32.01,0.31317732986427216,0.40109477024865287
32.02,0.0817517665544676,0.260152484333082
32.03,-0.15165470472595388,0.11439056409911194
32.04,-0.38317700820981077,-0.033701746037331795
32.05,-0.6088979128755286,-0.18151774078953364
32.06,-0.8249621806428871,-0.3264270702520291
32.07,-1.0276937325017093,-0.46587346970312427
32.08,-1.2137019978340888,-0.5974629199226413
32.09,-1.3799658733671534,-0.7190310994077341
32.1,-1.5238883558363057,-0.8286836668095803
32.11,-1.6433208157810277,-0.9248087937101844
32.12,-1.7365616624867655,-1.0060670653868664
32.13,-1.8023384842706534,-1.0713680650670427
32.14,-1.8397846814153396,-1.119844727020747
32.15,-1.84842078497299,-1.1508355600170865
32.160000000000004,-1.8281473878033119,-1.1638814488265365
32.17,-1.7792517995882255,-1.1587388535614265
32.18,-1.7024254209955338,-1.1354060981515186
32.19,-1.5987846983899785,-1.0941553476106558
32.2,-1.4698863770294859,-1.035560806132979
32.21,-1.3177281050637129,-0.9605140839045966
32.22,-1.144728110113071,-0.8702204082595248
32.230000000000004,-0.9536819495298413,-0.7661736469902952
32.24,-0.7476991091233776,-0.6501128426017312
32.25,-0.5301262744238279,-0.5239669119361906
32.26,-0.3044664107424809,-0.38979635142366786
32.27,-0.07430281060559471,-0.24974067883847886
32.28,0.15676495808255994,-0.1059780101165856
32.29,0.3851701216183982,0.03930073959328419
32.3,0.6074141485948249,0.1839049777392976
32.31,0.8200937868952816,0.3256506064922248
32.32,1.0199271316004426,0.4623670864808206
32.33,1.203786176614427,0.5919131031688192
32.34,1.368741069330671,0.7122061788550672
32.35,1.5121173755899568,0.8212675600407534
32.36,1.6315630857326244,0.9172790832622566
32.37,1.7251180584793453,0.9986446932436528
32.38,1.79127619973081,1.0640469371673393
32.39,1.8290306041523503,1.112488762126916
32.4,1.8378942642980436,1.1433133872583903
32.410000000000004,1.8178932703672634,1.1561993762054847
32.42,1.7695346742067983,1.151133271218799
32.43,1.6937561038936695,1.1283669909795842
32.44,1.5918675720389122,1.0883704300362558
32.45,1.4654968597622733,1.0317904867939927
32.46,1.3165480929802609,0.9594258310510714
32.47,1.1471790287147379,0.8722225001522812
32.480000000000004,0.9597970835228915,0.7712898542579575
32.49,0.757068564866572,0.6579308377285328
32.5,0.5419312527678801,0.5336762254032701
32.51,0.3175984846484385,0.4003106243794587
32.52,0.08754374077874635,0.25987894841072245
32.53,-0.14454173962009345,0.11466570448072055
32.54,-0.3748203507663372,-0.032855083892199224
32.55,-0.5994044742472892,-0.18009540067483076
32.56,-0.8144684067654093,-0.32444499535242227
32.57,-1.0163631036400609,-0.46336686989966575
32.58,-1.2017203393066898,-0.5944834392200257
32.59,-1.3675350907152608,-0.7156425888450306
32.6,-1.5112194495674756,-0.8249573880424865
32.61,-1.6306270866658261,-0.9208189123382954
32.62,-1.724052883291086,-1.0018871412500854
32.63,-1.790216526603292,-1.067068952026747
32.64,-1.8282407196688097,-1.1154939316357138
32.65,-1.8376338415553108,-1.1464977646982637
32.660000000000004,-1.8182837178255695,-1.1596196601314759
32.67,-1.7704644964703136,-1.1546155429623803
32.68,-1.6948536762569484,-1.1314837747143087
32.69,-1.5925523464532523,-1.0904962122556108
32.7,-1.4650996413465962,-1.0322254251308718
32.71,-1.314472757693027,-0.9575593074096785
32.72,-1.1430664856688364,-0.8676969732750303
32.730000000000004,-0.9536503585814117,-0.7641239901273098
32.74,-0.749306151950394,-0.6485695880396689
32.75,-0.5333523791530088,-0.5229523146025076
32.76,-0.3092646604940528,-0.3893227178760166
32.77,-0.08060085350602553,-0.24981153041080573
32.78,0.149062331017329,-0.10658956572815648
32.79,0.3761782366261102,0.03815824825197164
32.8,0.5972660021728099,0.18224656963252828
32.81,0.8089381679922119,0.32349660681932646
32.82,1.007927332791372,0.4597439226461978
32.83,1.1911190511008491,0.5888545292316314
32.84,1.3555959961958681,0.7087544352037355
32.85,1.4986946282745846,0.8174739271276197
32.86,1.6180711839919637,0.913203394310494
32.87,1.711769907545101,0.9943536108318634
32.88,1.7782841294640481,1.0596111156463734
32.89,1.8166007375740836,1.1079793317859437
32.9,1.8262208847726034,1.1387984234723354
32.910000000000004,1.8071539510835197,1.1517410919300948
32.92,1.759886847385556,1.146786564136862
32.93,1.6853354893656896,1.1241797019718305
32.94,1.5847885082095026,1.084385284898901
32.95,1.459854169508138,1.028048285954181
32.96,1.3124197702117135,0.9559691198990015
32.97,1.144628834671837,0.8690987792658265
32.980000000000004,0.9588761494060553,0.7685534233990162
32.99,0.7578153164858478,0.6556426117158135
33.0,0.5443693611379915,0.5319012661653552
33.01,0.3217330203779651,0.3991136147806022
33.02,0.0933561640184392,0.2593182833401037
33.03,-0.13709879145193557,0.11478719178721478
33.04,-0.36582738517579794,-0.03202380831134748
33.05,-0.5889775858077108,-0.17854875944347967
33.06,-0.8027591633738186,-0.32220099958541837
33.07,-1.0035556582000094,-0.46046609340648276
33.08,-1.188026047349061,-0.5909857276921663
33.09,-1.3531853460776728,-0.7116222073899415
33.1,-1.496457721472397,-0.8204975569750715
33.11,-1.6157011977967457,-0.9160067126328598
33.12,-1.7092084055832741,-0.9968095890729183
33.13,-1.775691835708702,-1.0618106971016108
33.14,-1.8142638252578593,-1.1101366138149202
33.15,-1.8244207011367715,-1.1411206686473911
33.160000000000004,-1.8060374417751146,-1.1543010311469737
33.17,-1.7593747267084567,-1.1494338275328657
33.18,-1.685095490984651,-1.1265181420229033
33.19,-1.5842842804544628,-1.0858259642913681
33.2,-1.4584607472523852,-1.027928242156901
33.21,-1.309578977710907,-0.9537086116199381
33.22,-1.140006866035426,-0.864358939790953
33.230000000000004,-0.9524837544019722,-0.7613548300371927
33.24,-0.7500590119548377,-0.6464136526896239
33.25,-0.5360179877461991,-0.5214413487181432
33.26,-0.3138039077663445,-0.3884762842706076
33.27,-0.08694428598489148,-0.24963832513254636
33.28,0.14101166983188218,-0.10708912257316541
33.29,0.3665417716514871,0.03699404074016431
33.3,0.5861869322204609,0.18043262594259224
33.31,0.7965794351685463,0.3210547326455661
33.32,0.9944702785670735,0.4567037776634257
33.33,1.176762473444928,0.5852551026859197
33.34,1.3405550937892752,0.7046454578035669
33.35,1.4831992372095637,0.8129165830212683
33.36,1.6023628094963989,0.9082698165149293
33.37,1.6960973112425186,0.9891249194893537
33.38,1.762897590777702,1.0541741254594752
33.39,1.8017454758847575,1.1024224203922541
33.4,1.8121304096066377,1.133207319774028
33.410000000000004,1.7940442214417025,1.1461954364803546
33.42,1.7479520276883163,1.1413579774167166
33.43,1.6747457984204275,1.1189317868677988
33.44,1.5756902292927661,1.0793755522535993
33.45,1.4523714212567904,1.0233315268797543
33.46,1.3066572410258708,0.9516013671324794
33.47,1.14067445658104,0.8651407981307678
33.480000000000004,0.9568026925258454,0.7650727074466916
33.49,0.7576801307635047,0.6527131311263611
33.5,0.5462119297118987,0.5296006745280085
33.51,0.32557052361902383,0.39751816323542966
33.52,0.0991777650907587,0.258496199244779
33.53,-0.12933785712925097,0.11479163690899444
33.54,-0.35621068971533754,-0.03116095981812599
33.55,-0.577630249350078,-0.1768212201007907
33.56,-0.7898477037085168,-0.31962971100482696
33.57,-0.9892847149195266,-0.457097997449443
33.58,-1.1726323082203007,-0.5868900041782572
33.59,-1.336929486793499,-0.7068847793396728
33.6,-1.4796154701916242,-0.8152149381537435
33.61,-1.5985546922168516,-0.9102803018004576
33.62,-1.6920388193866465,-0.990741303655416
33.63,-1.75877386684682,-1.055500444605726
33.64,-1.7978621577117089,-1.103681621617133
33.65,-1.8087880908789409,-1.134616247400388
33.660000000000004,-1.7914137440167937,-1.1478420377257494
33.67,-1.745986048065638,-1.1431159873984054
33.68,-1.6731527385735432,-1.1204385034805995
33.69,-1.5739806566857755,-1.0800820495055141
33.7,-1.4499681253408874,-1.0226158499249496
33.71,-1.303043485120926,-0.9489186111400496
33.72,-1.1355442995315723,-0.8601736741657547
33.730000000000004,-0.9501755767649417,-0.7578448539646775
33.74,-0.7499496081191552,-0.6436354383159355
33.75,-0.5381136106305052,-0.519436336161014
33.76,-0.3180733901261934,-0.38727130134714666
33.77,-0.09332122981644261,-0.24924705075381684
33.78,0.13262579317090767,-0.10751401509684559
33.79,0.35627429580036457,0.03576001652652361
33.8,0.5741910576715122,0.1784050373637159
33.81,0.7830320495026786,0.31825778216847217
33.82,0.9795705604333791,0.45317141228777086
33.83,1.1607309521607259,0.5810327198039629
33.84,1.3236325743624904,0.6997915492352054
33.85,1.4656449070680238,0.807503586857166
33.86,1.5844509522479928,0.9023835787162644
33.87,1.6781123452058164,0.9828624784669326
33.88,1.74512755687214,1.0476399491693829
33.89,1.7844745185309987,1.0957236421009822
33.9,1.7956311153355502,1.1264488259672847
33.910000000000004,1.7785708129436102,1.1394757719620279
33.92,1.7337353098952177,1.1347669079646743
33.93,1.6619904290282792,1.1125500162989779
33.94,1.5645744065062435,1.0732766014403978
33.95,1.4430485557784352,1.0175852595942065
33.96,1.2992587326995122,0.9462782170218413
33.97,1.1353124397104049,0.8603155207270666
33.980000000000004,0.9535716169358842,0.7608265148059538
33.99,0.7566563175996958,0.6491333675261316
34.0,0.547450727573442,0.5267776995315441
34.01,0.32910128550423823,0.3955397130329806
34.02,0.10499743550515504,0.25744006315578
34.03,-0.12127134360853474,0.11471788445797368
34.04,-0.3459838387056932,-0.03021682666817111
34.05,-0.5653770404127609,-0.17485296830967592
34.06,-0.7757494016932267,-0.3166621223307606
34.07,-0.9735662092075266,-0.4531854280260561
34.08,-1.1555553546776547,-0.5821121413066274
34.09,-1.3187837617577445,-0.7013404925836072
34.1,-1.460708674422382,-0.8090154230812329
34.11,-1.5792029988546126,-0.9035427431024804
34.12,-1.672558741138505,-0.9835840437959357
34.13,-1.7394761850955949,-1.0480402008686043
34.14,-1.779048019162911,-1.096032760052811
34.15,-1.790746865818999,-1.1268916261634985
34.160000000000004,-1.7744218736950017,-1.1401545904121382
34.17,-1.730305967464047,-1.1355801038181348
34.18,-1.6590310676603508,-1.1131703971489315
34.19,-1.561645169300156,-1.073198633620301
34.2,-1.439623440833751,-1.0162320841373205
34.21,-1.2948658674265707,-0.9431437134617758
34.22,-1.1296762778237515,-0.8551069051276512
34.230000000000004,-0.9467212388158983,-0.7535716964868623
34.24,-0.7489713309857298,-0.6402248920488166
34.25,-0.5396307108065455,-0.516939752604198
34.26,-0.3220627747590088,-0.3857227876261359
34.27,-0.09971971961132656,-0.24866507405923116
34.28,0.12391811106218593,-0.10790355327254947
34.29,0.3453904581963827,0.03440553276568036
34.300000000000004,0.5612940495533544,0.17610263130774345
34.31,0.7683124788846625,0.3150350301572338
34.32,0.9632452115540459,0.4490676762132462
34.33,1.1430418468006485,0.5761010574654426
34.34,1.3048458760284005,0.6941005649979214
34.35,1.4460488967406775,0.8011384001798528
34.36,1.5643524253215195,0.8954452322625874
34.37,1.6578311056085377,0.9754654528692314
34.38,1.7249891391682133,1.0399079160059157
34.39,1.7648017379331289,1.0877840535882886
34.4,1.7767354061654874,1.1184272869313503
34.410000000000004,1.760744467771292,1.1314912699899993
34.42,1.7172456229528246,1.126928845443801
34.43,1.6470763907108057,1.1049576118474682
34.44,1.5514460658256026,1.0660206884646288
34.45,1.431888585698936,1.010751930777219
34.46,1.2902252382144435,0.9399532845180659
34.47,1.1285417632835184,0.8545885027727405
34.480000000000004,0.9491798970897146,0.7557928916372303
34.49,0.7547388543202188,0.6448941768769499
34.5,0.5480787427774257,0.5234360986151146
34.51,0.33231632048508325,0.39319479819315106
34.52,0.1108042518146503,0.2561788609647459
34.53,-0.11291204219374203,0.11460686671292081
34.54,-0.33516137373196003,-0.0291391983126891
34.550000000000004,-0.5522340767343106,-0.17258133103081932
34.56,-0.7604817179996436,-0.31322605059991415
34.57,-0.9564186572706317,-0.448647774246499
34.58,-1.1368144287056803,-0.5765643059918918
34.59,-1.2987677833642006,-0.6948956146439791
34.6,-1.439756954741178,-0.8018008094414725
34.61,-1.5576653949154629,-0.8956928846435195
34.62,-1.6507867773183653,-0.9752352963180512
34.63,-1.7178164308430273,-1.0393277190113541
34.64,-1.7578378222564417,-1.0870896823926355
34.65,-1.7703119796756386,-1.1178499639758839
34.660000000000004,-1.7550751188407818,-1.1311468984180009
34.67,-1.7123459187428558,-1.1267408905031033
34.68,-1.642739883838596,-1.1046363823592416
34.69,-1.5472850362585508,-1.065107332416492
34.7,-1.4274315840088792,-1.008718685544008
34.71,-1.285048574758056,-0.9363367016638836
34.72,-1.122402735908117,-0.8491232163600863
34.730000000000004,-0.9421181319869467,-0.7485123321782227
34.74,-0.7471190524797424,-0.6361717907795307
34.75,-0.5405617184385807,-0.5139543972562336
34.76,-0.32576217756911063,-0.3838465804909358
34.77,-0.10612772606966911,-0.247921071916032
34.78,0.11490259794069259,-0.10829883489399908
34.79,0.33390595775185605,0.032877707020840315
34.800000000000004,0.5475130979839371,0.1734615838018147
34.81,0.7524391627094615,0.31131274154267036
34.82,0.9455136695981265,0.4443101146808512
34.83,1.1237153294181632,0.5703702632803597
34.84,1.2842156233217132,0.6874766770168734
34.85,1.424431979534538,0.793720713115864
34.86,1.5420878253076153,0.8873515284315288
34.87,1.6352736705387296,0.9668292300321407
34.88,1.7025015503467194,1.0308736438498212
34.89,1.7427451449372877,1.07850110717862
34.9,1.7554597825366798,1.1090435914118033
34.910000000000004,1.7405799110524136,1.1221478399468154
34.92,1.6984957063689567,1.1177562635707619
34.93,1.6300142853109272,1.096075084311014
34.94,1.5363135731900033,1.0575377261469212
34.95,1.4188975850592744,1.00277207226226
34.96,1.2795605100140948,0.9325787505094135
34.97,1.1203638382700611,0.8479243843060263
34.980000000000004,0.9436265795713497,0.7499495044871948
34.99,0.7519243913649433,0.6399865669347523
35.0,0.5480901921382736,0.5195802862427231
35.01,0.33520738045183057,0.3905010712719598
35.02,0.11658749432173852,0.25474310367887354
35.03,-0.10427310505860507,0.11450138887558699
35.04,-0.32375877536790376,-0.027873699198446972
35.050000000000004,-0.5382189853886172,-0.16994122581773607
35.06,-0.7440641630709535,-0.30924669650135067
35.07,-0.9378631157651409,-0.44340163012229494
35.08,-1.116431738737992,-0.5701557138390453
35.09,-1.2769044833583836,-0.6874533276700876
35.1,-1.416783529155513,-0.7934697027372726
35.11,-1.5339649621096647,-0.8866263122291413
35.12,-1.6267454821705876,-0.965589263810671
35.13,-1.693816279628595,-1.029257504903873
35.14,-1.734252052560332,-1.0767488978720785
35.15,-1.7475024501488035,-1.1073914472768969
35.160000000000004,-1.7333907748283823,-1.1207244339525828
35.17,-1.6921212345520809,-1.1165106144348944
35.18,-1.6242923253379635,-1.0947569034824531
35.19,-1.5309109792236077,-1.0557380055215047
35.2,-1.4134006547956024,-1.0000160113301226
35.21,-1.2735969096516855,-0.9284493515273649
35.22,-1.1137260474805177,-0.8421865582125719
35.230000000000004,-0.9363656272109742,-0.7426434718865261
35.24,-0.7443891330133156,-0.6314660135446539
35.25,-0.5409000436723189,-0.5104835349855232
35.26,-0.32916218133527264,-0.3816593442283953
35.27,-0.11253317896044766,-0.24704490425187062
35.28,0.1055937654190225,-0.10874248544760333
35.29,0.32183751224319246,0.031121805746108108
35.300000000000004,0.5328668780327243,0.17041592912561168
35.31,0.7354324749127149,0.3070147930389251
35.32,0.9263977372736772,0.4388136914576569
35.33,1.102774342916188,0.5637477682926819
35.34,1.261765583755671,0.679821263749243
35.35,1.400818398475931,0.7851473990028697
35.36,1.5176814870986917,0.8779964241154851
35.37,1.6104640551870608,0.9568464620603253
35.38,1.6776880609987614,1.020430103513729
35.39,1.7183268480154117,1.067769720743654
35.4,1.7318248038673536,1.0981962304469783
35.410000000000004,1.7180958179247283,1.1113491581287354
35.42,1.6775020820661082,1.1071596019036387
35.43,1.6108182837621345,1.0858211503958073
35.44,1.5191886160143684,1.0477561190041498
35.45,1.4040846751946716,0.9935850390578354
35.46,1.2672710498134154,0.9241059901282224
35.47,1.1107825007872003,0.8402873979380167
35.480000000000004,0.9369127799769984,0.7432740207590222
35.49,0.7482112528349757,0.6344019447060013
35.5,0.5474805259195403,0.5152154453613284
35.51,0.33776696424904623,0.3874772777667191
35.52,0.12233666216035623,0.2531646653747719
35.53,-0.09536802398145806,0.11444583266997559
35.54,-0.31179243540931084,-0.026364215944069274
35.550000000000004,-0.5233508686218721,-0.16686571357757152
35.56,-0.726518257145285,-0.30464731569527204
35.57,-0.9179231370282182,-0.43736157534699505
35.58,-1.094432411443136,-0.5627935080587065
35.59,-1.2532200626737722,-0.678914691925557
35.6,-1.39181516245503,-0.7839185487420494
35.61,-1.5081285367829005,-0.8762364335189674
35.62,-1.6004613095747442,-0.9545379821024053
35.63,-1.6675013963825283,-1.0177219490830172
35.64,-1.7083152255150618,-1.0649048992761025
35.65,-1.722341318749295,-1.0954143949738113
35.660000000000004,-1.7093901072134896,-1.108790997520303
35.67,-1.6696511124181186,-1.1048001052161731
35.68,-1.6037052327067047,-1.083451228235427
35.69,-1.5125371974400141,-1.0450196095625477
35.7,-1.3975419415701529,-0.990063789904915
35.71,-1.2605190115126146,-0.9194330756326817
35.72,-1.1036510157181736,-0.8342607697923038
35.730000000000004,-0.9294650724465017,-0.7359419528010769
35.74,-0.7407794258716425,-0.6260977912758453
35.75,-0.540640087670295,-0.5065309996661752
35.76,-0.33225385290452497,-0.37917852355838316
35.77,-0.11892398980524507,-0.24606741737819562
35.78,0.09600663482799271,-0.10927831401124743
35.79,0.3092028267133894,0.029081729942486072
35.800000000000004,0.517375514467655,0.1668981783729353
35.81,0.7173146853711908,0.3020634136581203
35.82,0.9059215405717175,0.43249163860475753
35.83,1.0802445563134084,0.5561392320885571
35.84,1.2375226204118077,0.6710339359221493
35.85,1.3752358167705385,0.7753136055008025
35.86,1.4911614330718042,0.8672722225628027
35.87,1.5834301609143933,0.9454082398889939
35.88,1.6505759499493422,1.008468809093953
35.89,1.6915730062691552,1.0554834664733503
35.9,1.7058550455235917,1.0857824658452708
35.910000000000004,1.6933147754275044,1.0989977965643334
35.92,1.6542850217025153,1.0950483353950593
35.93,1.5895060988575205,1.0741137237465292
35.94,1.5000861810017385,1.0366036575582038
35.95,1.387462006924302,0.9831297905203323
35.96,1.2533660944641578,0.9144862267807259
35.97,1.0998040011352466,0.8316418845806197
35.980000000000004,0.9290416749916529,0.7357444780271766
35.99,0.7435994319607079,0.6281323342453363
36.0,0.5462464274996326,0.5103475913375365
36.01,0.33998832266475554,0.3841431662617625
36.02,0.12804148482317923,0.2514765416669307
36.03,-0.08621061124492843,0.1144857670015586
36.04,-0.29927962959731796,-0.024553429016542828
36.050000000000004,-0.5076502684079123,-0.1632866654922033
36.06,-0.7078674873271917,-0.2993500121261779
36.07,-0.8966247199639316,-0.43044108417818694
36.08,-1.0708444381613544,-0.5543837709436461
36.09,-1.2277439353472301,-0.6691797446624069
36.1,-1.3648821094527286,-0.7730428024626662
36.11,-1.480186654028655,-0.864415697971651
36.12,-1.5719645591305722,-0.9419725707863773
36.13,-1.638901384111197,-1.0046125867816262
36.14,-1.6800558379638741,-1.0514514113819564
36.15,-1.694855605193714,-1.081816474790646
36.160000000000004,-1.6830983089932168,-1.0952498827116512
36.17,-1.6449585750275697,-1.0915198501721266
36.18,-1.5809991125518605,-1.0706384563957587
36.19,-1.4921813356603337,-1.0328811052133033
36.2,-1.3798698942154655,-0.9788019123368229
36.21,-1.2458258358194783,-0.9092395865310193
36.22,-1.09218485951732,-0.8253101025646284
36.230000000000004,-0.9214197865433587,-0.7283851127243723
36.24,-0.7362892788918444,-0.6200579238702113
36.25,-0.5397772518603063,-0.5021012485025393
36.26,-0.3350287594071805,-0.37642223244711837
36.27,-0.12528807424422925,-0.24502016767705426
36.28,0.08615670954852668,-0.10995087555451939
36.29,0.29602056122050524,0.026700607167442714
36.300000000000004,0.5010605454015629,0.16284005561166054
36.31,0.6981099196796291,0.2963800522331423
36.32,0.8841114847358374,0.4252564405236632
36.33,1.0561543169544034,0.5474496270721647
36.34,1.211516640607638,0.6610137038118666
36.35,1.3477152634763079,0.764113987077792
36.36,1.4625593167455782,0.8550708528851988
36.37,1.5542037182802082,0.9324054012420486
36.38,1.6211964483347234,0.9948811353198335
36.39,1.662513776309198,1.041535877946015
36.4,1.677579050060757,1.0716996066592377
36.410000000000004,1.6662632392468726,1.0849964480663092
36.42,1.62886850946473,1.081332127028838
36.43,1.5660989540012062,1.0608709745725042
36.44,1.4790245282302075,1.0240084654651345
36.45,1.3690447390398601,0.971345707379304
36.46,1.2378575978893132,0.9036712040580598
36.47,1.0874369885061683,0.8219528083785885
36.480000000000004,0.9200184897348778,0.7273396335827099
36.49,0.7380905815960543,0.6211705559012243
36.5,0.5443858081407933,0.5049835792875456
36.51,0.34186545902336346,0.3805193251400215
36.52,0.13369193024990328,0.24971251956595383
36.53,-0.07681498261553259,0.11466745677931336
36.54,-0.28623849079186253,-0.02238345736832512
36.550000000000004,-0.4911391297312895,-0.15913555190201098
36.56,-0.6881372617645046,-0.2932766602645375
36.57,-0.8739962566791076,-0.42255356831492835
36.58,-1.045698616113815,-0.5448326726356351
36.59,-1.2005086666389284,-0.6581487378847721
36.6,-1.3360180522362939,-0.7607382358864971
36.61,-1.4501734858836994,-0.8510569536705034
36.62,-1.5412893165328858,-0.9277846167690291
36.63,-1.6080497270871845,-0.9898214849991637
36.64,-1.6495063143068156,-1.036282758206337
36.65,-1.6650762564054469,-1.066496027893823
36.660000000000004,-1.6545444523320563,-1.0800051365498593
36.67,-1.6180704247833042,-1.0765811703250687
36.68,-1.556198095407081,-1.0562385931155356
36.69,-1.4698644461967805,-1.0192524114262886
36.7,-1.3604020915243311,-0.9661712529057618
36.71,-1.2295311281442431,-0.89782157076927
36.72,-1.079337195247705,-0.8152997367392688
36.730000000000004,-0.912235049487595,-0.7199511395444278
36.74,-0.7309195334525241,-0.6133379555554681
36.75,-0.5383079453955797,-0.49719935852966923
36.76,-0.3374789834802052,-0.3734090698405572
36.77,-0.1316133740669164,-0.24393505789680864
36.78,0.07605994715110924,-0.1108049326113822
36.79,0.28231029794006823,0.023921496136967372
36.800000000000004,0.4839448848410508,0.15817335706596564
36.81,0.6778441173054642,0.2898863765505434
36.82,0.8609962079650378,0.4170209560506554
36.83,1.0305345996829178,0.5375844648204409
36.84,1.1837805406778352,0.6496602880569601
36.85,1.318291074453358,0.7514440798688219
36.86,1.431910360990549,0.8412852882393618
36.87,1.5228202241272562,0.917729971219434
36.88,1.5895846775314444,0.97955975940194
36.89,1.6311832530892691,1.0258218717656686
36.9,1.6470292728012805,1.0558463887546157
36.910000000000004,1.6369714853409578,1.069249241561466
36.92,1.60128020032678,1.0659220567147012
36.93,1.540621547918872,1.0460124503845198
36.94,1.4560251614908968,1.009899991541624
36.95,1.3488510130741573,0.958173436467323
36.96,1.2207602090918017,0.8916138673332027
36.97,1.0736924914191541,0.8111862627443729
36.980000000000004,0.9098504804777691,0.7180392863011433
36.99,0.7316879998838759,0.6135103593763522
37.0,0.5418977970316008,0.4991310474973327
37.01,0.34339312556048296,0.37662693895915544
37.02,0.13927820963656032,0.24790675231767217
37.03,-0.06719554228486498,0.1150372641040669
37.04,-0.272687982533343,-0.019796621075972562
37.050000000000004,-0.473840762599924,-0.15434435728432036
37.06,-0.6673548609934763,-0.2863499593537427
37.07,-0.8500684749811418,-0.4136135556719564
37.08,-1.019028484524926,-0.5340477578396742
37.09,-1.171549905508608,-0.6457235143990396
37.1,-1.3052600315687217,-0.7469023826924106
37.11,-1.4181267737222567,-0.8360549380845592
37.12,-1.5084733883265313,-0.9118676868916895
37.13,-1.5749837286069088,-0.9732427517964924
37.14,-1.6167029473251853,-1.0192953435016918
37.15,-1.6330380901650097,-1.0493534956119233
37.160000000000004,-1.6237614348060145,-1.0629629086654853
37.17,-1.5890171927034713,-1.0598974700413546
37.18,-1.529329887810037,-1.0401736792184817
37.19,-1.4456109451962746,-1.004065398888031
37.2,-1.3391592030528474,-0.9521145105595512
37.21,-1.2116513930846406,-0.8851333654400496
37.22,-1.0651200141040713,-0.804196282170867
37.230000000000004,-0.9019180890813446,-0.7106193879019572
37.24,-0.7246725208013433,-0.6059303010251839
37.25,-0.5362295908301763,-0.49183095846852387
37.26,-0.33959713748571274,-0.37015785638944826
37.27,-0.13788787888876738,-0.24284388116921407
37.28,0.06573273135666101,-0.11188481256712729
37.29,0.2680925076275,0.020688206516230156
37.300000000000004,0.46605278413402057,0.15283093476894355
37.31,0.656544988113694,0.2825054044388248
37.32,0.8366065328482271,0.40769967789935657
37.33,1.003418952995074,0.526451162820926
37.34,1.154350146914787,0.6368755713491154
37.35,1.287000828661852,0.7372018152974805
37.36,1.3992532908936979,0.8258110981196307
37.37,1.4893188728330014,0.9012767299993171
37.38,1.555779581046747,0.9624002209318575
37.39,1.597619404794647,1.0082392764417247
37.4,1.6142420218069151,1.0381244493730606
37.410000000000004,1.6054735564718956,1.0516631389882365
37.42,1.571551373768716,1.0487319173226837
37.43,1.513102015294038,1.0294602485595812
37.44,1.43111279482844,0.9942100374918478
37.45,1.3269019243254356,0.9435557542807944
37.46,1.202091246256311,0.878269046705876
37.47,1.0585838939525305,0.7993099598528449
37.480000000000004,0.8985469128588717,0.7078245640066446
37.49,0.7243966112732891,0.6051465046630047
37.5,0.5387827268213626,0.4927982919292699
37.51,0.3445668158051707,0.37248746045599157
37.52,0.14479077916866198,0.24609323619005952
37.53,-0.05736696961913464,0.11564093983887795
37.54,-0.25864787291084224,-0.01673632285573959
37.550000000000004,-0.4557798027861566,-0.1488466210227894
37.56,-0.6455493865260152,-0.27849461811417986
37.57,-0.8248743768705072,-0.40353800221529684
37.58,-0.9908702558268181,-0.5219393663521853
37.59,-1.1409063116254923,-0.6318090167629498
37.6,-1.272648372603075,-0.731436113379024
37.61,-1.384087754985872,-0.8193078951993735
37.62,-1.4735582311429791,-0.8941189612295566
37.63,-1.5397444433859877,-0.9547741587841261
37.64,-1.581685833727232,-1.0003892350446046
37.65,-1.5987797334531086,-1.0302929385543091
37.660000000000004,-1.59078592021746,-1.0440328795354819
37.67,-1.5578330817352926,-1.0413855506597005
37.68,-1.5004257186921097,-1.0223689689850652
37.69,-1.4194485632580542,-0.9872549135125309
37.7,-1.3161649455446471,-0.9365770625184096
37.71,-1.1922058582268982,-0.8711316290616322
37.72,-1.0495476551474447,-0.7919682562922208
37.730000000000004,-0.8904780641216491,-0.7003706564579854
37.74,-0.7175520557532511,-0.5978283168230762
37.75,-0.5335406280153883,-0.48600209165626757
37.76,-0.3413763767143736,-0.366687289282409
37.77,-0.14409964745810272,-0.24177777136443396
37.78,0.05519184383019131,-0.11323366073152168
37.79,0.2533885154398578,0.016946232175785097
37.800000000000004,0.44740979230380074,0.1467478014704242
37.81,0.6342419672461819,0.2741627622066034
37.82,0.8109754155214888,0.3972101235838878
37.83,0.9748434421844832,0.5139605446002468
37.84,1.1232641527095202,0.6225651830149439
37.85,1.2538852798855533,0.7212891636052399
37.86,1.364630261382849,0.8085481251427057
37.87,1.453742481857585,0.8829448973658637
37.88,1.5198238504988952,0.9433025889838428
37.89,1.5618640018892846,0.9886904572273338
37.9,1.5792573923226951,1.0184398851334695
37.910000000000004,1.571807203673723,1.0321494021258952
37.92,1.5397168829372443,1.029679566380869
37.93,1.4835718832817832,1.0111402296732142
37.94,1.4043153152385213,0.9768738109652803
37.95,1.3032214891076348,0.9274384399568515
37.96,1.18187066695903,0.8635941330613609
37.97,1.0421269078528947,0.7862936967354923
37.980000000000004,0.886119035753266,0.6966781709681091
37.99,0.7162229431060478,0.5960747870608365
38.0,0.5350421149026219,0.4859940696215238
38.01,0.3453827532348168,0.36812219757494424
38.02,0.15022033891793024,0.24430519016289767
38.03,-0.04734420753706858,0.11652280804041387
38.04,-0.244138708638478,-0.013148044485819143
38.050000000000004,-0.4369821712890227,-0.1425785985369313
38.06,-0.6227517067593337,-0.26963866304539946
38.07,-0.7984491731764893,-0.39224772861483803
38.08,-0.961262742135612,-0.5084221778478878
38.09,-1.1086194771137785,-0.6163149183729704
38.1,-1.2382266050978976,-0.7142453289981796
38.11,-1.3481010843991443,-0.8007193063595173
38.12,-1.4365888755255265,-0.8744409737989107
38.13,-1.5023766046646998,-0.9343188632021345
38.14,-1.5444988044658463,-0.9794698390541038
38.15,-1.562343555536472,-1.009223634685934
38.160000000000004,-1.5556582740461293,-1.0231297548164953
38.17,-1.5245559045707362,-1.0209669758267
38.18,-1.4695202801898164,-1.0027541440403058
38.19,-1.3914082905229446,-0.9687598196420089
38.2,-1.2914460340700422,-0.9195078208936148
38.21,-1.171216433270492,-0.8557759989845747
38.22,-1.0326367741503832,-0.7785865327379777
38.230000000000004,-0.8779260441571686,-0.6891874210067082
38.24,-0.7095634278022341,-0.5890263149348915
38.25,-0.5302405162286351,-0.479719008847208
38.26,-0.3428104115642053,-0.36301551590881737
38.27,-0.15023682857861664,-0.24076656249287073
38.28,0.04445443581416701,-0.11489259390112093
38.29,0.238220466110142,0.012643791267045203
38.300000000000004,0.4280427152510586,0.13986234831981637
38.31,0.6109661683312981,0.2647880602792742
38.32,0.7841378925330058,0.3854743462029176
38.33,0.9448465894863961,0.5000284603865441
38.34,1.0905640519359372,0.6066402026359181
38.35,1.2189882839640478,0.7036138926686017
38.36,1.3280867797299218,0.7894022711628003
38.37,1.4161374117270067,0.8626399185823423
38.38,1.481763845828678,0.9221732208181264
38.39,1.5239625404430577,0.9670840214036455
38.4,1.5421191957676528,0.9967048782641142
38.410000000000004,1.5360138226813145,1.0106251146975964
38.42,1.5058150992308688,1.008688319582904
38.43,1.4520660238544651,0.9909832588352093
38.44,1.375663741463873,0.95783099255127
38.45,1.277836608194166,0.9097711479173302
38.46,1.1601210345075612,0.8475497393895177
38.47,1.0243395406196065,0.7721097922065835
38.480000000000004,0.8725800509725216,0.6845845919914709
38.49,0.7071750980214102,0.5862920050445056
38.5,0.5306786407391447,0.47872733205028417
38.51,0.3458378765118292,0.36355181884210735
38.52,0.15555782918071928,0.24257434399805103
38.53,-0.03714245230427359,0.11772485076077394
38.54,-0.22918178922193244,-0.00898044873325933
38.550000000000004,-0.4174750325049119,-0.13548053161961765
38.56,-0.5989944002934442,-0.2597148575677687
38.57,-0.7708302144995617,-0.37966896749963314
38.58,-0.930247277209301,-0.4934168654145566
38.59,-1.0747338432538358,-0.5991573600719288
38.6,-1.2020413783356385,-0.6952427559908563
38.61,-1.3102147498394716,-0.7801997166960369
38.62,-1.3976138444698971,-0.8527434422275298
38.63,-1.4629285461069803,-0.9117872111583144
38.64,-1.5051893498869373,-0.9564496466844673
38.65,-1.5237755958488424,-0.9860617390326665
38.660000000000004,-1.5184224935995243,-1.0001748095180236
38.67,-1.4892270160598506,-0.9985694736671504
38.68,-1.4366516630057917,-0.9812645501192676
38.69,-1.3615243163924178,-0.9485240515919156
38.7,-1.2650321280408885,-0.9008600829915978
38.71,-1.1487076644689482,-0.8390297281615168
38.72,-1.0144063083704247,-0.7640247557638901
38.730000000000004,-0.8642749859118848,-0.6770540208920132
38.74,-0.7007133896953474,-0.5795195184626611
38.75,-0.5263297345494969,-0.47298789322082097
38.76,-0.3438935186892282,-0.35915963117907906
38.77,-0.1562876816354278,-0.23983806446443953
38.78,0.033537999606935244,-0.1168997641537512
38.79,0.22261128846427006,0.007732961045874542
38.800000000000004,0.40797957379821037,0.13211766109044215
38.81,0.5867503349935528,0.25431636986542033
38.82,0.7561310253959871,0.3724205472634721
38.83,0.9134693112288778,0.4845775091540829
38.84,1.0562940686257205,0.5890189625722355
38.85,1.1823567216253907,0.6840914213509229
38.86,1.289671623065939,0.7682873716965144
38.87,1.3765534806045066,0.8402753306444329
38.88,1.4416495098965987,0.8989265915991347
38.89,1.4839641598700835,0.9433365840987378
38.9,1.5028748833627485,0.9728393721155145
38.910000000000004,1.4981383853561667,0.9870147420368884
38.92,1.4698878522891605,0.9856883699290842
38.93,1.41862260191948,0.9689264606719459
38.94,1.3451921788265722,0.937026804471363
38.95,1.2507770264215465,0.8905082703348894
38.96,1.1368674804363983,0.8301003401633138
38.97,1.0052420596710354,0.756733490274895
38.980000000000004,0.8579450789932725,0.6715302517483516
38.99,0.6972627224573591,0.5757958726693043
39.0,0.5256961195683262,0.4710068931754644
39.01,0.3459298216411594,0.35879578473655055
39.02,0.16079442456460036,0.24093014510524008
39.03,-0.02677714451267543,0.11928570618239163
39.04,-0.21379914108719,-0.0041865715221911255
39.050000000000004,-0.3972867510939597,-0.1274980106802937
39.06,-0.5743116967517261,-0.24866221292742122
39.07,-0.7420569186417674,-0.36573500072818993
39.08,-0.8978676341196266,-0.4768518360036547
39.09,-1.039296612387567,-0.5802607694757687
39.1,-1.1641423709717884,-0.6743498186507701
39.11,-1.2704799830409677,-0.757668633320835
39.12,-1.3566850668056931,-0.8289451625954678
39.13,-1.4214521185820403,-0.8870985986615022
39.14,-1.4638085397688405,-0.9312500300778492
39.15,-1.4831254867242678,-0.9607319837948303
39.160000000000004,-1.4791261329404877,-0.975097462510752
39.17,-1.451891240326329,-0.9741283583902031
39.18,-1.4018612864595172,-0.9578424417530814
39.19,-1.329833964035709,-0.9264976612969494
39.2,-1.2369557722748845,-0.88059236597391
39.21,-1.1247066845530904,-0.820860294997371
39.22,-0.9948774373907249,-0.7482597172982522
39.230000000000004,-0.8495397064726091,-0.6639567987108469
39.24,-0.6910101435220191,-0.569303962509609
39.25,-0.5218097804991065,-0.4658145238413873
39.26,-0.3446205511098758,-0.3551351078088696
39.27,-0.1622405967109737,-0.2390172674925803
39.28,0.02246033989037415,-0.11928934802492398
39.29,0.206584659268201,0.0021708896013406084
39.300000000000004,0.38724956054794035,0.12346291463860748
39.31,0.5616287906286379,0.24268977817785653
39.32,0.7269938428040672,0.3579847672620637
39.33,0.8807548519942767,0.46753883637892835
39.34,1.0205010829817136,0.5696289227899636
39.35,1.1440404170167855,0.6626467403323002
39.36,1.2494367510450224,0.7451271316224366
39.37,1.335043873620553,0.8157746823669433
39.38,1.399534277633776,0.8734871694894256
39.39,1.4419215552192235,0.9173745703006232
39.4,1.4615754644851955,0.9467727732723694
39.410000000000004,1.4582293661395016,0.9612517076279388
39.42,1.4319803653609695,0.9606182141110797
39.43,1.3832830191502437,0.9449144721733514
39.44,1.3129377700285902,0.9144130680794792
39.45,1.222075288414901,0.8696097797076732
39.46,1.1121376631883952,0.8112148824853112
39.47,0.98485695271371,0.7401433273664424
39.480000000000004,0.8422311209327775,0.6575036304207026
39.49,0.6864969715516226,0.5645848813926647
39.5,0.5200994728369884,0.46284104079487026
39.51,0.3456569014204955,0.35387171728582545
39.52,0.16592152615802339,0.23939889979842363
39.53,-0.01626396099027552,0.1212395987407088
39.54,-0.19801349152854855,0.0012749170139329847
39.550000000000004,-0.37644684752372043,-0.11858340521733256
39.56,-0.5487394152056114,-0.2364275652586841
39.57,-0.7121706947153119,-0.3503878595236098
39.58,-0.8641699388826508,-0.4586650294765558
39.59,-1.0023576552844777,-0.5595597339000784
39.6,-1.1245821960510403,-0.6514985596811024
39.61,-1.2289511653296963,-0.7330564657350399
39.62,-1.3138577855665052,-0.8029759403033074
39.63,-1.378002601919619,-0.860183362184694
39.64,-1.4204109383198884,-0.90380306109122
39.65,-1.440446371044064,-0.9331693938643407
39.660000000000004,-1.4378202226693115,-0.9478368587466749
39.67,-1.4125967926979341,-0.9475879515560115
39.68,-1.3651938233750545,-0.9324382183512168
39.69,-1.2963776198696466,-0.9026378491052486
39.7,-1.207252333306214,-0.8586692167170326
39.71,-1.09924315831791,-0.801239981054586
39.72,-0.9740735401802642,-0.7312716953793686
39.730000000000004,-0.8337368533497831,-0.6498841960155219
39.74,-0.6804633243816111,-0.5583763468699237
39.75,-0.5166831669656747,-0.4582038879336491
39.76,-0.3449869472836445,-0.35095517356310024
39.77,-0.1680841142815205,-0.2383254926071587
39.78,0.011239544907692628,-0.12209048180133036
39.79,0.19016496638785482,-0.004078939276020354
39.800000000000004,0.36588299552239695,0.11385481909998249
39.81,0.5356373864052115,0.22985899334835885
39.82,0.6967672804845999,0.34211262323909386
39.83,0.8467487157971023,0.4488539753077568
39.84,0.9832345537812225,0.5484085849400642
39.85,1.10409205203541,0.6392163671098544
39.86,1.2074372138107472,0.7198570891888351
39.87,1.2916650471352595,0.7890734762514922
39.88,1.355474979927427,0.8457913055250237
39.89,1.3978908841699742,0.8891360244133327
39.9,1.4182754198548488,0.9184456539825218
39.910000000000004,1.4163386635715125,0.9332799629890123
39.92,1.3921411860334911,0.9334260657036324
39.93,1.3460918534683455,0.9189006763698158
39.94,1.2789406418539784,0.8899492368361533
39.95,1.191766690402192,0.8470420421662642
39.96,1.0859617230142466,0.7908673638196917
39.97,0.9632088844435854,0.7223214625577958
39.980000000000004,0.8254570170055805,0.6424953393545423
39.99,0.6748904707676291,0.5526581195247688
40.0,0.5138946957542928,0.4542371038560489
40.01,0.3449198054209621,0.34869667146177663
40.02,0.17090640282915506,0.23797853146586948
40.03,-0.005395505155516601,0.12383796540767038
40.04,-0.1813769194865781,0.007908707129537946
40.050000000000004,-0.35444904630642426,-0.1081613943198491
40.06,-0.5219134791025368,-0.22256619482660117
40.07,-0.6809894657837174,-0.33335451336614935
40.08,-0.8290098409121961,-0.4386126773473853
40.09,-0.9636333985603202,-0.536664754909608
40.1,-1.0829060463917537,-0.6261233796602819
40.11,-1.1851485066847314,-0.7057690697672053
40.12,-1.2688122629005778,-0.7743994753116928
40.13,-1.3324700395179567,-0.8308145654479636
40.14,-1.3749710038476888,-0.8739680252839506
40.15,-1.3956275819020718,-0.9031521855520759
40.160000000000004,-1.394267786563206,-0.91805079225397
40.17,-1.3711139681233848,-0.9186205397354408
40.18,-1.3266113145416878,-0.904924296071482
40.19,-1.2613706151913733,-0.8770800752359355
40.2,-1.176272188340729,-0.8353725117839755
40.21,-1.07261716299918,-0.7804132387275424
40.22,-0.9521637769195092,-0.7131880676332594
40.230000000000004,-0.816994934531729,-0.6349371071342629
40.24,-0.6693221195161964,-0.5469724061926643
40.25,-0.5113864164030291,-0.45059327874955435
40.26,-0.34551806961934584,-0.34716042747843256
40.27,-0.17425972994752667,-0.23823407459267862
40.28,-0.00039651250977076473,-0.12561936697539053
40.29,0.1731736288288407,-0.01125242208308978
40.300000000000004,0.3436422311139645,0.1029865183526182
40.31,0.5084103548442273,0.2153784422764873
40.32,0.6650527667347684,0.3243162263827913
40.33,0.8112029374247104,0.4281772318224439
40.34,0.9445089952884934,0.5252678029234774
40.35,1.0627381280899781,0.6139172033422364
40.36,1.163960372919105,0.6926523164964042
40.37,1.246664404096659,0.760306223315973
40.38,1.3097220799406828,0.8159776799887323
40.39,1.3522612367588331,0.8589008588940286
40.4,1.373589105920913,0.8883674189396044
40.410000000000004,1.3732531193102204,0.9037875254501483
40.42,1.3511875211897928,0.9048384138427545
40.43,1.3078075328865622,0.8915625577977858
40.44,1.2439603958806338,0.8643248783965328
40.45,1.1607766303165823,0.8236720703794954
40.46,1.059555142457411,0.770227211433542
40.47,0.9417763645948242,0.7047134994609217
40.480000000000004,0.8092084995849743,0.6280721634005028
40.49,0.6639788073445045,0.5415466291424876
40.5,0.5085137398463672,0.4466367403655006
40.51,0.34537601736428586,0.3449507821764389
40.52,0.17712252133939926,0.23807862809632926
40.53,0.00628257467576181,0.1275851350399261
40.54,-0.16456288134927022,0.015104161088032992
40.550000000000004,-0.3327185093900132,-0.0975840146864803
40.56,-0.49542833659799446,-0.2085920256973706
40.57,-0.6500324073838843,-0.31606816975403484
40.58,-0.7941132163473685,-0.418329981983389
40.59,-0.9255290719700351,-0.5138862003431728
40.6,-1.0423399269534612,-0.6013527700560316
40.61,-1.142731973626119,-0.6793690528773837
40.62,-1.2250437324374646,-0.7466168736348331
40.63,-1.287893614650236,-0.8019425438984498
40.64,-1.3303074461932551,-0.844480707773893
40.65,-1.3517418170055455,-0.8736761596897349
40.660000000000004,-1.3519963707934262,-0.8891967372756999
40.67,-1.3311102458809854,-0.890832227530898
40.68,-1.2893466616228422,-0.8784830061601245
40.69,-1.227278247822196,-0.8522509591969718
40.7,-1.1458836928282463,-0.8125434202826392
40.71,-1.0465519718244956,-0.7600865044149347
40.72,-0.9309762399825476,-0.6958297752237641
40.730000000000004,-0.8010213909977455,-0.620825840344497
40.74,-0.6586691193626695,-0.5361882848626083
40.75,-0.5060643949515352,-0.44315163580631717
40.76,-0.34558606597410946,-0.34315608219475185
40.77,-0.1798395304831425,-0.2378549064257354
40.78,-0.011543693618946207,-0.12901663730606097
40.79,0.0,0.0
