Frequency,Magnitude
0.0,0.00019182410835345956
0.0049997500124993755,0.003371222096511375
0.009999500024998751,0.00612188662599636
0.014999250037498127,0.015365143037799211
0.019999000049997502,0.0017574234699139946
0.024998750062496876,0.015199664662676454
0.029998500074996253,0.011252933746429182
0.03499825008749563,0.0060762986506608056
0.039998000099995004,0.007757823808278094
0.04499775011249438,0.013433364915431472
0.04999750012499375,0.0061449884719123465
0.05499725013749313,0.012919357021927272
0.059997000149992506,0.004501566846002292
0.06499675016249189,0.0004207118327469202
0.06999650017499126,0.005414424727235443
0.07499625018749063,0.007289831413646875
0.07999600019999001,0.0010829291656075316
0.08499575021248938,0.003049244020173368
0.08999550022498876,0.0055026981533469535
0.09499525023748813,0.006654993752631933
0.0999950002499875,0.002390683189246677
0.10499475026248689,0.007735124340904065
0.10999450027498626,0.002001294681987906
0.11499425028748564,0.00802439712811236
0.11999400029998501,0.005416171595232538
0.12499375031248439,0.0045151760653008004
0.12999350032498377,0.008004131256455656
0.13499325033748313,0.0055734231169229185
0.13999300034998252,0.0021074155897124504
0.14499275036248188,0.012154929797387715
0.14999250037498127,0.011532273461552882
0.15499225038748063,0.006791647353067503
0.15999200039998002,0.0031985708642248236
0.1649917504124794,0.0019555645398760865
0.16999150042497876,0.008702395876125715
0.17499125043747815,0.01217198181652009
0.1799910004499775,0.002617887859008269
0.1849907504624769,0.0035819933370540217
0.18999050047497626,0.004310432862103249
0.19499025048747565,0.0010559699371994577
0.199990000499975,0.004585782150852541
0.2049897505124744,0.0003308035777548017
0.20998950052497378,0.005029680849069683
0.21498925053747314,0.009135675653342655
0.21998900054997253,0.0006604314755032573
0.2249887505624719,0.0060415105370763824
0.22998850057497128,0.005335007180289844
0.23498825058747064,0.018246123956576422
0.23998800059997002,0.0055133998299355435
0.2449877506124694,0.010505153344872793
0.24998750062496877,0.01057285193064111
0.25498725063746813,0.007206362754115449
0.25998700064996755,0.0064176908176208185
0.2649867506624669,0.0018130367260950889
0.26998650067496627,0.005958228254655197
0.2749862506874656,0.008117495660482846
0.27998600069996504,0.009618424159992901
0.2849857507124644,0.007401503587470808
0.28998550072496376,0.005715420584832115
0.2949852507374632,0.0061119675244807005
0.29998500074996254,0.007018597224702561
0.3049847507624619,0.003693881682358761
0.30998450077496126,0.00353286341976844
0.3149842507874607,0.008750854349030227
0.31998400079996003,0.006053683622831906
0.3249837508124594,0.00855626026513459
0.3299835008249588,0.0054156251447545715
0.33498325083745817,0.0008311660885096291
0.33998300084995753,0.012474085204350612
0.3449827508624569,0.007690587512754568
0.3499825008749563,0.005535143077582289
0.35498225088745566,0.006481761847055485
0.359982000899955,0.008563613798041112
0.36498175091245444,0.007973810117257044
0.3699815009249538,0.008249236982195932
0.37498125093745316,0.0028164560983025117
0.3799810009499525,0.008855909165426766
0.38498075096245193,0.01169873598044296
0.3899805009749513,0.003072895591284247
0.39498025098745065,0.006019590150465048
0.39998000099995,0.0020716223965792846
0.40497975101244943,0.0036763906865125025
0.4099795010249488,0.007953549236186975
0.41497925103744815,0.004707016621326713
0.41997900104994756,0.007235448510437334
0.4249787510624469,0.009490981380776775
0.4299785010749463,0.005802935054546388
0.43497825108744564,0.006636337895939879
0.43997800109994506,0.006618961829537586
0.4449777511124444,0.004270141178561529
0.4499775011249438,0.00044832874364990723
0.4549772511374432,0.0030630462038614002
0.45997700114994255,0.003145204000871562
0.4649767511624419,0.006658448210959652
0.4699765011749413,0.006393097088202147
0.4749762511874407,0.004492549096685664
0.47997600119994005,0.011472400701788994
0.4849757512124394,0.008506150913335895
0.4899755012249388,0.002022083835864834
0.4949752512374382,0.009078609396560088
0.49997500124993755,0.0008424720092668464
0.504974751262437,0.008059056285569853
0.5099745012749363,0.0031401221311329764
0.5149742512874357,0.003862055337315142
0.5199740012999351,0.005642962476690744
0.5249737513124344,0.01202845181099746
0.5299735013249338,0.008526693176783003
0.5349732513374332,0.00397124329139165
0.5399730013499325,0.0027734293728222067
0.544972751362432,0.003459538994595879
0.5499725013749313,0.005354439719742366
0.5549722513874307,0.008918254066651641
0.5599720013999301,0.012372462718666351
0.5649717514124294,0.004477729499464403
0.5699715014249288,0.009097829149179764
0.5749712514374282,0.010246350981368436
0.5799710014499275,0.004012472392321626
0.5849707514624269,0.008109302192120865
0.5899705014749264,0.010799817401369857
0.5949702514874257,0.006333528817152784
0.5999700014999251,0.007538530694571876
0.6049697515124245,0.010712739901655048
0.6099695015249238,0.011318817436706345
0.6149692515374232,0.01200526957473204
0.6199690015499225,0.002399048504310403
0.6249687515624219,0.002205464839652105
0.6299685015749213,0.0025073716577199185
0.6349682515874207,0.0026248546488817207
0.6399680015999201,0.010417680179338747
0.6449677516124195,0.004383005608125359
0.6499675016249188,0.004639481189195351
0.6549672516374182,0.005201218721740229
0.6599670016499176,0.007552344194794866
0.6649667516624169,0.010275676672496164
0.6699665016749163,0.0036905815241630047
0.6749662516874156,0.00966364877210584
0.6799660016999151,0.012997509235194432
0.6849657517124145,0.003748793014570144
0.6899655017249138,0.006824011866053391
0.6949652517374132,0.005880629398398162
0.6999650017499126,0.00375676526233129
0.7049647517624119,0.004619181178613749
0.7099645017749113,0.002905394662752685
0.7149642517874107,0.0082287444662899
0.71996400179991,0.007191144518669666
0.7249637518124095,0.0005999071494412315
0.7299635018249089,0.005255218689816736
0.7349632518374082,0.0026603924889595652
0.7399630018499076,0.005256833223968572
0.7449627518624069,0.011799017574619628
0.7499625018749063,0.005196029147529392
0.7549622518874057,0.006381428508985263
0.759962001899905,0.008769382170923976
0.7649617519124045,0.004393297679037365
0.7699615019249039,0.00974651798972674
0.7749612519374032,0.0049880870693327205
0.7799610019499026,0.002274965281026111
0.784960751962402,0.004179304010486872
0.7899605019749013,0.006558127676547573
0.7949602519874007,0.0018895349880421934
0.7999600019999,0.007027302076868537
0.8049597520123994,0.00284083808555699
0.8099595020248989,0.0022068908605447192
0.8149592520373982,0.005354440239942972
0.8199590020498976,0.0040767882511139955
0.824958752062397,0.00482207764012068
0.8299585020748963,0.011214768930233161
0.8349582520873957,0.005731333041091461
0.8399580020998951,0.00850865465900811
0.8449577521123944,0.008542157878037413
0.8499575021248938,0.012581197134595884
0.8549572521373933,0.0016325872342019543
0.8599570021498926,0.0014856551953489946
0.864956752162392,0.0036844411869416996
0.8699565021748913,0.005278822884435019
0.8749562521873907,0.0053074141073652095
0.8799560021998901,0.007361386299910434
0.8849557522123894,0.006211964136009217
0.8899555022248888,0.0025510785930786426
0.8949552522373883,0.0005533859437852817
0.8999550022498876,0.008893555462747971
0.904954752262387,0.007535700470909637
0.9099545022748864,0.007506039393628294
0.9149542522873857,0.004854087938751631
0.9199540022998851,0.011890796536570209
0.9249537523123845,0.0030764429023908534
0.9299535023248838,0.007029817072599436
0.9349532523373832,0.006307933076036446
0.9399530023498825,0.01059439260749999
0.944952752362382,0.004779134377263726
0.9499525023748814,0.003620979568950171
0.9549522523873807,0.005495139766097777
0.9599520023998801,0.004990446363159343
0.9649517524123795,0.0038217814004165634
0.9699515024248788,0.007510669665458483
0.9749512524373782,0.004668368742449248
0.9799510024498777,0.0073034736471423245
0.984950752462377,0.0007456720887770723
0.9899505024748764,0.00548095813313641
0.9949502524873757,0.005863638373477062
0.9999500024998751,0.0022192581186537296
1.0049497525123745,0.010544431709335165
1.009949502524874,0.008484639151875398
1.0149492525373733,0.009851708300654185
1.0199490025498725,0.0027093739442436747
1.024948752562372,0.00422274613073085
1.0299485025748714,0.004268872227862812
1.0349482525873708,0.005867220848008909
1.0399480025998702,0.004630262683803061
1.0449477526123694,0.013763467473898125
1.0499475026248688,0.0038965227595866418
1.0549472526373682,0.002387773414710025
1.0599470026498676,0.0024085853717283495
1.064946752662367,0.0025611842421248646
1.0699465026748665,0.004469958902151557
1.0749462526873657,0.00709135519458146
1.079946002699865,0.0014554213126609585
1.0849457527123645,0.002266729250737772
1.089945502724864,0.003719674907278024
1.0949452527373633,0.002061506108840393
1.0999450027498625,0.009078418742878163
1.104944752762362,0.004969311097179702
1.1099445027748613,0.001742512770304781
1.1149442527873608,0.0015986154669456556
1.1199440027998602,0.009202871147544605
1.1249437528123596,0.011645746717871193
1.1299435028248588,0.006583968832880266
1.1349432528373582,0.0046760453539015714
1.1399430028498576,0.010876242492729884
1.144942752862357,0.00647892001235033
1.1499425028748564,0.005406439549713754
1.1549422528873556,0.0067993591364852125
1.159942002899855,0.01666572189628621
1.1649417529123545,0.0025299153250799215
1.1699415029248539,0.009839294254538238
1.1749412529373533,0.005168208161224063
1.1799410029498527,0.005465970599200993
1.184940752962352,0.004912544656584242
1.1899405029748513,0.003752125609166339
1.1949402529873507,0.005832294902391843
1.1999400029998502,0.00819566310271346
1.2049397530123496,0.0020953914529836895
1.209939503024849,0.007838265931485093
1.2149392530373482,0.008991866748029233
1.2199390030498476,0.011624178702654609
1.224938753062347,0.006041260545528019
1.2299385030748464,0.004795944240772998
1.2349382530873458,0.004794312605211685
1.239938003099845,0.008873829959915204
1.2449377531123444,0.004062914588790293
1.2499375031248439,0.017349417082780698
1.2549372531373433,0.009338158528565768
1.2599370031498427,0.0058975339513960565
1.264936753162342,0.004903332249752581
1.2699365031748413,0.00791880745605099
1.2749362531873407,0.01067689888744367
1.2799360031998401,0.004075819452054224
1.2849357532123395,0.007784700353844213
1.289935503224839,0.012384729160282028
1.2949352532373382,0.006548530316654754
1.2999350032498376,0.009223199758331007
1.304934753262337,0.004705175878655475
1.3099345032748364,0.004542430054646801
1.3149342532873358,0.0032925060641581503
1.3199340032998352,0.0006187399092025087
1.3249337533123344,0.001583216895755737
1.3299335033248338,0.005253853980276426
1.3349332533373333,0.004535841151718138
1.3399330033498327,0.005291168598566962
1.344932753362332,0.012358418246326355
1.3499325033748313,0.007123241647726574
1.3549322533873307,0.004541584069813132
1.3599320033998301,0.004368626358727704
1.3649317534123295,0.005107119921687106
1.369931503424829,0.002593043422063977
1.3749312534373284,0.0013825348049171752
1.3799310034498276,0.0064153303220586535
1.384930753462327,0.0034531687064920176
1.3899305034748264,0.009379138796136284
1.3949302534873258,0.016918468054392944
1.3999300034998252,0.007774450269413318
1.4049297535123246,0.010248237206613012
1.4099295035248238,0.008674303058259482
1.4149292535373232,0.006648858855035785
1.4199290035498227,0.0049512293065890585
1.424928753562322,0.001486500525093605
1.4299285035748215,0.00717164508036896
1.4349282535873207,0.01099591167931732
1.43992800359982,0.006493036698753979
1.4449277536123195,0.00954295142291592
1.449927503624819,0.011005573329146569
1.4549272536373183,0.0020329172046641706
1.4599270036498178,0.007014413921980363
1.464926753662317,0.005445980120859917
1.4699265036748164,0.0024515975628055012
1.4749262536873158,0.006135176689856645
1.4799260036998152,0.004201217768310704
1.4849257537123146,0.006747617223764921
1.4899255037248138,0.004692189561201369
1.4949252537373132,0.013629080672453824
1.4999250037498126,0.010254640782013337
1.504924753762312,0.0035281085732424035
1.5099245037748115,0.002148040555592994
1.5149242537873109,0.006011888394310897
1.51992400379981,0.005223323111708553
1.5249237538123095,0.0028346694336327614
1.529923503824809,0.009108598726283005
1.5349232538373083,0.0016411628546558876
1.5399230038498077,0.0047580929700295595
1.544922753862307,0.0017489217306344957
1.5499225038748063,0.007228543286448805
1.5549222538873058,0.003071599830614739
1.5599220038998052,0.006757800120331394
1.5649217539123046,0.003259133090241787
1.569921503924804,0.005213369598273759
1.5749212539373032,0.002932810551353619
1.5799210039498026,0.00714438224760628
1.584920753962302,0.0162577226830775
1.5899205039748014,0.0024257370971486137
1.5949202539873009,0.009475598737055448
1.5999200039998,0.003726937585349458
1.6049197540122995,0.009295521113685843
1.6099195040247989,0.0036250700623931794
1.6149192540372983,0.005834997143664842
1.6199190040497977,0.008451643457100774
1.6249187540622971,0.007627651242428547
1.6299185040747963,0.004304705432664306
1.6349182540872957,0.004763309393679284
1.6399180040997952,0.009513691258237384
1.6449177541122946,0.005384660611955978
1.649917504124794,0.003138900272291105
1.6549172541372934,0.005452056393932886
1.6599170041497926,0.003660497708328654
1.664916754162292,0.0025593859179067553
1.6699165041747914,0.003932216728038149
1.6749162541872908,0.010484991294297794
1.6799160041997903,0.0038028611321688183
1.6849157542122895,0.009944684827331624
1.6899155042247889,0.00978452826509344
1.6949152542372883,0.006001511565054775
1.6999150042497877,0.0037248600779854054
1.7049147542622871,0.005209196958038104
1.7099145042747865,0.004309184126119126
1.7149142542872857,0.003940710344847022
1.7199140042997851,0.009733483014509388
1.7249137543122846,0.0032793454994197798
1.729913504324784,0.0057826574290778835
1.7349132543372834,0.008779382736003202
1.7399130043497826,0.015571026389240086
1.744912754362282,0.007912934151653322
1.7499125043747814,0.0038872004835384636
1.7549122543872808,0.0074431597864615465
1.7599120043997802,0.002703693516895656
1.7649117544122797,0.01237556454902462
1.7699115044247788,0.003340670433145671
1.7749112544372783,0.01007186513965528
1.7799110044497777,0.008794789820332015
1.784910754462277,0.006543554323874578
1.7899105044747765,0.006461670491156057
1.7949102544872757,0.00281286341004345
1.7999100044997751,0.003417965739906271
1.8049097545122745,0.009014742820004296
1.809909504524774,0.005682487715025089
1.8149092545372734,0.003965483928622578
1.8199090045497728,0.00712133345956237
1.824908754562272,0.003371561246287872
1.8299085045747714,0.009856471473724444
1.8349082545872708,0.004588571828858064
1.8399080045997702,0.0031981128692965474
1.8449077546122696,0.004007345105726567
1.849907504624769,0.008398725461361408
1.8549072546372682,0.00936104906364765
1.8599070046497677,0.01143486993644542
1.864906754662267,0.011112898297615654
1.8699065046747665,0.005773981367524024
1.874906254687266,0.006655165039909815
1.879906004699765,0.005894384796612895
1.8849057547122645,0.0011029255006546968
1.889905504724764,0.006833671641478937
1.8949052547372633,0.006009313213099632
1.8999050047497628,0.006744304659771776
1.9049047547622622,0.005408761890394488
1.9099045047747614,0.001972583330067527
1.9149042547872608,0.0024759976207180674
1.9199040047997602,0.004550984285188317
1.9249037548122596,0.0021056261804094692
1.929903504824759,0.001388047853750377
1.9349032548372582,0.003999070016425175
1.9399030048497576,0.007897877881031527
1.944902754862257,0.002455701142329829
1.9499025048747565,0.008812710658069782
1.9549022548872559,0.0020623093728953748
1.9599020048997553,0.006998819624101138
1.9649017549122545,0.005702522746718773
1.969901504924754,0.004823955021382726
1.9749012549372533,0.011044568204409954
1.9799010049497527,0.005868788726235129
1.9849007549622522,0.002698896023120781
1.9899005049747513,0.01231303979275905
1.9949002549872508,0.0009446118558803035
1.9999000049997502,0.006363364516984032
2.0048997550122496,0.004484651471322463
2.009899505024749,0.010185569465629428
2.0148992550372484,0.004120762101719155
2.019899005049748,0.00828779158478145
2.0248987550622473,0.004592345817037451
2.0298985050747467,0.0065797272666797985
2.0348982550872456,0.006782795923127079
2.039898005099745,0.004042735985259899
2.0448977551122445,0.004044233376025147
2.049897505124744,0.012476725747075493
2.0548972551372433,0.001672937263908909
2.0598970051497427,0.002711874258285712
2.064896755162242,0.00872260647324682
2.0698965051747416,0.00201531013673446
2.074896255187241,0.005300661611542195
2.0798960051997404,0.009036238755346235
2.08489575521224,0.0073093514313855535
2.0898955052247388,0.006480754392777443
2.094895255237238,0.005821100978014161
2.0998950052497376,0.003913621711223589
2.104894755262237,0.0006711292203938585
2.1098945052747364,0.0031686770896927944
2.114894255287236,0.0029983228575987597
2.1198940052997353,0.0021356173323459197
2.1248937553122347,0.006164151904463485
2.129893505324734,0.0039311318752704195
2.1348932553372335,0.009382006308184865
2.139893005349733,0.0019604793130191278
2.144892755362232,0.012453877945273004
2.1498925053747313,0.0043514262834677036
2.1548922553872307,0.005970756795362415
2.15989200539973,0.012191426880511329
2.1648917554122296,0.008340473472546073
2.169891505424729,0.0049644501217068
2.1748912554372284,0.008448023049361231
2.179891005449728,0.0024404490589432725
2.184890755462227,0.0016190624733377938
2.1898905054747266,0.007438643222491075
2.194890255487226,0.006178634262436011
2.199890005499725,0.0018993629946826621
2.2048897555122244,0.0057606527646985066
2.209889505524724,0.005690525887869019
2.2148892555372233,0.0018293291046841739
2.2198890055497227,0.006469592556324159
2.224888755562222,0.005424710448146253
2.2298885055747215,0.0027730071023661846
2.234888255587221,0.0023999928762397384
2.2398880055997203,0.0033812786881562734
2.2448877556122198,0.0026507465620480776
2.249887505624719,0.01071326338361738
2.254887255637218,0.010284576796829903
2.2598870056497176,0.0003978404558500588
2.264886755662217,0.004309518363049828
2.2698865056747164,0.003390514718805991
2.274886255687216,0.005919065334962051
2.2798860056997152,0.014989786626890253
2.2848857557122146,0.0039134233049629595
2.289885505724714,0.009502912587108009
2.2948852557372135,0.003952025904034747
2.299885005749713,0.004061802685165801
2.3048847557622123,0.005732015857447684
2.3098845057747113,0.005439473444281413
2.3148842557872107,0.005172366834585584
2.31988400579971,0.012723670421619588
2.3248837558122095,0.0030581608234780846
2.329883505824709,0.007936028895673046
2.3348832558372083,0.004483014780258899
2.3398830058497078,0.0070793066080769825
2.344882755862207,0.004653233655642914
2.3498825058747066,0.0082666586674824
2.354882255887206,0.005311079353253491
2.3598820058997054,0.0026525649713932302
2.364881755912205,0.006200931456056369
2.369881505924704,0.0021343425909275695
2.3748812559372032,0.004260316674495818
2.3798810059497026,0.009450171395084866
2.384880755962202,0.003579292498999034
2.3898805059747015,0.009936760492106868
2.394880255987201,0.005375175672482015
2.3998800059997003,0.006961550747753231
2.4048797560121997,0.011067481669196423
2.409879506024699,0.008834219509500044
2.4148792560371986,0.004319198902431461
2.419879006049698,0.00616436889806768
2.424878756062197,0.003189993432201699
2.4298785060746964,0.005442128551226373
2.4348782560871958,0.014141291498266668
2.439878006099695,0.01075382646571798
2.4448777561121946,0.003869369020406002
2.449877506124694,0.004575520952073653
2.4548772561371934,0.009996373121024398
2.459877006149693,0.004665541139311352
2.4648767561621923,0.005660087735058836
2.4698765061746917,0.007452912735802676
2.474876256187191,0.003459500781187042
2.47987600619969,0.002004814740027236
2.4848757562121895,0.010871336640409686
2.489875506224689,0.002316420120032681
2.4948752562371883,0.004105330776236273
2.4998750062496877,0.011128051999270845
2.504874756262187,0.003552056470297536
2.5098745062746866,0.0057963921313721285
2.514874256287186,0.005208776930725448
2.5198740062996854,0.0065145147550616156
2.524873756312185,0.009369192239355275
2.529873506324684,0.006945626725757631
2.534873256337183,0.007546326453060045
2.5398730063496826,0.0021600537653953837
2.544872756362182,0.009237134227218745
2.5498725063746814,0.003499010963241872
2.554872256387181,0.004276561420229835
2.5598720063996803,0.00588487847170703
2.5648717564121797,0.005241415730011437
2.569871506424679,0.010503575974991172
2.5748712564371785,0.003760189582836606
2.579871006449678,0.0065614117711196174
2.5848707564621773,0.00405788260776697
2.5898705064746763,0.003137278652429159
2.5948702564871757,0.009508371625882911
2.599870006499675,0.011702174388414078
2.6048697565121746,0.00291466189997541
2.609869506524674,0.0027568202312553266
2.6148692565371734,0.001580469410738949
2.619869006549673,0.0053811451268928655
2.6248687565621722,0.015515327986493601
2.6298685065746716,0.0047592176602714205
2.634868256587171,0.012495537009260316
2.6398680065996705,0.005757410996132361
2.6448677566121694,0.002913011981663327
2.649867506624669,0.0062943804323411
2.6548672566371683,0.008311494763330773
2.6598670066496677,0.0016259243189898315
2.664866756662167,0.00380590261382166
2.6698665066746665,0.01472704961018972
2.674866256687166,0.014462901478031127
2.6798660066996653,0.0033031258785537285
2.6848657567121648,0.011869032156092559
2.689865506724664,0.00499446633973321
2.6948652567371636,0.004939686666966086
2.6998650067496626,0.004425704916076853
2.704864756762162,0.009545385118754877
2.7098645067746614,0.0017265084439896847
2.714864256787161,0.006517926434114354
2.7198640067996602,0.008733612146884506
2.7248637568121596,0.005093221736039698
2.729863506824659,0.0007565026348451854
2.7348632568371585,0.00479126464626395
2.739863006849658,0.004874861845941639
2.7448627568621573,0.009295245396670052
2.7498625068746567,0.006950082853113025
2.7548622568871557,0.004242510706453914
2.759862006899655,0.009441955150945633
2.7648617569121545,0.005143195242301289
2.769861506924654,0.00807151317697178
2.7748612569371534,0.001997899854320463
2.7798610069496528,0.007122294452241721
2.784860756962152,0.004902207113169362
2.7898605069746516,0.0025653685181437186
2.794860256987151,0.0041129797750708175
2.7998600069996504,0.009127938899716052
2.80485975701215,0.006457130596598608
2.8098595070246493,0.0072132073897264075
2.8148592570371482,0.006445742944681643
2.8198590070496476,0.006821663521492039
2.824858757062147,0.009085131775253491
2.8298585070746465,0.002518519666201625
2.834858257087146,0.003515481248825251
2.8398580070996453,0.008594580118694736
2.8448577571121447,0.00514161840609509
2.849857507124644,0.0074726739957091904
2.8548572571371436,0.00045910534194325633
2.859857007149643,0.007537920717543061
2.8648567571621424,0.0055150655615753795
2.8698565071746414,0.0018690673833858375
2.8748562571871408,0.00999305963263289
2.87985600719964,0.00951019933394141
2.8848557572121396,0.0027599283396658463
2.889855507224639,0.008562169867945231
2.8948552572371384,0.004646141852778575
2.899855007249638,0.002848049571471211
2.9048547572621373,0.008127087148446566
2.9098545072746367,0.00506554376921683
2.914854257287136,0.006747647591939916
2.9198540072996355,0.004204173838551291
2.9248537573121345,0.004816988685451621
2.929853507324634,0.007400168953105739
2.9348532573371333,0.004015004651818646
2.9398530073496327,0.004291839834795736
2.944852757362132,0.01320160077630253
2.9498525073746316,0.004053214902230036
2.954852257387131,0.005083870461805218
2.9598520073996304,0.004259425250471801
2.96485175741213,0.007831293976148415
2.9698515074246292,0.0031169820402055645
2.9748512574371286,0.0014914358208436111
2.9798510074496276,0.0035230249454193427
2.984850757462127,0.007639585332713403
2.9898505074746264,0.009512916254238979
2.994850257487126,0.005499609388665216
2.9998500074996253,0.0055165646049808465
3.0048497575121247,0.003217946463321147
3.009849507524624,0.006020912617066609
3.0148492575371235,0.014072127096439714
3.019849007549623,0.0010733343420065138
3.0248487575621223,0.006990634696581897
3.0298485075746218,0.009442098725383494
3.0348482575871207,0.006125679061197013
3.03984800759962,0.005581895610339612
3.0448477576121196,0.003269786365174958
3.049847507624619,0.0035388994165187976
3.0548472576371184,0.013643797135682954
3.059847007649618,0.007666646761995603
3.0648467576621172,0.005169726439863347
3.0698465076746166,0.005403014233675026
3.074846257687116,0.006539964418915901
3.0798460076996155,0.006953422854265991
3.084845757712115,0.0061488027146306455
3.089845507724614,0.0068704939763010045
3.0948452577371133,0.009248056797535611
3.0998450077496127,0.008471602700762967
3.104844757762112,0.006535155529528907
3.1098445077746115,0.004392859105581983
3.114844257787111,0.003859388682129444
3.1198440077996104,0.006113240175627442
3.1248437578121098,0.005747548297372128
3.129843507824609,0.00817826921329751
3.1348432578371086,0.004993254789487014
3.139843007849608,0.005806793707480474
3.144842757862107,0.006538664665404944
3.1498425078746064,0.00903573420602241
3.154842257887106,0.008052278433517999
3.1598420078996052,0.0057982722045359395
3.1648417579121046,0.010775570878879155
3.169841507924604,0.008532624016609211
3.1748412579371035,0.0043254903937285415
3.179841007949603,0.015573922588552582
3.1848407579621023,0.006161729296860876
3.1898405079746017,0.008509698896367428
3.194840257987101,0.004092217163491996
3.1998400079996,0.00904086014364585
3.2048397580120995,0.012329376612282688
3.209839508024599,0.009472866756717914
3.2148392580370984,0.008382693276097027
3.2198390080495978,0.0027909097372541733
3.224838758062097,0.0019255878887824186
3.2298385080745966,0.018088267335917143
3.234838258087096,0.002004690045416795
3.2398380080995954,0.004828318654353263
3.244837758112095,0.006089011829289009
3.2498375081245943,0.00476459267951736
3.2548372581370937,0.005462529769886882
3.2598370081495927,0.004426096456001052
3.264836758162092,0.006665667495452106
3.2698365081745915,0.017716558018962537
3.274836258187091,0.005007078327955397
3.2798360081995903,0.009855118830860697
3.2848357582120897,0.003184562690407819
3.289835508224589,0.007504748416152361
3.2948352582370886,0.00265874784896565
3.299835008249588,0.008792575022391853
3.3048347582620874,0.00216305904969759
3.309834508274587,0.017091216030299155
3.3148342582870858,0.005011594653929516
3.319834008299585,0.008314193395635668
3.3248337583120846,0.009675265257896377
3.329833508324584,0.0063613546997600395
3.3348332583370834,0.006440627092811026
3.339833008349583,0.00960418155507879
3.3448327583620823,0.00795644821536255
3.3498325083745817,0.005497771093081554
3.354832258387081,0.009579041732095978
3.3598320083995805,0.005891336147879461
3.36483175841208,0.008719327843447209
3.369831508424579,0.002219171000370119
3.3748312584370783,0.0026725544798450996
3.3798310084495777,0.007413669342911401
3.384830758462077,0.007683038149823746
3.3898305084745766,0.009798235195718987
3.394830258487076,0.010687355481403002
3.3998300084995754,0.012803498396840704
3.404829758512075,0.003271002119299546
3.4098295085245742,0.015698210523654353
3.4148292585370736,0.0041719790004182125
3.419829008549573,0.0022966200848129445
3.424828758562072,0.0037151078538986628
3.4298285085745714,0.005965685501753456
3.434828258587071,0.004694299519195869
3.4398280085995703,0.005252458290121001
3.4448277586120697,0.006306670158548449
3.449827508624569,0.006513762359990773
3.4548272586370685,0.006722544013020038
3.459827008649568,0.006202144285897657
3.4648267586620674,0.004964692812116727
3.4698265086745668,0.017428192840909268
3.474826258687066,0.0034583579344649395
3.479826008699565,0.0019451097904504653
3.4848257587120646,0.005213065906529057
3.489825508724564,0.0052056134708622585
3.4948252587370634,0.007077871423748404
3.499825008749563,0.0028113872563831745
3.5048247587620622,0.01300942317059292
3.5098245087745616,0.004283691387713287
3.514824258787061,0.0020305982433939016
3.5198240087995605,0.004652402858218945
3.52482375881206,0.0031573996643820728
3.5298235088245593,0.012300478872037448
3.5348232588370583,0.007184689961779889
3.5398230088495577,0.0017611906128004043
3.544822758862057,0.0051751485480319446
3.5498225088745565,0.0044477571005149905
3.554822258887056,0.003331397883035835
3.5598220088995554,0.002296759635065592
3.5648217589120548,0.002902204646519846
3.569821508924554,0.0011892785342624995
3.5748212589370536,0.005784388368301336
3.579821008949553,0.008753380228356828
3.5848207589620524,0.006464849119164612
3.5898205089745514,0.006858487646052202
3.594820258987051,0.00106581921148394
3.5998200089995502,0.006745624254195478
3.6048197590120497,0.0017888986300316418
3.609819509024549,0.005936934868755013
3.6148192590370485,0.007954736439991514
3.619819009049548,0.007842875020099515
3.6248187590620473,0.008118793150056983
3.6298185090745467,0.01053441684276857
3.634818259087046,0.00920481231114907
3.6398180090995456,0.006765687722047512
3.644817759112045,0.006673448256129565
3.649817509124544,0.01098839611662295
3.6548172591370434,0.0056865983824208235
3.6598170091495428,0.006451226128683392
3.664816759162042,0.009383661366909345
3.6698165091745416,0.0036144743128385236
3.674816259187041,0.01184591843054997
3.6798160091995404,0.007670245820463101
3.68481575921204,0.004318695814033784
3.6898155092245393,0.00898345237650605
3.6948152592370387,0.0008643173595751813
3.699815009249538,0.00973761592707479
3.704814759262037,0.0025044924367552293
3.7098145092745365,0.006173303241318187
3.714814259287036,0.013606157628730797
3.7198140092995353,0.011366449033070738
3.7248137593120347,0.004970633803860173
3.729813509324534,0.008597069180658787
3.7348132593370336,0.003483195416723728
3.739813009349533,0.010978304163215116
3.7448127593620324,0.012456392422511633
3.749812509374532,0.00377530658611663
3.7548122593870312,0.002465313260466089
3.75981200939953,0.007550501719999348
3.7648117594120296,0.011524005800886689
3.769811509424529,0.0022099346691690737
3.7748112594370284,0.005081600558680314
3.779811009449528,0.0034883483803039373
3.7848107594620273,0.005084520210644575
3.7898105094745267,0.008053003149051058
3.794810259487026,0.007415594810659666
3.7998100094995255,0.006535125209614051
3.804809759512025,0.007127944559403559
3.8098095095245244,0.0013205345297947172
3.8148092595370233,0.008626895134935227
3.8198090095495227,0.0034557999342365885
3.824808759562022,0.005021680409649232
3.8298085095745216,0.011212520720412808
3.834808259587021,0.005070484134000161
3.8398080095995204,0.0077722483535752505
3.84480775961202,0.002237846020712006
3.8498075096245192,0.0016700009135710238
3.8548072596370186,0.014676072056029745
3.859807009649518,0.00542704433707151
3.8648067596620175,0.0018798470151144093
3.8698065096745164,0.011223888144997432
3.874806259687016,0.009083932793017026
3.8798060096995153,0.010445562986150307
3.8848057597120147,0.0023231429220958006
3.889805509724514,0.006924958575584434
3.8948052597370135,0.006331804870913472
3.899805009749513,0.009071291908671057
3.9048047597620124,0.00029121250387953413
3.9098045097745118,0.003301500029127525
3.914804259787011,0.001295485160961765
3.9198040097995106,0.011619586546154628
3.9248037598120096,0.00403965137892199
3.929803509824509,0.006559245546821665
3.9348032598370084,0.004008005333260252
3.939803009849508,0.0076900907683557125
3.9448027598620072,0.005257320882734629
3.9498025098745067,0.007308521535448665
3.954802259887006,0.00045107756125945534
3.9598020098995055,0.003105474373878063
3.964801759912005,0.00461661483428798
3.9698015099245043,0.009983840065164564
3.9748012599370037,0.00360358339443505
3.9798010099495027,0.004442030173884612
3.984800759962002,0.0022558195983499517
3.9898005099745015,0.006086772010621558
3.994800259987001,0.005198113890928586
3.9998000099995004,0.0024654135591788053
4.004799760012,0.010720612502861101
4.009799510024499,0.004558796443740884
4.014799260036998,0.003592420989918523
4.019799010049498,0.0037800950423286976
4.024798760061997,0.0017890325052753832
4.029798510074497,0.003950681824370734
4.034798260086996,0.006547101850936649
4.039798010099496,0.004966210555059568
4.044797760111995,0.006151732075746212
4.0497975101244945,0.0034538095793154888
4.0547972601369935,0.009729916036423454
4.059797010149493,0.006263227157612794
4.064796760161992,0.014782930632414957
4.069796510174491,0.0073265293093269105
4.074796260186991,0.0007273594689400215
4.07979601019949,0.008463059997814368
4.08479576021199,0.004893058268924368
4.089795510224489,0.009843918865404234
4.094795260236989,0.005137013790117129
4.099795010249488,0.009966814677183375
4.104794760261988,0.00755197028573805
4.109794510274487,0.0054787186623883434
4.1147942602869865,0.003206775662321364
4.119794010299485,0.007923008986830177
4.124793760311984,0.003594653282934446
4.129793510324484,0.005059372751934629
4.134793260336983,0.003896605365947003
4.139793010349483,0.004166927081530716
4.144792760361982,0.005054459357071254
4.149792510374482,0.010861370981525006
4.154792260386981,0.005779992340086362
4.159792010399481,0.002693397275515192
4.16479176041198,0.0018954909773544306
4.16979151042448,0.0078379131835437
4.174791260436979,0.007292298037448308
4.1797910104494775,0.0062569002477253855
4.184790760461977,0.004074589151029316
4.189790510474476,0.006581342750796963
4.194790260486976,0.015274702938470327
4.199790010499475,0.003706165352187191
4.204789760511975,0.008436298096672267
4.209789510524474,0.017334137235029693
4.214789260536974,0.0066704106623225465
4.219789010549473,0.005809243435186799
4.224788760561973,0.012000139212601065
4.229788510574472,0.003258151293386694
4.234788260586971,0.007385839779801987
4.2397880105994705,0.00758605094288043
4.2447877606119695,0.010705657279480444
4.249787510624469,0.006230298779165913
4.254787260636968,0.005665954513986514
4.259787010649468,0.002280427690434574
4.264786760661967,0.006886834742696491
4.269786510674467,0.005409883318536593
4.274786260686966,0.013072866954081717
4.279786010699466,0.007913955933213236
4.284785760711965,0.006412568997622641
4.289785510724464,0.006070671953371511
4.294785260736964,0.001947572518472109
4.299785010749463,0.007969302028453848
4.3047847607619625,0.006127316542061061
4.3097845107744615,0.006146512636613523
4.314784260786961,0.007669184442494604
4.31978401079946,0.0029851004921578723
4.32478376081196,0.01368788019163379
4.329783510824459,0.0033950748372585785
4.334783260836959,0.011794391585547192
4.339783010849458,0.001098525835858819
4.344782760861957,0.004004352957663672
4.349782510874457,0.0049088249109625875
4.354782260886956,0.005502753891227909
4.359782010899456,0.007790700911282687
4.364781760911955,0.0053447669853496724
4.369781510924454,0.0014025347630867268
4.374781260936953,0.0018649565006528658
4.379781010949453,0.014988763970099043
4.384780760961952,0.0016164822232847245
4.389780510974452,0.00476515254316726
4.394780260986951,0.003006043828351215
4.39978001099945,0.008576929944008637
4.40477976101195,0.0023329242933317596
4.409779511024449,0.003634951045217337
4.414779261036949,0.0013791938644194673
4.419779011049448,0.004888054340147702
4.424778761061948,0.005437647307799778
4.4297785110744465,0.011304655176991864
4.434778261086946,0.002965329933100506
4.439778011099445,0.003497384617108934
4.444777761111945,0.012247625403780354
4.449777511124444,0.0018806522020028496
4.454777261136943,0.004181850671211396
4.459777011149443,0.004644098668896519
4.464776761161942,0.006771630438114602
4.469776511174442,0.00655044393068795
4.474776261186941,0.011115564037518875
4.479776011199441,0.003502232848506042
4.48477576121194,0.005125100690023327
4.4897755112244395,0.005258406812007057
4.4947752612369385,0.008237199199451286
4.499775011249438,0.007572358244033905
4.504774761261937,0.009108604184358856
4.509774511274436,0.006346533858468705
4.514774261286936,0.0070417028871958744
4.519774011299435,0.004645148751731293
4.524773761311935,0.007041248346207458
4.529773511324434,0.005909349330541375
4.534773261336934,0.0023755085569662077
4.539773011349433,0.013488169263572887
4.544772761361933,0.013536789443789134
4.549772511374432,0.006894892601466457
4.5547722613869315,0.0008637216745970788
4.5597720113994304,0.0018415976675030864
4.564771761411929,0.005147006313344188
4.569771511424429,0.006559414896737907
4.574771261436928,0.004198777581835442
4.579771011449428,0.010114959942582272
4.584770761461927,0.010697212971436712
4.589770511474427,0.004957636239964842
4.594770261486926,0.0088516270293216
4.599770011499426,0.0017167812165012055
4.604769761511925,0.0046091586116606175
4.609769511524425,0.00625695304053604
4.614769261536924,0.006296051163855322
4.6197690115494225,0.007766396166800724
4.624768761561922,0.003229681064858881
4.629768511574421,0.0058096174886121
4.634768261586921,0.005177325980985887
4.63976801159942,0.0071030924572559025
4.64476776161192,0.011100229741577889
4.649767511624419,0.01169695547676763
4.654767261636919,0.003157373206625633
4.659767011649418,0.015986412283617517
4.664766761661918,0.003627024349239955
4.669766511674417,0.013460184177719704
4.674766261686916,0.010305022858717752
4.6797660116994155,0.007087962215112694
4.6847657617119145,0.00313555444105202
4.689765511724414,0.0047807718895404375
4.694765261736913,0.010460021504666385
4.699765011749413,0.009141041640448442
4.704764761761912,0.008596028809591993
4.709764511774412,0.005463643426875737
4.714764261786911,0.008475619087218987
4.719764011799411,0.00589573133074948
4.72476376181191,0.006426330068834495
4.72976351182441,0.011314471294647256
4.734763261836909,0.004939523103818949
4.739763011849408,0.010692905670373723
4.7447627618619075,0.007905432843520537
4.7497625118744065,0.005176899573130295
4.754762261886906,0.00788600426295723
4.759762011899405,0.0063367689079979255
4.764761761911905,0.005436190085889119
4.769761511924404,0.008007048081806434
4.774761261936904,0.009772983643416354
4.779761011949403,0.006800133549831109
4.784760761961903,0.0026110311501010286
4.789760511974402,0.009956912190990763
4.794760261986901,0.006831250354203213
4.799760011999401,0.0017063914348747996
4.8047597620119,0.001643096877978375
4.809759512024399,0.0014254679395284686
4.814759262036898,0.004490336765215322
4.819759012049398,0.0037639192293069646
4.824758762061897,0.0025443861049083156
4.829758512074397,0.007876562680311628
4.834758262086896,0.007995019483235834
4.839758012099396,0.002511510900360185
4.844757762111895,0.014910720880811227
4.849757512124394,0.002289781856788474
4.854757262136894,0.0017600955669104317
4.859757012149393,0.005973993667619653
4.864756762161893,0.009562121609624686
4.8697565121743915,0.009736389140445683
4.874756262186891,0.004063008772757973
4.87975601219939,0.001206257000270128
4.88475576221189,0.007559426409458949
4.889755512224389,0.011713885915455531
4.894755262236889,0.005910897209077787
4.899755012249388,0.002031493603913422
4.904754762261887,0.005647387715490687
4.909754512274387,0.002606949870152065
4.914754262286886,0.007513394771234154
4.919754012299386,0.01544593425587152
4.924753762311885,0.007340715341270445
4.9297535123243845,0.014166962885400447
4.9347532623368835,0.004375442287273912
4.939753012349383,0.004214605535311606
4.944752762361882,0.008328990224126776
4.949752512374382,0.0031891511874756646
4.954752262386881,0.010304227606772607
4.95975201239938,0.0075439131713120056
4.96475176241188,0.00620710068144784
4.969751512424379,0.003952158092449004
4.974751262436879,0.0049200193278546075
4.979751012449378,0.001912580957063708
4.984750762461878,0.009314598446344826
4.989750512474377,0.009696871503436105
4.9947502624868765,0.014490893340284881
4.9997500124993755,0.006011099024655411
5.004749762511875,0.0064728349709803346
5.009749512524374,0.0056196333419052825
5.014749262536873,0.012186329526978824
5.019749012549373,0.009223662342076663
5.024748762561872,0.00927657578263931
5.029748512574372,0.003177442133446145
5.034748262586871,0.004893779672318708
5.039748012599371,0.00902785384425563
5.04474776261187,0.007082017112809749
5.04974751262437,0.0014513572524964004
5.054747262636869,0.003862475872833489
5.059747012649368,0.005995622307128818
5.064746762661867,0.008706281443999023
5.069746512674366,0.004691178059620651
5.074746262686866,0.002790040179267362
5.079746012699365,0.004905095410542338
5.084745762711865,0.002493918147043882
5.089745512724364,0.004881409632177634
5.094745262736864,0.006570053445815822
5.099745012749363,0.0031058259385433325
5.104744762761863,0.012549844538748788
5.109744512774362,0.0034511441768028395
5.114744262786862,0.005296802125231176
5.1197440127993605,0.0020940838162645803
5.1247437628118595,0.005689725047907602
5.129743512824359,0.006692377242842373
5.134743262836858,0.004176407226030294
5.139743012849358,0.010520015373507646
5.144742762861857,0.006516193058538519
5.149742512874357,0.006368027559590499
5.154742262886856,0.0010704132476500661
5.159742012899356,0.006632635169983092
5.164741762911855,0.012422450126966519
5.169741512924355,0.0033860654563574533
5.174741262936854,0.0011441258299665464
5.179741012949353,0.009263100011669708
5.1847407629618525,0.0033014059325892782
5.1897405129743515,0.002477147462765994
5.194740262986851,0.007302338660415054
5.19974001299935,0.005593458020625538
5.20473976301185,0.011677978913062121
5.209739513024349,0.016224344888793298
5.214739263036849,0.007782318590896188
5.219739013049348,0.002206970188856222
5.224738763061848,0.0015465275432768376
5.229738513074347,0.0029866032146932176
5.234738263086846,0.0012839378470817602
5.239738013099346,0.004792188720163664
5.244737763111845,0.0038146086277347302
5.2497375131243444,0.0012440937492134
5.254737263136843,0.011733205524608482
5.259737013149343,0.01019221251461284
5.264736763161842,0.006260703422969492
5.269736513174342,0.004183339527627254
5.274736263186841,0.004157047461618681
5.279736013199341,0.009604193967924538
5.28473576321184,0.006559967437152712
5.289735513224339,0.008674856813477688
5.294735263236839,0.004879120433134675
5.299735013249338,0.00960416585092103
5.304734763261838,0.006129648123484454
5.3097345132743365,0.002205606897789243
5.314734263286836,0.0030889723748032407
5.319734013299335,0.0020558515886660218
5.324733763311835,0.005928241076144627
5.329733513324334,0.005209682917866995
5.334733263336834,0.009287868390993352
5.339733013349333,0.0042135265040084404
5.344732763361832,0.007269717824751538
5.349732513374332,0.007716469614260818
5.354732263386831,0.0032819913941622885
5.359732013399331,0.007860040420611796
5.36473176341183,0.006654050885249269
5.3697315134243295,0.005750318020220627
5.3747312634368285,0.010398495099298488
5.379731013449328,0.004220573361664774
5.384730763461827,0.010897639248882195
5.389730513474327,0.0032881873303921916
5.394730263486826,0.004857881541034005
5.399730013499325,0.0037073910631749882
5.404729763511825,0.005057238760722045
5.409729513524324,0.004126001445190712
5.414729263536824,0.0047623032078700014
5.419729013549323,0.012891069884822182
5.424728763561823,0.007283509600307869
5.429728513574322,0.009692608224355638
5.4347282635868215,0.0033456306395014137
5.4397280135993205,0.008674842505895926
5.44472776361182,0.00873607778324444
5.449727513624319,0.006679933284392737
5.454727263636818,0.002424943795850967
5.459727013649318,0.008387785846154542
5.464726763661817,0.009273943760003756
5.469726513674317,0.008412709513263561
5.474726263686816,0.004061682118760438
5.479726013699316,0.0054989721394894855
5.484725763711815,0.002840613947622905
5.489725513724315,0.01077131877926298
5.494725263736814,0.008011127146308023
5.499725013749313,0.004624785093804986
5.504724763761812,0.008298236825422925
5.509724513774311,0.0032293206268909896
5.514724263786811,0.008337145415350987
5.51972401379931,0.004981605568714396
5.52472376381181,0.0032234032132068663
5.529723513824309,0.004956050428548029
5.534723263836809,0.0031983762231801126
5.539723013849308,0.007384166223336872
5.544722763861808,0.006459169841685608
5.549722513874307,0.005680627479584604
5.554722263886807,0.0038530839829829903
5.5597220138993055,0.004717637345648191
5.564721763911805,0.007080203032747752
5.569721513924304,0.002944649509238362
5.574721263936803,0.004856396138905861
5.579721013949303,0.008347264510343724
5.584720763961802,0.007666749209495984
5.589720513974302,0.011012855650854586
5.594720263986801,0.010684686308753289
5.599720013999301,0.008142920429855234
5.6047197640118,0.00862650383575647
5.6097195140243,0.004466791762697125
5.614719264036799,0.008208129182232415
5.6197190140492985,0.0038504749395173255
5.6247187640617975,0.004546400563936962
5.6297185140742965,0.005633731383736718
5.634718264086796,0.007673299442396468
5.639718014099295,0.00922605305365954
5.644717764111795,0.005064545453650355
5.649717514124294,0.003639387116025315
5.654717264136794,0.0055511124275584075
5.659717014149293,0.005567008595696793
5.664716764161793,0.012105628896502978
5.669716514174292,0.002855851031635783
5.674716264186792,0.012792329358557683
5.679716014199291,0.008209701869378463
5.68471576421179,0.006081179502736885
5.6897155142242894,0.004615231634576982
5.694715264236788,0.002641687318435758
5.699715014249288,0.00414561797573234
5.704714764261787,0.004975421400147869
5.709714514274287,0.003521698604426603
5.714714264286786,0.004833609974047235
5.719714014299286,0.005931249857213185
5.724713764311785,0.005218460738280037
5.729713514324285,0.009774986929983333
5.734713264336784,0.005877146140004627
5.739713014349283,0.006255799088819513
5.744712764361783,0.00717701195309943
5.7497125143742815,0.007035012593584805
5.754712264386781,0.002659251566981904
5.75971201439928,0.003978994259759654
5.76471176441178,0.004030563247055977
5.769711514424279,0.005525117630008799
5.774711264436779,0.003979099371675843
5.779711014449278,0.008255420364270133
5.784710764461778,0.006544695357054766
5.789710514474277,0.0018419716070940324
5.794710264486776,0.011109360346710295
5.799710014499276,0.004490288539272058
5.804709764511775,0.004165759223781594
5.8097095145242745,0.0025942611719868038
5.8147092645367735,0.004700767568051287
5.819709014549273,0.001584568806348693
5.824708764561772,0.004142565586204463
5.829708514574272,0.0015243392835773057
5.834708264586771,0.008301776900904995
5.839708014599271,0.006278848733900049
5.84470776461177,0.004481912522679924
5.849707514624269,0.010007174633694922
5.854707264636769,0.005212097073227722
5.859707014649268,0.00757146338890631
5.864706764661768,0.00274646480017181
5.869706514674267,0.002293466412001242
5.8747062646867665,0.008686281284102981
5.8797060146992655,0.011873135987683407
5.884705764711765,0.00676227063244351
5.889705514724264,0.012299230231637284
5.894705264736764,0.003946573408644436
5.899705014749263,0.005620442907504705
5.904704764761762,0.006190832781605625
5.909704514774262,0.008160581048176508
5.914704264786761,0.0011849510117025537
5.919704014799261,0.004063575149890666
5.92470376481176,0.006922002618675375
5.92970351482426,0.005550531588304182
5.934703264836759,0.0003510598421948636
5.9397030148492584,0.0041809218349480705
5.944702764861757,0.002209074672402033
5.949702514874257,0.00873461937818135
5.954702264886756,0.0038741561107707417
5.959702014899255,0.005280576101424867
5.964701764911755,0.00895477102639416
5.969701514924254,0.0034141191143606323
5.974701264936754,0.008444944399064085
5.979701014949253,0.0033851543016698775
5.984700764961753,0.00849766357599869
5.989700514974252,0.008004876522298813
5.994700264986752,0.009368697771228899
5.9997000149992505,0.005530664162543788
6.00469976501175,0.01102281479488479
6.009699515024249,0.006748896777576908
6.014699265036748,0.003951415272087999
6.019699015049248,0.0030026166545888745
6.024698765061747,0.009364928798604068
6.029698515074247,0.0068904841910437786
6.034698265086746,0.005957084950858313
6.039698015099246,0.006324307022668158
6.044697765111745,0.00710322550168872
6.049697515124245,0.003936064432836774
6.054697265136744,0.006741478522098324
6.0596970151492435,0.006463930590553937
6.0646967651617425,0.004135386063768536
6.0696965151742415,0.006386958374160498
6.074696265186741,0.010497740179407421
6.07969601519924,0.009400255387310931
6.08469576521174,0.0017790612487963444
6.089695515224239,0.002276443802698644
6.094695265236739,0.005739713373996085
6.099695015249238,0.006884023224918291
6.104694765261738,0.001555259896368097
6.109694515274237,0.003493053422250171
6.114694265286737,0.004785673805308109
6.119694015299236,0.004395573622814955
6.124693765311735,0.0026801634354732293
6.1296935153242345,0.0037174633179223727
6.134693265336733,0.005422808970318505
6.139693015349233,0.00404067427622567
6.144692765361732,0.008176630265233716
6.149692515374232,0.007805476620171397
6.154692265386731,0.003085543064969934
6.159692015399231,0.004252677443276441
6.16469176541173,0.008653056199421154
6.16969151542423,0.00467038502711551
6.174691265436729,0.0061790751334878545
6.179691015449228,0.004011664420074704
6.184690765461728,0.008499829729977242
6.1896905154742266,0.011736692272769793
6.194690265486726,0.0057065880150966595
6.199690015499225,0.005872052055471307
6.204689765511725,0.0029688141196518238
6.209689515524224,0.006699121464148717
6.214689265536724,0.01462185352320567
6.219689015549223,0.011530144183671735
6.224688765561723,0.010320061534399022
6.229688515574222,0.009607141657404563
6.234688265586721,0.004453101231833952
6.239688015599221,0.001422395776960646
6.24468776561172,0.0010679773839896917
6.2496875156242195,0.008171200320352524
6.2546872656367185,0.009386022370513055
6.259687015649218,0.011035021232984422
6.264686765661717,0.007221110622177195
6.269686515674217,0.018659488359220842
6.274686265686716,0.0015559358453758648
6.279686015699216,0.011649744405760077
6.284685765711715,0.006129452968214462
6.289685515724214,0.00535507919783095
6.294685265736714,0.0051995548988059285
6.299685015749213,0.0056106230494331125
6.304684765761713,0.00720536404196571
6.309684515774212,0.008020363495812352
6.3146842657867115,0.010004226049653226
6.3196840157992105,0.005115740918355115
6.32468376581171,0.015499357396447842
6.329683515824209,0.004272115573995081
6.334683265836709,0.007761490498228431
6.339683015849208,0.008341925036858527
6.344682765861707,0.004638658281909549
6.349682515874207,0.005437867715286173
6.354682265886706,0.0062873886444249644
6.359682015899206,0.006967611152910153
6.364681765911705,0.0020269976065190633
6.369681515924205,0.009136823273250763
6.374681265936704,0.005768813462964264
6.3796810159492034,0.005049640702182303
6.384680765961702,0.01727854179552792
6.389680515974202,0.004006316936721696
6.394680265986701,0.005078507635506524
6.3996800159992,0.003479188684364901
6.4046797660117,0.010946794170902727
6.409679516024199,0.0013008439452488912
6.414679266036699,0.005367210590177325
6.419679016049198,0.0045713151514009094
6.424678766061698,0.008673027981018721
6.429678516074197,0.005525567581472129
6.434678266086697,0.002518155762134443
6.4396780160991955,0.002625241458979441
6.444677766111695,0.00900158789452241
6.449677516124194,0.00732072408455542
6.454677266136694,0.00546613715282075
6.459677016149193,0.006822614072319474
6.464676766161692,0.008224542848659113
6.469676516174192,0.005799261807084734
6.474676266186691,0.006213142131994496
6.479676016199191,0.006124795766388824
6.48467576621169,0.004712245358390235
6.48967551622419,0.006282930583455181
6.494675266236689,0.00135252993124516
6.4996750162491885,0.008171536311712755
6.5046747662616875,0.006967734788640982
6.509674516274187,0.0026737862753823715
6.514674266286686,0.008605617152792166
6.519674016299185,0.0032713004295965814
6.524673766311685,0.006542855754940168
6.529673516324184,0.0050051382289710185
6.534673266336684,0.005839763330949864
6.539673016349183,0.009518477980722183
6.544672766361683,0.005765226414163233
6.549672516374182,0.003696592903954216
6.554672266386682,0.011100966567130173
6.559672016399181,0.007645319504961514
6.5646717664116805,0.011754472744472246
6.5696715164241795,0.012045144047876906
6.574671266436678,0.005136351146778004
6.579671016449178,0.003942227562015997
6.584670766461677,0.004617709830574244
6.589670516474177,0.003967299451677312
6.594670266486676,0.00646516038462801
6.599670016499176,0.008588543033728583
6.604669766511675,0.004994844289448837
6.609669516524175,0.012217845152103356
6.614669266536674,0.003728606412873331
6.619669016549174,0.005123914417776182
6.624668766561673,0.001137309335284863
6.6296685165741716,0.0032478611400528438
6.634668266586671,0.0031141339536219226
6.63966801659917,0.0036615882544850957
6.64466776661167,0.00955346545368809
6.649667516624169,0.0025328272783087706
6.654667266636669,0.0065661179024610345
6.659667016649168,0.0038144356598896322
6.664666766661668,0.0011884074610563568
6.669666516674167,0.00521504621153379
6.674666266686667,0.011027891590519832
6.679666016699166,0.004218594100803032
6.684665766711665,0.008456647236262738
6.6896655167241645,0.002368572039142322
6.6946652667366635,0.00900826417459692
6.699665016749163,0.018813670627423774
6.704664766761662,0.014363296795520106
6.709664516774162,0.010339446908772872
6.714664266786661,0.005103951240619109
6.719664016799161,0.004696018183972723
6.72466376681166,0.008175585839327239
6.72966351682416,0.003901981028411841
6.734663266836659,0.013602381451634856
6.739663016849158,0.003162013349556647
6.744662766861658,0.006958593951933301
6.749662516874157,0.003154836860184473
6.7546622668866565,0.004348137810123064
6.7596620168991555,0.007430179380451747
6.764661766911655,0.005276910014966551
6.769661516924154,0.0022644724825982977
6.774661266936654,0.0007148132960211866
6.779661016949153,0.008964179969448227
6.784660766961653,0.005012599343325557
6.789660516974152,0.007064876146930999
6.794660266986651,0.001076720508696326
6.799660016999151,0.004158765596771823
6.80465976701165,0.0036941721513220806
6.80965951702415,0.006509163289329685
6.814659267036649,0.0010617706371248454
6.8196590170491485,0.009768346555952758
6.824658767061647,0.00959525053095706
6.829658517074147,0.0011638975172601383
6.834658267086646,0.01383179633603934
6.839658017099146,0.005384698274869406
6.844657767111645,0.005051613391212115
6.849657517124144,0.006454192829665821
6.854657267136644,0.0076749846324681075
6.859657017149143,0.0016116729864890527
6.864656767161643,0.00781928840088647
6.869656517174142,0.0018627226646705608
6.874656267186642,0.00589028533273658
6.8796560171991405,0.010738531622139948
6.88465576721164,0.005847176423775882
6.889655517224139,0.009885583688211446
6.894655267236639,0.011476459982719636
6.899655017249138,0.005110883287201248
6.904654767261637,0.002239101680261994
6.909654517274137,0.007832327894501796
6.914654267286636,0.004676037115606105
6.919654017299136,0.005449757795498044
6.924653767311635,0.010424106968022533
6.929653517324135,0.011614644643061047
6.934653267336634,0.004212125469506366
6.9396530173491335,0.007577850755653987
6.9446527673616325,0.007287386807902151
6.949652517374132,0.0077205331773007495
6.954652267386631,0.006124666773464325
6.95965201739913,0.004246270904042031
6.96465176741163,0.009678999224786811
6.969651517424129,0.0022459016060742674
6.974651267436629,0.006925748567314798
6.979651017449128,0.009518457355743944
6.984650767461628,0.007588869985817338
6.989650517474127,0.008419646164854355
6.994650267486627,0.00498049923319882
6.999650017499126,0.00610547986201277
7.0046497675116255,0.0018407639610965962
7.0096495175241245,0.0054261243018594845
7.014649267536623,0.010579501306697053
7.019649017549123,0.003853704588625838
7.024648767561622,0.0015299104226797079
7.029648517574122,0.008800607602317361
7.034648267586621,0.009491477529132299
7.039648017599121,0.004219519375101083
7.04464776761162,0.0031263234489148283
7.04964751762412,0.00402556963503906
7.054647267636619,0.0075437393189981905
7.059647017649119,0.0039596780099089325
7.064646767661618,0.009232859618762248
7.069646517674117,0.008883674299734492
7.074646267686616,0.011720249744202913
7.079646017699115,0.005233606674444056
7.084645767711615,0.007133803574220617
7.089645517724114,0.005477421396824121
7.094645267736614,0.002121430650348105
7.099645017749113,0.0027739716912625967
7.104644767761613,0.006788937289185851
7.109644517774112,0.00741615765298383
7.114644267786612,0.01137487315499997
7.119644017799111,0.013981818404699432
7.12464376781161,0.005077067540637846
7.1296435178241095,0.007255921074124673
7.1346432678366085,0.012667739982858505
7.139643017849108,0.009686490929397188
7.144642767861607,0.004643582405007577
7.149642517874107,0.0036608216355368596
7.154642267886606,0.003124025158385863
7.159642017899106,0.0044610295781733825
7.164641767911605,0.0027812903317770876
7.169641517924105,0.018025130490030076
7.174641267936604,0.008817647744510682
7.179641017949103,0.010397627349052458
7.184640767961603,0.003144969447328273
7.189640517974102,0.004133102990654165
7.1946402679866015,0.010745839071996674
7.1996400179991005,0.0014708402909072305
7.2046397680116,0.003523263990959868
7.209639518024099,0.007656344743748353
7.214639268036599,0.013357996896226859
7.219639018049098,0.01280175429348642
7.224638768061598,0.002402325629905915
7.229638518074097,0.00455129026924456
7.234638268086596,0.00397544083011261
7.239638018099096,0.01125597657277669
7.244637768111595,0.0072746511885276735
7.249637518124095,0.005572796463930777
7.254637268136594,0.003603863537680579
7.2596370181490935,0.003717783404063713
7.264636768161592,0.006988419392997652
7.269636518174092,0.009216898792604677
7.274636268186591,0.0012637985739465886
7.279636018199091,0.0016997052165235783
7.28463576821159,0.00214375222663845
7.28963551822409,0.00329174603590033
7.294635268236589,0.002996545557166188
7.299635018249088,0.005322383876719543
7.304634768261588,0.011297892690220142
7.309634518274087,0.003941887154473009
7.314634268286587,0.005513113741365347
7.3196340182990856,0.009015128822067387
7.324633768311585,0.005324375256438076
7.329633518324084,0.009012692607458399
7.334633268336584,0.005596988124040021
7.339633018349083,0.012467377451632464
7.344632768361583,0.0065579874607841005
7.349632518374082,0.0037662817673657246
7.354632268386581,0.005057287378285814
7.359632018399081,0.006817929378895085
7.36463176841158,0.0036191809353218743
7.36963151842408,0.0025102068605449617
7.374631268436579,0.010966010046650057
7.3796310184490785,0.007174228657623332
7.3846307684615775,0.007119588656285748
7.389630518474077,0.006156796359318384
7.394630268486576,0.009711580808292115
7.399630018499076,0.008310319427018225
7.404629768511575,0.007727418218952104
7.409629518524074,0.008929916398901548
7.414629268536574,0.004747377869480282
7.419629018549073,0.002527589558701382
7.424628768561573,0.0016430347810894293
7.429628518574072,0.009737027233471314
7.434628268586572,0.005204908267831973
7.439628018599071,0.008079759235404172
7.4446277686115705,0.011175383625825742
7.4496275186240695,0.006979717971506833
7.454627268636569,0.005372460913337336
7.459627018649068,0.004626992660513563
7.464626768661567,0.009413905375038665
7.469626518674067,0.002108586484728942
7.474626268686566,0.008073974607131586
7.479626018699066,0.005687417762943553
7.484625768711565,0.006722498302253508
7.489625518724065,0.003856664631089939
7.494625268736564,0.010056311060607582
7.499625018749064,0.0018919101420979733
7.504624768761563,0.007186522481914453
7.5096245187740625,0.0014983697774407594
7.514624268786561,0.004918178902421402
7.51962401879906,0.01691075857092032
7.52462376881156,0.005012312972236279
7.529623518824059,0.0071190596590224595
7.534623268836559,0.011625866088236066
7.539623018849058,0.004898488809936906
7.544622768861558,0.009862700156808523
7.549622518874057,0.006389929012773198
7.554622268886557,0.001794756418874816
7.559622018899056,0.006935299229330877
7.564621768911556,0.009504645363394277
7.5696215189240545,0.005521035613563825
7.5746212689365535,0.0031148638258053107
7.579621018949053,0.004129248685849707
7.584620768961552,0.004854757919376137
7.589620518974052,0.010727628666030746
7.594620268986551,0.0019998525608214955
7.599620018999051,0.0031521343043755074
7.60461976901155,0.004139061461543022
7.60961951902405,0.006598537213616756
7.614619269036549,0.010238731457761238
7.619619019049049,0.006867722463288221
7.624618769061548,0.0026263589919109987
7.629618519074047,0.004940241391003638
7.6346182690865465,0.004513220284786673
7.6396180190990455,0.003224457696240903
7.644617769111545,0.0062702314700577595
7.649617519124044,0.008061272279716659
7.654617269136544,0.009807790154284214
7.659617019149043,0.006716082595502083
7.664616769161543,0.006432783272724961
7.669616519174042,0.006043804867952829
7.674616269186542,0.00986894223501437
7.679616019199041,0.008895064312468387
7.68461576921154,0.0011062661901187285
7.68961551922404,0.002876903477096757
7.694615269236539,0.0023007367619991047
7.6996150192490385,0.005979018970155034
7.704614769261537,0.0046705483491579535
7.709614519274037,0.0010240255200387103
7.714614269286536,0.004283980040433908
7.719614019299036,0.006931060769130732
7.724613769311535,0.010973635457835387
7.729613519324035,0.0007139206227493216
7.734613269336534,0.009158725811083129
7.739613019349033,0.006646368450114893
7.744612769361533,0.0063266350989587125
7.749612519374032,0.0038885291208675043
7.754612269386532,0.0032840082106984007
7.759612019399031,0.009473678083580333
7.76461176941153,0.005578840740147359
7.769611519424029,0.008263340860243117
7.774611269436529,0.005955369364860946
7.779611019449028,0.008567361690760977
7.784610769461528,0.003947906504325227
7.789610519474027,0.005248757616521005
7.794610269486526,0.0056958563655757286
7.799610019499026,0.0037847008883998834
7.804609769511525,0.006783046676678592
7.809609519524025,0.0020807281481874784
7.814609269536524,0.009074899934249661
7.8196090195490235,0.007600797325218421
7.8246087695615225,0.0036055942855010067
7.829608519574022,0.0072215199272896175
7.834608269586521,0.011060664439083588
7.839608019599021,0.008800802695945556
7.84460776961152,0.004303053956917658
7.849607519624019,0.013996142214570214
7.854607269636519,0.010202459774124293
7.859607019649018,0.0031395314405676163
7.864606769661518,0.005523612544945275
7.869606519674017,0.012531744720548913
7.874606269686517,0.006641819532155143
7.879606019699016,0.011126440108221253
7.8846057697115155,0.0037610666111818516
7.8896055197240145,0.00841923254485733
7.894605269736514,0.004542687737211603
7.899605019749013,0.008043935366010982
7.904604769761512,0.0058286228812728744
7.909604519774012,0.01008548968820309
7.914604269786511,0.005615424375485564
7.919604019799011,0.0018831078136927167
7.92460376981151,0.00579830465494571
7.92960351982401,0.007074901066359919
7.934603269836509,0.013375867162328614
7.939603019849009,0.009032008904697672
7.944602769861508,0.008221748628103135
7.9496025198740075,0.00541560517872076
7.954602269886506,0.0030284331006599544
7.959602019899005,0.007034061280081452
7.964601769911505,0.0042611326538574195
7.969601519924004,0.008450260901932427
7.974601269936504,0.010822376873068295
7.979601019949003,0.006664375849457289
7.984600769961503,0.003498737337629195
7.989600519974002,0.0078459790514055
7.994600269986502,0.009106340901571171
7.999600019999001,0.008414574219115513
8.0045997700115,0.0036385748474662815
8.009599520024,0.006349444283253083
8.014599270036499,0.003067581654820029
8.019599020048998,0.008884805628056514
8.024598770061498,0.011632176340394871
8.029598520073996,0.007969009433631104
8.034598270086496,0.003991364738991503
8.039598020098996,0.01292229638759407
8.044597770111496,0.005955792545486731
8.049597520123994,0.008560945935178334
8.054597270136494,0.00864615116641422
8.059597020148994,0.010246886143120896
8.064596770161494,0.008457402564333921
8.069596520173992,0.006119626150104592
8.074596270186492,0.015254179536664896
8.079596020198991,0.006692389840204355
8.08459577021149,0.012823922627059484
8.08959552022399,0.004168369539593374
8.09459527023649,0.005785630880048209
8.099595020248989,0.007769139571066073
8.104594770261487,0.0014815167689942732
8.109594520273987,0.007764649813049306
8.114594270286487,0.008890515455053363
8.119594020298987,0.0032807021893677232
8.124593770311485,0.004557011840005365
8.129593520323985,0.008595130879037039
8.134593270336484,0.005310215358913173
8.139593020348983,0.008165723568957074
8.144592770361482,0.007512488076444148
8.149592520373982,0.0020774831733657937
8.154592270386482,0.00811465669377226
8.15959202039898,0.004385770768165777
8.16459177041148,0.005738174960211357
8.16959152042398,0.0012863029299159552
8.17459127043648,0.009949180689866199
8.179591020448978,0.012838063704008775
8.184590770461478,0.0013324068949192142
8.189590520473978,0.005904533075637413
8.194590270486476,0.006174230462178204
8.199590020498976,0.005550095213373914
8.204589770511475,0.009909868100665726
8.209589520523975,0.006404008946861753
8.214589270536473,0.009343894687047
8.219589020548973,0.0022507090537942664
8.224588770561473,0.0006360216038581829
8.229588520573973,0.008277741861356559
8.234588270586471,0.006360956870472152
8.23958802059897,0.0026978565146419803
8.24458777061147,0.007017663391414266
8.249587520623969,0.009690375443393517
8.254587270636469,0.012509649864229871
8.259587020648969,0.004238678642189088
8.264586770661468,0.0033010480345368014
8.269586520673966,0.004196189737274278
8.274586270686466,0.006393948991554736
8.279586020698966,0.010963822398192342
8.284585770711466,0.012997388444379171
8.289585520723964,0.0030832842595199406
8.294585270736464,0.005942913489705072
8.299585020748964,0.005086148993747329
8.304584770761462,0.0026577763125545956
8.309584520773962,0.016048986837669935
8.314584270786462,0.0033311563405342896
8.319584020798962,0.004081038623295124
8.32458377081146,0.00693223673264137
8.32958352082396,0.01129525750378017
8.33458327083646,0.0029992966291004443
8.33958302084896,0.004864401224416975
8.344582770861457,0.006746148875651318
8.349582520873957,0.0010866277030598765
8.354582270886457,0.0051804621476745204
8.359582020898955,0.009409119762191486
8.364581770911455,0.0025271885263518897
8.369581520923955,0.006925786789010876
8.374581270936455,0.007549857566842619
8.379581020948953,0.009246346935267803
8.384580770961453,0.0038883566051826912
8.389580520973952,0.004145602922239003
8.394580270986452,0.0040567669806702775
8.39958002099895,0.002746902821452676
8.40457977101145,0.0070755933916876726
8.40957952102395,0.0018353293344039153
8.414579271036448,0.01012774212326324
8.419579021048948,0.0072722629225016175
8.424578771061448,0.011642565929130242
8.429578521073948,0.007345106765846063
8.434578271086446,0.00902313035283315
8.439578021098946,0.007434528887292723
8.444577771111446,0.008719048136467919
8.449577521123945,0.003309546957426767
8.454577271136444,0.005832762264429482
8.459577021148943,0.0059180873461287
8.464576771161443,0.002880332474609664
8.469576521173941,0.006195747711612733
8.474576271186441,0.00422435754715349
8.479576021198941,0.003381408505651491
8.484575771211441,0.005942832994924179
8.489575521223939,0.004060067298909494
8.494575271236439,0.0072335324717927646
8.499575021248939,0.0011468279826031603
8.504574771261439,0.007906325894317919
8.509574521273937,0.007940801051292273
8.514574271286437,0.00786949307203812
8.519574021298936,0.0059498680069815495
8.524573771311434,0.014064483792495152
8.529573521323934,0.00956390806761563
8.534573271336434,0.00715818623309199
8.539573021348934,0.01297949243638595
8.544572771361432,0.008172378727301973
8.549572521373932,0.008677150658126033
8.554572271386432,0.0038812837829065847
8.559572021398932,0.005736793006834368
8.56457177141143,0.006267551574612021
8.56957152142393,0.006803099783304526
8.57457127143643,0.008519911531488867
8.579571021448928,0.005144200209973595
8.584570771461427,0.007852912606831368
8.589570521473927,0.0039258645589429295
8.594570271486427,0.004410645841320909
8.599570021498925,0.008330240498431047
8.604569771511425,0.010103910614679829
8.609569521523925,0.008450828883484831
8.614569271536425,0.003598807605869818
8.619569021548923,0.006851793892113657
8.624568771561423,0.009444648663109787
8.629568521573923,0.007284096928796436
8.63456827158642,0.009689971594870757
8.63956802159892,0.008392212481097276
8.64456777161142,0.012961728783576277
8.64956752162392,0.00014787224986550197
8.654567271636418,0.006479048727529344
8.659567021648918,0.008277970870659231
8.664566771661418,0.005262034431460745
8.669566521673918,0.0066958128745840916
8.674566271686416,0.005108296136034409
8.679566021698916,0.005794771629109779
8.684565771711416,0.013379289819867569
8.689565521723914,0.0063195892777529105
8.694565271736414,0.0007517742914930516
8.699565021748914,0.005860827602328029
8.704564771761413,0.002318236702794906
8.709564521773911,0.011638835797913841
8.714564271786411,0.007244575826604533
8.719564021798911,0.004122541989153092
8.724563771811411,0.005817633168245431
8.72956352182391,0.006192078917178477
8.734563271836409,0.006738921468468706
8.739563021848909,0.005140027369916177
8.744562771861407,0.0033202884430038374
8.749562521873907,0.0016785285737821207
8.754562271886407,0.0037304177082512213
8.759562021898907,0.013017458238807227
8.764561771911405,0.004272648997320721
8.769561521923904,0.013460987886903041
8.774561271936404,0.006159146361332995
8.779561021948904,0.004421353197716234
8.784560771961402,0.005745388710694713
8.789560521973902,0.010905162397579583
8.794560271986402,0.006762926830573567
8.7995600219989,0.00657505470385959
8.8045597720114,0.008540711918980039
8.8095595220239,0.004807477732265111
8.8145592720364,0.0014977538589688968
8.819559022048898,0.004330199996108741
8.824558772061398,0.005048439066058684
8.829558522073897,0.006428948729054746
8.834558272086397,0.0036172550250484496
8.839558022098895,0.014103540998782683
8.844557772111395,0.010722864617006559
8.849557522123895,0.004735803268571458
8.854557272136393,0.006258909479816622
8.859557022148893,0.00536434702937678
8.864556772161393,0.005870019728353952
8.869556522173893,0.006820625004073077
8.87455627218639,0.005263922311687435
8.87955602219889,0.001404075552078682
8.88455577221139,0.009930327544859594
8.88955552222389,0.012387547349217095
8.894555272236389,0.0016552089246310597
8.899555022248888,0.004044486628889982
8.904554772261388,0.014704292621794044
8.909554522273886,0.008052436216186148
8.914554272286386,0.0031930449975096907
8.919554022298886,0.0026586970271628395
8.924553772311386,0.0033382439943662554
8.929553522323884,0.006509796635691826
8.934553272336384,0.003275686064203007
8.939553022348884,0.007769450313203803
8.944552772361384,0.010055892671835473
8.949552522373882,0.0015068281438214242
8.954552272386382,0.00792678900659775
8.959552022398881,0.0030107211715893513
8.96455177241138,0.00391903145225207
8.96955152242388,0.003525409219795224
8.97455127243638,0.0028072318109638368
8.979551022448879,0.010208402927112914
8.984550772461377,0.00832736913411538
8.989550522473877,0.0038875951194811812
8.994550272486377,0.00203185694339001
8.999550022498877,0.005862482483915382
9.004549772511375,0.011704784478795865
9.009549522523875,0.0042643216667756206
9.014549272536375,0.0044276908911413905
9.019549022548873,0.0034060091153447
9.024548772561372,0.0033072559967931865
9.029548522573872,0.004860562717063666
9.034548272586372,0.014344261444113339
9.03954802259887,0.010657544531065948
9.04454777261137,0.002212809955977573
9.04954752262387,0.002372186581061002
9.05454727263637,0.005377744947640294
9.059547022648868,0.010087638530424206
9.064546772661368,0.005210854243592312
9.069546522673868,0.004642600438109869
9.074546272686366,0.009562204937004005
9.079546022698866,0.0019784794680935847
9.084545772711365,0.0028629524363056697
9.089545522723865,0.012795730977364184
9.094545272736363,0.013290484357549459
9.099545022748863,0.002509493567707317
9.104544772761363,0.007531616328830779
9.109544522773863,0.002360494421355247
9.114544272786361,0.0038906716618353912
9.119544022798861,0.010043151544918976
9.12454377281136,0.0021201693225395917
9.129543522823859,0.004305968376823032
9.134543272836359,0.002537005581958336
9.139543022848859,0.0014919076553995588
9.144542772861358,0.0037462188572368166
9.149542522873856,0.004619504418233216
9.154542272886356,0.010381807022235914
9.159542022898856,0.005374929803991852
9.164541772911356,0.0008308894788737813
9.169541522923854,0.000670821390620357
9.174541272936354,0.009176331527598534
9.179541022948854,0.006308132034803329
9.184540772961352,0.00690219403759398
9.189540522973852,0.006636253133996189
9.194540272986352,0.004110469270215287
9.199540022998852,0.007259429094189603
9.20453977301135,0.004446553085049597
9.20953952302385,0.005185055041648236
9.21453927303635,0.0016211638426886041
9.21953902304885,0.008438580326396572
9.224538773061347,0.005659674169936936
9.229538523073847,0.007281963226057346
9.234538273086347,0.005510467720855986
9.239538023098845,0.010411631710141894
9.244537773111345,0.004539353899281708
9.249537523123845,0.005193937294639303
9.254537273136345,0.006687775085492293
9.259537023148843,0.008092428503367652
9.264536773161343,0.011524431466275855
9.269536523173842,0.008874625564649491
9.274536273186342,0.0016832056271834808
9.27953602319884,0.008497012156773467
9.28453577321134,0.005660006179724765
9.28953552322384,0.00239819076414033
9.294535273236338,0.004867053830073441
9.299535023248838,0.005369756954725528
9.304534773261338,0.01012671683098523
9.309534523273838,0.00352379132800787
9.314534273286336,0.006027768900199516
9.319534023298836,0.006394086475436012
9.324533773311336,0.0008235999405318404
9.329533523323835,0.006699294314478761
9.334533273336334,0.0016198749614729758
9.339533023348833,0.006072686861896771
9.344532773361333,0.00907496249860242
9.349532523373831,0.0023060686297220623
9.354532273386331,0.004709535662298765
9.359532023398831,0.006491044932581754
9.364531773411331,0.004806326485918153
9.369531523423829,0.006891774420535643
9.374531273436329,0.0026407008079506996
9.379531023448829,0.007921020706892549
9.384530773461329,0.004857900248333409
9.389530523473827,0.008331240292761333
9.394530273486327,0.006194301703285619
9.399530023498826,0.0022845893018866204
9.404529773511326,0.010655462773340516
9.409529523523824,0.004950295571596304
9.414529273536324,0.006331433044877843
9.419529023548824,0.010285877123016778
9.424528773561322,0.01674508603709358
9.429528523573822,0.013732176412999666
9.434528273586322,0.005053936638681583
9.439528023598822,0.00274044609847005
9.44452777361132,0.002202622799807494
9.44952752362382,0.009322598395880363
9.45452727363632,0.005358672526708312
9.45952702364882,0.006844326868371669
9.464526773661317,0.006977699764293443
9.469526523673817,0.006314014504606419
9.474526273686317,0.009885944361668265
9.479526023698815,0.005649116127507031
9.484525773711315,0.0065262548529527635
9.489525523723815,0.0009633717129057707
9.494525273736315,0.006252102888628851
9.499525023748813,0.009376833636438627
9.504524773761313,0.006337255710943688
9.509524523773813,0.011063902673677907
9.514524273786312,0.0017296968936731433
9.51952402379881,0.005901425217604883
9.52452377381131,0.008721043159625604
9.52952352382381,0.0055407813951668435
9.534523273836308,0.002681781399801439
9.539523023848808,0.00837965080573184
9.544522773861308,0.015785422296182763
9.549522523873808,0.006777926305386119
9.554522273886306,0.004499856673606768
9.559522023898806,0.009607431576925694
9.564521773911306,0.010524464206118207
9.569521523923806,0.00941559526290103
9.574521273936304,0.007287943888748175
9.579521023948804,0.0069746627238595005
9.584520773961303,0.0033013034322817345
9.589520523973802,0.007435901701807938
9.594520273986301,0.009514315448419793
9.599520023998801,0.005634573340903882
9.604519774011301,0.004925361773748089
9.6095195240238,0.00907055077503563
9.614519274036299,0.005698362927717871
9.619519024048799,0.006213006453383781
9.624518774061299,0.011784929133672248
9.629518524073797,0.007513533677677115
9.634518274086297,0.004593338397076912
9.639518024098797,0.009517474112114703
9.644517774111295,0.008265103192473918
9.649517524123794,0.006271807608606573
9.654517274136294,0.010764112739188
9.659517024148794,0.0020751863394758417
9.664516774161292,0.00209781243210099
9.669516524173792,0.006979646450444136
9.674516274186292,0.009865582593491535
9.679516024198792,0.012007354427736379
9.68451577421129,0.00656472597019273
9.68951552422379,0.00686269082506165
9.69451527423629,0.0025050299205616714
9.699515024248788,0.0026483045834384124
9.704514774261288,0.00631714178327792
9.709514524273787,0.003025624945045649
9.714514274286287,0.006011945043104164
9.719514024298785,0.004590359067742621
9.724513774311285,0.00281542451900408
9.729513524323785,0.006250897522978006
9.734513274336285,0.00564684531398568
9.739513024348783,0.005471319367365435
9.744512774361283,0.004624141941172368
9.749512524373783,0.0014711689374116077
9.75451227438628,0.006706480731976426
9.75951202439878,0.0036651290457524925
9.76451177441128,0.005350425523593243
9.76951152442378,0.0011896797219846553
9.774511274436279,0.003397125534838229
9.779511024448778,0.009291901444761752
9.784510774461278,0.01056130875884132
9.789510524473778,0.00543276499487796
9.794510274486276,0.006868083645660852
9.799510024498776,0.005510383971071316
9.804509774511276,0.00930624024976196
9.809509524523774,0.007831191845016754
9.814509274536274,0.0034745348286827353
9.819509024548774,0.007505344487025399
9.824508774561274,0.0028779645098395493
9.829508524573772,0.0019548047243940327
9.834508274586272,0.005448862584021477
9.839508024598771,0.010264317803962262
9.844507774611271,0.007479995790370345
9.84950752462377,0.0017604107425722893
9.85450727463627,0.004910824678233782
9.859507024648769,0.003031842726190204
9.864506774661267,0.003208618669729568
9.869506524673767,0.0072658014418597715
9.874506274686267,0.0034951337716074733
9.879506024698767,0.008114841976052454
9.884505774711265,0.010733117210606692
9.889505524723765,0.00996782737269992
9.894505274736265,0.00318165727632938
9.899505024748764,0.007352973864954532
9.904504774761262,0.007412570188448354
9.909504524773762,0.008020316210027243
9.914504274786262,0.013272156227956123
9.91950402479876,0.004180852495887719
9.92450377481126,0.013047330721185526
9.92950352482376,0.007468512967048452
9.93450327483626,0.004048644147170145
9.939503024848758,0.0028197755373786768
9.944502774861258,0.005165722546934329
9.949502524873758,0.007759495030323635
9.954502274886257,0.0028797662776638014
9.959502024898756,0.007340288637402158
9.964501774911255,0.0009898354777821848
9.969501524923755,0.00799331323121387
9.974501274936253,0.004855481889095272
9.979501024948753,0.0037565883639399224
9.984500774961253,0.0023990074842622664
9.989500524973753,0.009861420817052513
9.994500274986251,0.013830989775687082
9.999500024998751,0.009763912245440152
10.00449977501125,0.004977157926035946
10.00949952502375,0.010693321996268424
10.014499275036249,0.003667577022565115
10.019499025048749,0.005829554400771563
10.024498775061248,0.002277788688080473
10.029498525073747,0.007983931807555082
10.034498275086246,0.0078069977332777705
10.039498025098746,0.007882061250318692
10.044497775111246,0.008157739945794775
10.049497525123744,0.011164130789074234
10.054497275136244,0.0024781302298223632
10.059497025148744,0.0030601979010750797
10.064496775161244,0.00944408257288508
10.069496525173742,0.013741969765463628
10.074496275186242,0.011016410836660611
10.079496025198742,0.007278969457039158
10.08449577521124,0.0032717974176541525
10.08949552522374,0.005025338000817174
10.09449527523624,0.00497734001015479
10.09949502524874,0.006931638823612461
10.104494775261237,0.004626642832968873
10.109494525273737,0.003839377526021739
10.114494275286237,0.005716101493298143
10.119494025298737,0.006501272758612692
10.124493775311235,0.013073730616033842
10.129493525323735,0.009251027101160807
10.134493275336235,0.006127016592827474
10.139493025348733,0.006353784645839845
10.144492775361233,0.006625873775440425
10.149492525373732,0.005561522949097108
10.154492275386232,0.007705301681531647
10.15949202539873,0.013857077110168857
10.16449177541123,0.004898888173886113
10.16949152542373,0.005165209170704693
10.17449127543623,0.00887636634254098
10.179491025448728,0.01777864684362392
10.184490775461228,0.008401680932400886
10.189490525473728,0.005901394698717049
10.194490275486226,0.009863525658560673
10.199490025498726,0.006505837750512814
10.204489775511226,0.0035221445015618867
10.209489525523725,0.0033155880864569657
10.214489275536224,0.005442021959874928
10.219489025548723,0.0020577272365389673
10.224488775561223,0.002070190722204199
10.229488525573723,0.007435520691072742
10.234488275586221,0.005468771573408576
10.239488025598721,0.006936338816301449
10.244487775611221,0.003352610240802015
10.249487525623719,0.003837112164728147
10.254487275636219,0.005875590257782437
10.259487025648719,0.006317271257756479
10.264486775661219,0.004211325805987023
10.269486525673717,0.006120260250544478
10.274486275686217,0.007170268678763103
10.279486025698716,0.010176123678625958
10.284485775711216,0.0005691569109322208
10.289485525723714,0.007892710531992819
10.294485275736214,0.0033356082710773696
10.299485025748714,0.008342924131122585
10.304484775761212,0.004415657723685901
10.309484525773712,0.005267025337393096
10.314484275786212,0.009776238821484113
10.319484025798712,0.003672871447338124
10.32448377581121,0.008677952978265324
10.32948352582371,0.010021333199322803
10.33448327583621,0.005209111542377593
10.33948302584871,0.005027242933081924
10.344482775861207,0.009171311757136843
10.349482525873707,0.004406537420505963
10.354482275886207,0.0036167351212531723
10.359482025898705,0.0019204509137818767
10.364481775911205,0.001772775305247323
10.369481525923705,0.009082457270372178
10.374481275936205,0.007097781463044326
10.379481025948703,0.0021708513818754233
10.384480775961203,0.008186102715750201
10.389480525973703,0.007988921229877186
10.394480275986202,0.009668136414243248
10.3994800259987,0.00947692400600887
10.4044797760112,0.010407658336934729
10.4094795260237,0.002737814086649292
10.414479276036198,0.010833523449084463
10.419479026048698,0.00662617053579204
10.424478776061198,0.0020516681928698195
10.429478526073698,0.0013026616814634329
10.434478276086196,0.0038591106334146027
10.439478026098696,0.006543020708310554
10.444477776111196,0.009522631733792983
10.449477526123696,0.009205423394152467
10.454477276136194,0.0017631743113180067
10.459477026148694,0.012911392071039704
10.464476776161193,0.005692911349094324
10.469476526173692,0.008879013579217259
10.474476276186191,0.007666134370068406
10.479476026198691,0.006681541914783455
10.484475776211191,0.002865264621955746
10.48947552622369,0.005873458413772289
10.494475276236189,0.006277177383020241
10.499475026248689,0.0061358101047150814
10.504474776261189,0.007305344857193935
10.509474526273687,0.014113704287706983
10.514474276286187,0.0028826823144418004
10.519474026298687,0.010341960206790938
10.524473776311185,0.006644115291280853
10.529473526323684,0.004639412104869217
10.534473276336184,0.00745129911717789
10.539473026348684,0.006375820240606098
10.544472776361182,0.008507947408448197
10.549472526373682,0.015217383910809288
10.554472276386182,0.010858621634941723
10.559472026398682,0.006752399115935511
10.56447177641118,0.00882488569809796
10.56947152642368,0.0073694239105242965
10.57447127643618,0.004797980022136809
10.579471026448678,0.013687346138086112
10.584470776461178,0.007294130416211577
10.589470526473677,0.0061354371096217445
10.594470276486177,0.007218925295047668
10.599470026498675,0.004740669018095545
10.604469776511175,0.007033064309294339
10.609469526523675,0.0027934082009779303
10.614469276536175,0.0058964877322807375
10.619469026548673,0.006319424713721728
10.624468776561173,0.010298219595845119
10.629468526573673,0.004735683322556205
10.63446827658617,0.01309168279704266
10.63946802659867,0.0010004416538278171
10.64446777661117,0.005598298885905893
10.64946752662367,0.007701624569158982
10.654467276636169,0.0016033992880029248
10.659467026648668,0.00886524306323022
10.664466776661168,0.005969650157642762
10.669466526673668,0.004445874883275997
10.674466276686166,0.00772286706398702
10.679466026698666,0.004480537233650924
10.684465776711166,0.0018663040449118419
10.689465526723664,0.004691452444143026
10.694465276736164,0.0021204949788978305
10.699465026748664,0.0023072252837172164
10.704464776761164,0.0025587695069171986
10.709464526773662,0.013929217307379322
10.714464276786162,0.006753153882039126
10.719464026798661,0.0039774586812069915
10.724463776811161,0.006101964431045123
10.72946352682366,0.007917531567965342
10.73446327683616,0.0045360259538148335
10.739463026848659,0.006846595357473194
10.744462776861157,0.003999914393795159
10.749462526873657,0.01032432232248917
10.754462276886157,0.0029275788579176047
10.759462026898657,0.006979330695797137
10.764461776911155,0.006899892131440943
10.769461526923655,0.008687499558751413
10.774461276936155,0.003362162950549721
10.779461026948654,0.003908128281757226
10.784460776961152,0.003348099513932028
10.789460526973652,0.0029704620199828956
10.794460276986152,0.008345631651887415
10.79946002699865,0.014680107829603323
10.80445977701115,0.00531736741192946
10.80945952702365,0.006089774895406321
10.81445927703615,0.0011244316666801954
10.819459027048648,0.007346922231458866
10.824458777061148,0.0046553654188149305
10.829458527073648,0.009270698057255673
10.834458277086148,0.005181488918569606
10.839458027098646,0.008711835387126944
10.844457777111145,0.010348894200582041
10.849457527123645,0.003094667782426488
10.854457277136143,0.006715952352239455
10.859457027148643,0.010938498701380351
10.864456777161143,0.0011457850958661415
10.869456527173643,0.007421525214197007
10.874456277186141,0.003478498750485608
10.879456027198641,0.007583029082287527
10.88445577721114,0.00796454164362163
10.88945552722364,0.008545485169536559
10.894455277236139,0.010082331391447156
10.899455027248639,0.009597368449051655
10.904454777261138,0.0055249839411741705
10.909454527273637,0.01558505642775117
10.914454277286136,0.008329257383507154
10.919454027298636,0.0026129063560558687
10.924453777311136,0.005277445076741315
10.929453527323634,0.004560786386572585
10.934453277336134,0.006983883603574627
10.939453027348634,0.008377876631090892
10.944452777361134,0.007162779800361552
10.949452527373632,0.002651648198853609
10.954452277386132,0.003547852755782988
10.959452027398632,0.003238333019086381
10.96445177741113,0.006770491544591188
10.96945152742363,0.010267317726414848
10.97445127743613,0.004426903762092719
10.97945102744863,0.006255757544733833
10.984450777461127,0.006750915126256287
10.989450527473627,0.009976640224483546
10.994450277486127,0.004261079820179966
10.999450027498627,0.004878308606064494
11.004449777511125,0.00820528406608668
11.009449527523625,0.006016046853604454
11.014449277536125,0.005832356475987228
11.019449027548623,0.0090131838307837
11.024448777561123,0.009002242387387328
11.029448527573622,0.0029922814255465223
11.034448277586122,0.0005703288936806796
11.03944802759862,0.0063565049870765895
11.04444777761112,0.0068603341018668345
11.04944752762362,0.003127117579546557
11.05444727763612,0.011301940849274562
11.059447027648618,0.009987179217371547
11.064446777661118,0.003695786279566093
11.069446527673618,0.016882169083959588
11.074446277686116,0.002725823192771476
11.079446027698616,0.00516411383476917
11.084445777711116,0.009862054903858298
11.089445527723615,0.007209924682713851
11.094445277736114,0.005648351065939336
11.099445027748613,0.0044074099065808435
11.104444777761113,0.006047963868248359
11.109444527773613,0.010945191003778346
11.114444277786111,0.006360701249159182
11.119444027798611,0.0032582528803892586
11.124443777811111,0.011197363482988406
11.12944352782361,0.005206057536187863
11.134443277836109,0.0004123608194279449
11.139443027848609,0.008185036824934112
11.144442777861109,0.0053550585109367384
11.149442527873607,0.0051066378507228696
11.154442277886107,0.0020113861660854978
11.159442027898606,0.004936366894519008
11.164441777911106,0.00828298522510998
11.169441527923604,0.005850965816966779
11.174441277936104,0.009737244280486883
11.179441027948604,0.0038508522296475185
11.184440777961104,0.002789361014384733
11.189440527973602,0.004204302387488116
11.194440277986102,0.0020818427741731973
11.199440027998602,0.00571183243472128
11.2044397780111,0.0035893457961293372
11.2094395280236,0.005480754879664842
11.2144392780361,0.004921328286163655
11.2194390280486,0.005886071544411421
11.224438778061097,0.002637185174016649
11.229438528073597,0.009129024470474556
11.234438278086097,0.001686515078237552
11.239438028098597,0.003472028885839438
11.244437778111095,0.003394045833098913
11.249437528123595,0.002215928925254062
11.254437278136095,0.003096917111759767
11.259437028148593,0.004744231404827522
11.264436778161093,0.003862372185659093
11.269436528173593,0.008667842043309422
11.274436278186093,0.00376678211528979
11.27943602819859,0.00976193877559291
11.28443577821109,0.008808340860202811
11.28943552822359,0.006202979470532573
11.29443527823609,0.007592730756214394
11.299435028248588,0.004447598971309809
11.304434778261088,0.0075290316954433
11.309434528273588,0.007373100748205052
11.314434278286086,0.0014398194386867004
11.319434028298586,0.011813509909057175
11.324433778311086,0.014003149319553048
11.329433528323586,0.006597231285129598
11.334433278336084,0.008452327724033188
11.339433028348584,0.007930002600644621
11.344432778361083,0.0036533670201294357
11.349432528373583,0.0054870074340297205
11.354432278386081,0.004006600963826702
11.359432028398581,0.008767483332588874
11.364431778411081,0.003858529687422726
11.36943152842358,0.009970877843940847
11.374431278436079,0.006434657521500563
11.379431028448579,0.003496595980244357
11.384430778461079,0.0019639557241772237
11.389430528473577,0.0016196702270696202
11.394430278486077,0.002895486122221575
11.399430028498577,0.008026141384106095
11.404429778511076,0.003370068255631437
11.409429528523575,0.0014492244705167471
11.414429278536074,0.009788428627011332
11.419429028548574,0.0008266316381406463
11.424428778561072,0.0021602836912464687
11.429428528573572,0.003911414036741907
11.434428278586072,0.006177162812176472
11.439428028598572,0.002482918859762118
11.44442777861107,0.004939973045746915
11.44942752862357,0.0020858032461146107
11.45442727863607,0.006966425372823919
11.45942702864857,0.005491826798218569
11.464426778661068,0.007542660167251332
11.469426528673567,0.0035075733498896706
11.474426278686067,0.00882178675647393
11.479426028698565,0.002173030349278732
11.484425778711065,0.008731689749457086
11.489425528723565,0.002301957644305027
11.494425278736065,0.010263629639685525
11.499425028748563,0.005115193045427361
11.504424778761063,0.010874733608248647
11.509424528773563,0.002972340401359156
11.514424278786063,0.005738792539955032
11.51942402879856,0.004265567287122384
11.52442377881106,0.004007208668913647
11.52942352882356,0.004220205538870665
11.534423278836059,0.002977218719565114
11.539423028848558,0.005571569270856057
11.544422778861058,0.0008172856791754594
11.549422528873558,0.0030881771149575345
11.554422278886056,0.0011030488519736376
11.559422028898556,0.014267349571531968
11.564421778911056,0.0038994061248899784
11.569421528923556,0.006045100306497581
11.574421278936054,0.003338894733237095
11.579421028948554,0.00638487213181259
11.584420778961054,0.009782978696493028
11.589420528973552,0.01030168657616341
11.594420278986052,0.0032250092420734043
11.599420028998551,0.0009628537686259608
11.604419779011051,0.01154641668509441
11.60941952902355,0.01913742256729608
11.61441927903605,0.003456677456750968
11.619419029048549,0.009263073478313521
11.624418779061049,0.0014530970759974997
11.629418529073547,0.006007255280147774
11.634418279086047,0.006608903297124952
11.639418029098547,0.009453616235385102
11.644417779111045,0.0026039136654787496
11.649417529123545,0.002839743681522031
11.654417279136045,0.007338183150011811
11.659417029148544,0.0017132835536662792
11.664416779161042,0.011941813965483617
11.669416529173542,0.00964044032724431
11.674416279186042,0.010448301498799923
11.679416029198542,0.005684425300311767
11.68441577921104,0.007586741394544512
11.68941552922354,0.013462726897612578
11.69441527923604,0.0013687633974130064
11.699415029248538,0.005321080636747144
11.704414779261038,0.008013956144668065
11.709414529273538,0.008707879957725147
11.714414279286038,0.015771515250790177
11.719414029298536,0.002236777883617819
11.724413779311035,0.005467709727060562
11.729413529323535,0.010947964260766207
11.734413279336035,0.012374732983666762
11.739413029348533,0.0032818211410249676
11.744412779361033,0.004881170299948487
11.749412529373533,0.0043266378390062745
11.754412279386031,0.014287251093945503
11.759412029398531,0.003490088133982449
11.76441177941103,0.00669923023804018
11.76941152942353,0.005552754178321586
11.774411279436029,0.003685681776452994
11.779411029448529,0.0047739587361507055
11.784410779461028,0.0027611624528851293
11.789410529473528,0.0032572794699109223
11.794410279486026,0.012860580058065379
11.799410029498526,0.0071555439158273995
11.804409779511026,0.001348742404236513
11.809409529523524,0.009523075611320375
11.814409279536024,0.005605881969501282
11.819409029548524,0.01317244359859323
11.824408779561024,0.003233360573328087
11.829408529573522,0.010860163609476342
11.834408279586022,0.014744153321662156
11.839408029598522,0.010838056106632618
11.844407779611021,0.007417572372862765
11.84940752962352,0.009395417129555307
11.85440727963602,0.0026531805503829586
11.85940702964852,0.005409786738006713
11.864406779661017,0.015346845905844807
11.869406529673517,0.003721028200369557
11.874406279686017,0.005120680565561357
11.879406029698517,0.0027900393187757846
11.884405779711015,0.0076570080926628105
11.889405529723515,0.007499710425861764
11.894405279736015,0.003330490216188434
11.899405029748515,0.0032315703554173522
11.904404779761013,0.006113654287889533
11.909404529773512,0.008798509745575613
11.914404279786012,0.008670782772727287
11.91940402979851,0.012441461675467249
11.92440377981101,0.009586720073677566
11.92940352982351,0.00784895196443022
11.93440327983601,0.0004943293463784809
11.939403029848508,0.004175680999714514
11.944402779861008,0.0067517846505436435
11.949402529873508,0.004787339713987526
11.954402279886008,0.004302473073251071
11.959402029898506,0.0032077869937896506
11.964401779911006,0.007382709598340795
11.969401529923505,0.00416568980891762
11.974401279936004,0.002884643561021874
11.979401029948503,0.004306061655761946
11.984400779961003,0.011096302772570706
11.989400529973503,0.002219572095760806
11.994400279986001,0.008351233971580909
11.999400029998501,0.005149965415379627
12.004399780011001,0.003328387094225913
12.0093995300235,0.0026833434283995003
12.014399280035999,0.0005596817024969903
12.019399030048499,0.0027890516300445914
12.024398780060999,0.005656495112820296
12.029398530073497,0.01040406555189709
12.034398280085997,0.005142010764894778
12.039398030098496,0.000940370732413414
12.044397780110996,0.009531976692228777
12.049397530123494,0.005821579979498604
12.054397280135994,0.003250731263178418
12.059397030148494,0.005049734960758937
12.064396780160994,0.004273039110287714
12.069396530173492,0.014340264228492144
12.074396280185992,0.012492375583357768
12.079396030198492,0.01185551675317556
12.08439578021099,0.0036118633841867643
12.08939553022349,0.00785858482752817
12.09439528023599,0.006139262165055666
12.09939503024849,0.004961303876309034
12.104394780260987,0.009679403263405037
12.109394530273487,0.012916716978817895
12.114394280285987,0.007055450594381892
12.119394030298487,0.010203411202844008
12.124393780310985,0.002815592974533517
12.129393530323485,0.006852268899013341
12.134393280335985,0.0026771810185424244
12.139393030348483,0.012977254152109437
12.144392780360983,0.0032978779859436863
12.149392530373483,0.009959194736721409
12.154392280385983,0.005854518018059597
12.15939203039848,0.0014851939718860208
12.16439178041098,0.006012708310744201
12.16939153042348,0.005899041256489015
12.17439128043598,0.006232783810703633
12.179391030448478,0.006372604491264608
12.184390780460978,0.007333533984415357
12.189390530473478,0.006836134702822336
12.194390280485976,0.007347179320788862
12.199390030498476,0.006836569898846022
12.204389780510976,0.009201571912104443
12.209389530523476,0.004240912814592015
12.214389280535974,0.011325413965157505
12.219389030548474,0.010258095557966498
12.224388780560973,0.007508958852870178
12.229388530573473,0.008703978841290594
12.234388280585971,0.010649446065424503
12.239388030598471,0.004701758860140424
12.244387780610971,0.006051294753526417
12.24938753062347,0.006556284948014932
12.254387280635969,0.0038284105369094067
12.259387030648469,0.008247180628073498
12.264386780660969,0.010079161189649962
12.269386530673467,0.00483975263394081
12.274386280685967,0.0046657580037747825
12.279386030698467,0.01089852243992597
12.284385780710966,0.0036641594930977442
12.289385530723465,0.0020253178108964077
12.294385280735964,0.007181909593721879
12.299385030748464,0.002901192458425102
12.304384780760962,0.008624558030358796
12.309384530773462,0.004609168312080631
12.314384280785962,0.007711028533582479
12.319384030798462,0.009913391487299663
12.32438378081096,0.003578719451048892
12.32938353082346,0.0019361105583223883
12.33438328083596,0.007499603881009011
12.33938303084846,0.003905421490550405
12.344382780860958,0.002162430632161496
12.349382530873457,0.010061321093264998
12.354382280885957,0.006412357256606099
12.359382030898455,0.005669845728497967
12.364381780910955,0.004142304005285542
12.369381530923455,0.002507133896195639
12.374381280935955,0.010423873366099642
12.379381030948453,0.0076287712186947085
12.384380780960953,0.013256069004143283
12.389380530973453,0.010695626478173974
12.394380280985953,0.008764293348238
12.39938003099845,0.007847656528928397
12.40437978101095,0.00834136407196921
12.40937953102345,0.00531323461958614
12.414379281035949,0.006288628046164964
12.419379031048448,0.003199873282189742
12.424378781060948,0.004228462028454483
12.429378531073448,0.007515529142945879
12.434378281085946,0.0025497760346591372
12.439378031098446,0.0060646985523036484
12.444377781110946,0.009158354976721893
12.449377531123446,0.012015428111722437
12.454377281135944,0.004892152536419182
12.459377031148444,0.009571078253820546
12.464376781160944,0.01179217572238666
12.469376531173442,0.0064590620819135495
12.474376281185942,0.011021904356909763
12.479376031198441,0.00825467150962518
12.484375781210941,0.005339769515241612
12.48937553122344,0.003343421384981575
12.49437528123594,0.008589515289179226
12.499375031248439,0.0060484637884104684
12.504374781260939,0.008288175735965487
12.509374531273437,0.004987532634452699
12.514374281285937,0.01371526109587277
12.519374031298437,0.0043117868503462315
12.524373781310935,0.004760211614925437
12.529373531323435,0.0074689205111239275
12.534373281335935,0.004785726254994626
12.539373031348434,0.006703282198095047
12.544372781360932,0.00934915397175721
12.549372531373432,0.007866628802822639
12.554372281385932,0.0030657682994770182
12.559372031398432,0.0039998772175231
12.56437178141093,0.0032395984712532667
12.56937153142343,0.011396529874649449
12.57437128143593,0.008141430790459817
12.579371031448428,0.0038468131751472675
12.584370781460928,0.009779773475433289
12.589370531473428,0.005016526883347993
12.594370281485928,0.009978224106232834
12.599370031498426,0.006066977206145816
12.604369781510925,0.010760634010191984
12.609369531523425,0.008460720220491644
12.614369281535925,0.007045353161916749
12.619369031548423,0.0053883872099516235
12.624368781560923,0.008288145232409349
12.629368531573423,0.01189561198896446
12.634368281585921,0.0034638502596318357
12.639368031598421,0.008598007984305643
12.64436778161092,0.002784298390815946
12.64936753162342,0.001657469425797252
12.654367281635919,0.005883360426453033
12.659367031648419,0.006070445036507611
12.664366781660918,0.006308275729980274
12.669366531673418,0.007150691014556407
12.674366281685916,0.00330367565920891
12.679366031698416,0.00601939121193593
12.684365781710916,0.004553148157786062
12.689365531723414,0.0052731425928504135
12.694365281735914,0.014982020903029176
12.699365031748414,0.004506151551250382
12.704364781760914,0.014434391306022594
12.709364531773412,0.003090746083012417
12.714364281785912,0.007883526941893563
12.719364031798412,0.0022698964046982874
12.724363781810911,0.005151511649343611
12.72936353182341,0.02078897566077636
12.73436328183591,0.003106808930731377
12.73936303184841,0.007417173324651006
12.744362781860907,0.0018569362825545538
12.749362531873407,0.007185552923382792
12.754362281885907,0.005509465103016828
12.759362031898407,0.006589064456149474
12.764361781910905,0.007419102400634736
12.769361531923405,0.009543725084565557
12.774361281935905,0.00767462955464824
12.779361031948405,0.006308118645711225
12.784360781960903,0.007186782088920782
12.789360531973403,0.00301006985965766
12.794360281985902,0.008012352785993703
12.7993600319984,0.010732294387446429
12.8043597820109,0.006013385912309206
12.8093595320234,0.01161224834559865
12.8143592820359,0.006799622496488202
12.819359032048398,0.010701646170679145
12.824358782060898,0.0090162284246307
12.829358532073398,0.003379028640274387
12.834358282085898,0.005710200324792431
12.839358032098396,0.00817053724237234
12.844357782110896,0.014810779315001115
12.849357532123395,0.008251913252566492
12.854357282135895,0.008147029660943201
12.859357032148393,0.0051228672870743475
12.864356782160893,0.011854417351265656
12.869356532173393,0.005611957065472335
12.874356282185891,0.00250558828052484
12.879356032198391,0.00767696592272386
12.884355782210891,0.009989320082904901
12.88935553222339,0.008050372016448525
12.894355282235889,0.007120311431197119
12.899355032248389,0.0049279423694542565
12.904354782260889,0.004115072614871906
12.909354532273388,0.005628054570078002
12.914354282285887,0.005379431858693977
12.919354032298386,0.003129425105569782
12.924353782310886,0.0128039756720638
12.929353532323384,0.00877418629407554
12.934353282335884,0.008669962089329018
12.939353032348384,0.0040175684712110875
12.944352782360884,0.004450973677669528
12.949352532373382,0.006517025210476738
12.954352282385882,0.005586263620516281
12.959352032398382,0.011678981000377732
12.964351782410882,0.010457385117213587
12.96935153242338,0.005187782870569898
12.97435128243588,0.002531904405681427
12.97935103244838,0.008947119734239495
12.984350782460877,0.004654836235084139
12.989350532473377,0.005680157919390568
12.994350282485877,0.0034951568268100433
12.999350032498377,0.009386399745309313
13.004349782510875,0.002217195201142293
13.009349532523375,0.0061953922396407925
13.014349282535875,0.007668680670901124
13.019349032548375,0.012149462379101661
13.024348782560873,0.010142397888948065
13.029348532573373,0.011800403230371716
13.034348282585873,0.004858463677625672
13.03934803259837,0.00459514642872509
13.04434778261087,0.009248166238852759
13.04934753262337,0.009579850947009631
13.05434728263587,0.00659870876314019
13.059347032648368,0.0059876170172757795
13.064346782660868,0.0065656373382368275
13.069346532673368,0.008711027660472185
13.074346282685868,0.004595356073190665
13.079346032698366,0.00984038379792316
13.084345782710866,0.00807890355237461
13.089345532723366,0.0034998787585576218
13.094345282735864,0.00684264483690078
13.099345032748364,0.008701121456690447
13.104344782760863,0.007741711697972107
13.109344532773363,0.005604960674778569
13.114344282785861,0.003437052299025681
13.119344032798361,0.0036229632935355265
13.124343782810861,0.0042701331524501885
13.129343532823361,0.00941768686280273
13.134343282835859,0.012917770072525753
13.139343032848359,0.005886534479186045
13.144342782860859,0.004510658038672603
13.149342532873357,0.007278522213864474
13.154342282885857,0.007256704968658883
13.159342032898357,0.004767208266687224
13.164341782910856,0.008001885045068394
13.169341532923355,0.012706136008833338
13.174341282935854,0.0033996665646812835
13.179341032948354,0.01184011344584681
13.184340782960854,0.0011171038433542971
13.189340532973352,0.00536216623146808
13.194340282985852,0.01484962771455651
13.199340032998352,0.003386943490711627
13.20433978301085,0.00619626117701805
13.20933953302335,0.0029653382091912924
13.21433928303585,0.001507749223124645
13.21933903304835,0.0045263473808930905
13.224338783060848,0.0014711202194263406
13.229338533073348,0.0061183352032165685
13.234338283085847,0.005510234669816691
13.239338033098347,0.004303585457793332
13.244337783110845,0.008819825694712433
13.249337533123345,0.012736074290049068
13.254337283135845,0.006788205634989879
13.259337033148343,0.006622189281676465
13.264336783160843,0.012505600286285794
13.269336533173343,0.001724556143068837
13.274336283185843,0.008364446019230469
13.27933603319834,0.004734688413603542
13.28433578321084,0.00778579066199193
13.28933553322334,0.005296129811600866
13.29433528323584,0.005974203319060085
13.299335033248338,0.0016675829164781262
13.304334783260838,0.007234067443178744
13.309334533273338,0.006204032174454636
13.314334283285836,0.010514179863664605
13.319334033298336,0.015201090559943826
13.324333783310836,0.005896995904708601
13.329333533323336,0.009987482218800775
13.334333283335834,0.004249277226063219
13.339333033348334,0.010420475608152173
13.344332783360834,0.006004690041188673
13.349332533373333,0.000896134636880413
13.354332283385832,0.008945403403651474
13.359332033398331,0.005392402735004343
13.364331783410831,0.011782963788993552
13.36933153342333,0.011214927859679076
13.37433128343583,0.003907664213265494
13.379331033448329,0.003641734657940117
13.384330783460829,0.0037448190426311485
13.389330533473327,0.0063001790506267315
13.394330283485827,0.006937979626745242
13.399330033498327,0.0072746670985288486
13.404329783510827,0.008512533602145753
13.409329533523325,0.005736842234001154
13.414329283535825,0.009152481261529248
13.419329033548324,0.007642508136401298
13.424328783560822,0.0033618298253277903
13.429328533573322,0.005594670541526992
13.434328283585822,0.0023011434886065756
13.439328033598322,0.0021476939164921352
13.44432778361082,0.005230594248416494
13.44932753362332,0.005397892642790793
13.45432728363582,0.003746976088189451
13.45932703364832,0.005640752028902043
13.464326783660818,0.0023249992169181387
13.469326533673318,0.006987170004597874
13.474326283685818,0.012063046865954672
13.479326033698316,0.008085715323925338
13.484325783710815,0.0030936265597454786
13.489325533723315,0.0038760125851998273
13.494325283735815,0.00788110232922985
13.499325033748313,0.008209046755198192
13.504324783760813,0.008821859602378905
13.509324533773313,0.004634770897772306
13.514324283785813,0.00854434683565257
13.519324033798311,0.0031119268430221006
13.52432378381081,0.008302010428704517
13.52932353382331,0.006978757000703982
13.534323283835809,0.014993775079800568
13.539323033848309,0.00714911133538155
13.544322783860808,0.009770757435306778
13.549322533873308,0.011253538681790375
13.554322283885806,0.0031353593954219884
13.559322033898306,0.0013826599934085265
13.564321783910806,0.002895814143121752
13.569321533923306,0.0015878049207057353
13.574321283935804,0.007627703090081768
13.579321033948304,0.003006566060662106
13.584320783960804,0.007287587003941007
13.589320533973302,0.005227339018936932
13.594320283985802,0.0035797292993663926
13.599320033998302,0.004751660721874466
13.604319784010801,0.002803630409311541
13.6093195340233,0.00823734988209358
13.6143192840358,0.006460041732202079
13.6193190340483,0.003289065561586976
13.624318784060799,0.010216509936056693
13.629318534073297,0.0025285768188114356
13.634318284085797,0.00819809717319584
13.639318034098297,0.006557757137568543
13.644317784110795,0.00504304327119438
13.649317534123295,0.0018145467136252201
13.654317284135795,0.0030715059810319384
13.659317034148295,0.00276906871128901
13.664316784160793,0.008116295537851462
13.669316534173293,0.006821903146152603
13.674316284185792,0.0029673842179059563
13.679316034198292,0.005993506737574623
13.68431578421079,0.008681837123941855
13.68931553422329,0.011846044256763196
13.69431528423579,0.005732257496163551
13.699315034248288,0.004434586853579915
13.704314784260788,0.005608485061838667
13.709314534273288,0.010218073830298059
13.714314284285788,0.00496801751974286
13.719314034298286,0.006330355176711725
13.724313784310786,0.005152085549292144
13.729313534323285,0.003798778852372087
13.734313284335785,0.010748597271426956
13.739313034348283,0.0010987518178065681
13.744312784360783,0.001605134485911511
13.749312534373283,0.00754264755596204
13.754312284385781,0.00673370139854755
13.759312034398281,0.008854736479617714
13.764311784410781,0.006889782767478179
13.76931153442328,0.008132280537644627
13.774311284435779,0.007359647763584966
13.779311034448279,0.005910233959059967
13.784310784460779,0.003909538070931349
13.789310534473278,0.009279098131087744
13.794310284485777,0.004499052460613625
13.799310034498276,0.0032123612379011722
13.804309784510776,0.007251639900529583
13.809309534523274,0.006068094145940706
13.814309284535774,0.002735877437777542
13.819309034548274,0.009366465521710533
13.824308784560774,0.009131924782889902
13.829308534573272,0.009953774241152128
13.834308284585772,0.014172431505622599
13.839308034598272,0.0033817433883838433
13.844307784610772,0.0035999082245372948
13.84930753462327,0.007477376168591354
13.85430728463577,0.007010772164346492
13.85930703464827,0.0027384497914321603
13.864306784660767,0.0034668980136435693
13.869306534673267,0.004347380376017901
13.874306284685767,0.009132034598727816
13.879306034698267,0.004077942937114429
13.884305784710765,0.0034719392392185753
13.889305534723265,0.005801727984165052
13.894305284735765,0.012867695033689227
13.899305034748265,0.004621074204137808
13.904304784760763,0.003701978214117767
13.909304534773263,0.006028115580614019
13.914304284785763,0.007552493220427961
13.91930403479826,0.004968551678865641
13.92430378481076,0.0024187083059205275
13.92930353482326,0.005670465372266154
13.93430328483576,0.001611934338610742
13.939303034848258,0.005196651893882396
13.944302784860758,0.005323247289687704
13.949302534873258,0.0034843762006407783
13.954302284885758,0.00446957913345286
13.959302034898256,0.00671433895417173
13.964301784910756,0.002590347469286455
13.969301534923256,0.009615943837556398
13.974301284935754,0.008874824143703566
13.979301034948254,0.007725076282984739
13.984300784960753,0.00511779998991714
13.989300534973253,0.00569029433063202
13.994300284985751,0.0032454107415806
13.999300034998251,0.0038548758061600933
14.004299785010751,0.003723638058437631
14.009299535023251,0.00658054183125722
14.014299285035749,0.010645529522884395
14.019299035048249,0.005377389317928705
14.024298785060749,0.0038245197531686747
14.029298535073247,0.009664567435970715
14.034298285085747,0.00444572839850647
14.039298035098247,0.0073306914879561775
14.044297785110746,0.010030326193478429
14.049297535123245,0.007004447511067504
14.054297285135744,0.007050396463589167
14.059297035148244,0.005382260501088021
14.064296785160744,0.0013727485819393672
14.069296535173242,0.006754487632723563
14.074296285185742,0.008300347960006867
14.079296035198242,0.004052513640379825
14.08429578521074,0.006710599283865608
14.08929553522324,0.004389369592604936
14.09429528523574,0.0024657635771381937
14.09929503524824,0.006159665594535133
14.104294785260738,0.0006066249258202223
14.109294535273238,0.0074060750248633915
14.114294285285737,0.009467990744472523
14.119294035298237,0.00797309490228027
14.124293785310735,0.002069232495880697
14.129293535323235,0.0034345930173004056
14.134293285335735,0.012788404362616728
14.139293035348233,0.004397484420698177
14.144292785360733,0.0027658869513387916
14.149292535373233,0.004257064764150322
14.154292285385733,0.008690205490536625
14.15929203539823,0.00784895300350851
14.16429178541073,0.008254314852907728
14.16929153542323,0.005222923461187809
14.17429128543573,0.003845766395170272
14.179291035448228,0.0025106339781634473
14.184290785460728,0.0053141076927242506
14.189290535473228,0.008379675744110205
14.194290285485726,0.00344466282120328
14.199290035498226,0.010447318383387307
14.204289785510726,0.011413998201985095
14.209289535523226,0.006741879411806342
14.214289285535724,0.006258149203900761
14.219289035548224,0.006911387250226954
14.224288785560724,0.002264670771879791
14.229288535573223,0.002176362187153458
14.234288285585722,0.005167824225527008
14.239288035598221,0.011000863542035923
14.244287785610721,0.005481916095730673
14.24928753562322,0.004213943798725786
14.25428728563572,0.0036819852171641426
14.259287035648219,0.011271641886944874
14.264286785660719,0.006516778184019799
14.269286535673217,0.003430175996621511
14.274286285685717,0.005099784231054228
14.279286035698217,0.013207786381204997
14.284285785710717,0.011499080341792074
14.289285535723215,0.01007936821945531
14.294285285735715,0.0025714132331914547
14.299285035748214,0.010143267582826642
14.304284785760712,0.011840619703087184
14.309284535773212,0.006115609574452321
14.314284285785712,0.0027627000324172675
14.319284035798212,0.009653249131029096
14.32428378581071,0.01759198536588731
14.32928353582321,0.004381745937009096
14.33428328583571,0.005430660096086403
14.33928303584821,0.006673265039478218
14.344282785860708,0.008120995812077841
14.349282535873208,0.013215377380602054
14.354282285885708,0.0038722295919118702
14.359282035898206,0.006962158847169476
14.364281785910705,0.0062815904493617545
14.369281535923205,0.006649786668788427
14.374281285935705,0.007530335900817128
14.379281035948203,0.003649817912821448
14.384280785960703,0.0122202657917297
14.389280535973203,0.011615750044147118
14.394280285985703,0.005533649705137399
14.399280035998201,0.00352016344855751
14.4042797860107,0.0030334346519835594
14.4092795360232,0.012738187850924785
14.414279286035699,0.006879724120968692
14.419279036048199,0.00954796283801948
14.424278786060698,0.0028284393571341177
14.429278536073198,0.0005643832556693513
14.434278286085696,0.0048879195845641975
14.439278036098196,0.0044046879746791785
14.444277786110696,0.0011036722871157058
14.449277536123196,0.005127032236319847
14.454277286135694,0.004879993473383746
14.459277036148194,0.009700580903305956
14.464276786160694,0.000957805370156059
14.469276536173192,0.004580203163021066
14.474276286185692,0.012723867909074857
14.479276036198192,0.007447265514451319
14.484275786210691,0.0018878855223828299
14.48927553622319,0.004557411701536624
14.49427528623569,0.005134127825181033
14.49927503624819,0.0014959366339149585
14.50427478626069,0.015068947135151223
14.509274536273187,0.008090213551210736
14.514274286285687,0.005087806440831632
14.519274036298187,0.00480266399596633
14.524273786310687,0.008383687125505189
14.529273536323185,0.008419924736649837
14.534273286335685,0.007346503810906051
14.539273036348185,0.006890187008688629
14.544272786360683,0.001031125320127058
14.549272536373183,0.014208536363318156
14.554272286385682,0.009704651159048389
14.559272036398182,0.005450288827283643
14.56427178641068,0.006779146307877806
14.56927153642318,0.010124634254185479
14.57427128643568,0.0030555997173214774
14.57927103644818,0.005653898828663055
14.584270786460678,0.00538994563779516
14.589270536473178,0.007689133957160836
14.594270286485678,0.006510173502529078
14.599270036498176,0.006419872914891064
14.604269786510676,0.0038254726573839874
14.609269536523176,0.0048719842541542
14.614269286535675,0.0021636535069503044
14.619269036548173,0.005737718800437059
14.624268786560673,0.007254911367763525
14.629268536573173,0.0070802468325170086
14.634268286585673,0.008379834343044854
14.639268036598171,0.003883435576997194
14.644267786610671,0.006263324258291495
14.64926753662317,0.004676292459689318
14.654267286635669,0.009442266300608607
14.659267036648169,0.006190045731731068
14.664266786660669,0.00980353400726661
14.669266536673168,0.008663200016216366
14.674266286685667,0.004968159060674448
14.679266036698166,0.0022448910605829477
14.684265786710666,0.008206224430610119
14.689265536723166,0.007441932806829416
14.694265286735664,0.01209186121924842
14.699265036748164,0.00791939717748603
14.704264786760664,0.0068938459104537836
14.709264536773162,0.008329630835038378
14.714264286785662,0.0019098300749196698
14.719264036798162,0.004030724350021749
14.724263786810662,0.001670884471641144
14.72926353682316,0.005026044074838161
14.73426328683566,0.002589196088805157
14.73926303684816,0.004124487139419447
14.74426278686066,0.008109950369207612
14.749262536873157,0.006793710169256477
14.754262286885657,0.004316519993316848
14.759262036898157,0.0034223375945386736
14.764261786910655,0.008848716799765016
14.769261536923155,0.0041561616763376216
14.774261286935655,0.0106731230239685
14.779261036948155,0.010622363367788096
14.784260786960653,0.0051013405298374155
14.789260536973153,0.005159268009215179
14.794260286985653,0.009930074359293082
14.799260036998152,0.005169599117580617
14.80425978701065,0.0027837331738364917
14.80925953702315,0.009868135380127317
14.81425928703565,0.005566034717119375
14.819259037048148,0.010981253149756188
14.824258787060648,0.008838179555831337
14.829258537073148,0.007936451950790346
14.834258287085648,0.00888732135528921
14.839258037098146,0.004414464144663045
14.844257787110646,0.002001989278942827
14.849257537123146,0.00928887809758606
14.854257287135646,0.005688044644579269
14.859257037148144,0.012667814967283692
14.864256787160643,0.007561003071548652
14.869256537173143,0.010159913552233857
14.874256287185641,0.0037882785423451197
14.879256037198141,0.0025728105059029693
14.884255787210641,0.007597541929377965
14.889255537223141,0.004564376385992724
14.894255287235639,0.010145205577577325
14.899255037248139,0.0015450039943470239
14.904254787260639,0.004749812952389269
14.909254537273139,0.0034731509786717087
14.914254287285637,0.007109307406695852
14.919254037298137,0.007135572621418179
14.924253787310636,0.004556120476480299
14.929253537323135,0.007086863108607307
14.934253287335634,0.00652657713146498
14.939253037348134,0.010458675769388451
14.944252787360634,0.0067123120107085025
14.949252537373132,0.0010652792177830185
14.954252287385632,0.007225426662164944
14.959252037398132,0.0027518615254491403
14.964251787410632,0.010391436438425865
14.96925153742313,0.0031152290843541397
14.97425128743563,0.006989070092112917
14.97925103744813,0.0011564999723063692
14.984250787460628,0.005090086139861484
14.989250537473128,0.01152085964382466
14.994250287485627,0.00399460378030287
14.999250037498127,0.003791827268853014
15.004249787510625,0.0017837340782136776
15.009249537523125,0.004501859249182815
15.014249287535625,0.0025113052017421136
15.019249037548125,0.00650052966613806
15.024248787560623,0.00022398147861382888
15.029248537573123,0.004416218423317597
15.034248287585623,0.004205462854014643
15.03924803759812,0.0030316842567613593
15.04424778761062,0.007085824959298914
15.04924753762312,0.011642180461772088
15.05424728763562,0.004091846819143415
15.059247037648118,0.007315954029657625
15.064246787660618,0.013011655350990851
15.069246537673118,0.0061313601842268835
15.074246287685618,0.0058914913967609145
15.079246037698116,0.007189176964332361
15.084245787710616,0.005300195993338458
15.089245537723116,0.006349921609767499
15.094245287735614,0.003138763111890689
15.099245037748114,0.002918006673567926
15.104244787760614,0.005741258224061833
15.109244537773113,0.007604141958375407
15.114244287785612,0.006722877994379709
15.119244037798111,0.0028280637044948488
15.124243787810611,0.008764731154060117
15.129243537823111,0.008253737960561097
15.13424328783561,0.003852546441558196
15.139243037848109,0.005177146787829397
15.144242787860609,0.0061593378567466744
15.149242537873107,0.006749243181061989
15.154242287885607,0.004675358601875884
15.159242037898107,0.005411339281432073
15.164241787910607,0.01211578360062734
15.169241537923105,0.0014592243363154987
15.174241287935605,0.006054341677000577
15.179241037948104,0.005602858071051463
15.184240787960604,0.002997907807305257
15.189240537973102,0.002972155684320822
15.194240287985602,0.011451358651047221
15.199240037998102,0.005789205210115157
15.2042397880106,0.003490876730538689
15.2092395380231,0.006239708295057883
15.2142392880356,0.007487535251249446
15.2192390380481,0.0033334812420154837
15.224238788060598,0.004889153202091756
15.229238538073098,0.004983223672564378
15.234238288085598,0.005607366838622817
15.239238038098097,0.0065858045929782965
15.244237788110595,0.0145218445741274
15.249237538123095,0.00478337455335045
15.254237288135595,0.005229870026221609
15.259237038148093,0.01078620188272752
15.264236788160593,0.007205353698739977
15.269236538173093,0.001755367706846612
15.274236288185593,0.0034560634952395686
15.279236038198091,0.004733333248640763
15.28423578821059,0.006239593647657397
15.28923553822309,0.00606629785648823
15.29423528823559,0.012219068456183476
15.299235038248089,0.002632296959542604
15.304234788260588,0.00484848761796436
15.309234538273088,0.004771400677648702
15.314234288285586,0.006938452928186833
15.319234038298086,0.0020493703534280945
15.324233788310586,0.004326802230250994
15.329233538323086,0.007777479382260043
15.334233288335584,0.001756051730281865
15.339233038348084,0.005862620320432319
15.344232788360584,0.006613629609051941
15.349232538373084,0.0010528719479117662
15.354232288385582,0.005243186154780983
15.359232038398082,0.0032147124735333707
15.364231788410581,0.0024884048812975116
15.36923153842308,0.008944489249731001
15.37423128843558,0.005415904584597031
15.37923103844808,0.011741647041514989
15.38423078846058,0.010248280150789112
15.389230538473077,0.003398270002350817
15.394230288485577,0.0009656549738305389
15.399230038498077,0.011001699947289152
15.404229788510577,0.004457048304398357
15.409229538523075,0.002652787103292457
15.414229288535575,0.0056356958141291985
15.419229038548075,0.008151572648575023
15.424228788560573,0.008784531028752877
15.429228538573073,0.0041222358618228285
15.434228288585572,0.005416487726031143
15.439228038598072,0.00502585608854304
15.44422778861057,0.0060686725731932
15.44922753862307,0.006142671199825106
15.45422728863557,0.00492998896710023
15.45922703864807,0.008139125445309245
15.464226788660568,0.0036359607202071016
15.469226538673068,0.0026541535280492313
15.474226288685568,0.00803944693263493
15.479226038698066,0.006475497586214852
15.484225788710566,0.0034096178062234944
15.489225538723066,0.0063612075573497425
15.494225288735565,0.012812162020605141
15.499225038748063,0.004952774202021791
15.504224788760563,0.0029405503341046533
15.509224538773063,0.002129978752356684
15.514224288785563,0.004597816747773573
15.519224038798061,0.003198771739302383
15.524223788810561,0.009964745548125025
15.52922353882306,0.0024101336469580714
15.534223288835559,0.002348321758723962
15.539223038848059,0.007071223691680995
15.544222788860559,0.001737726471430626
15.549222538873058,0.004406506872786973
15.554222288885557,0.006500339674261064
15.559222038898056,0.00023935539510237008
15.564221788910556,0.005385762776243325
15.569221538923056,0.013812278081524817
15.574221288935554,0.013921984042324805
15.579221038948054,0.0038332404147026723
15.584220788960554,0.008005267399212144
15.589220538973052,0.0023645390102170747
15.594220288985552,0.007014960024877955
15.599220038998052,0.006770871359397433
15.604219789010552,0.00814149107409606
15.60921953902305,0.01176903821886663
15.61421928903555,0.002003162765086782
15.61921903904805,0.002011346167040673
15.62421878906055,0.008351450510577865
15.629218539073047,0.008041878019091115
15.634218289085547,0.003287794974340089
15.639218039098047,0.0031959210895718417
15.644217789110545,0.00812806444378283
15.649217539123045,0.003643013583832098
15.654217289135545,0.0122996219692609
15.659217039148045,0.006996397187773451
15.664216789160543,0.001354923478591918
15.669216539173043,0.00569186040583126
15.674216289185543,0.010007368752341577
15.679216039198042,0.0038738637361671567
15.68421578921054,0.003120739539157644
15.68921553922304,0.006086870016016008
15.69421528923554,0.007309140087178128
15.699215039248038,0.00305879375559177
15.704214789260538,0.006049118739986828
15.709214539273038,0.005848930733399475
15.714214289285538,0.007625738197420554
15.719214039298036,0.009133170301681398
15.724213789310536,0.00427541356100668
15.729213539323036,0.009376167470800827
15.734213289335536,0.0010365117661377099
15.739213039348034,0.003655584752924582
15.744212789360533,0.0050828439788150465
15.749212539373033,0.0034886985812518593
15.754212289385531,0.0027164600234881914
15.759212039398031,0.006977419916647015
15.764211789410531,0.005761011175826453
15.769211539423031,0.00508751334596871
15.774211289435529,0.010144947192656949
15.779211039448029,0.004840668855953553
15.784210789460529,0.006906905264207458
15.789210539473029,0.002783353568713766
15.794210289485527,0.0013742489511674155
15.799210039498027,0.005169260937964718
15.804209789510526,0.009412472582060924
15.809209539523025,0.005871255017502229
15.814209289535524,0.0009564529127959895
15.819209039548024,0.003718782604383398
15.824208789560524,0.009041058755370169
15.829208539573022,0.007849057215240568
15.834208289585522,0.0077001858373746
15.839208039598022,0.006787075732048731
15.844207789610522,0.00607857656438593
15.84920753962302,0.005339143022130346
15.85420728963552,0.003494685046165272
15.85920703964802,0.005728024754579939
15.864206789660518,0.0038328209976456746
15.869206539673018,0.008068255871723443
15.874206289685517,0.005853588866760649
15.879206039698017,0.017614322604328023
15.884205789710515,0.010839252124820535
15.889205539723015,0.00510244622724593
15.894205289735515,0.0038308380458492767
15.899205039748015,0.013380206143691958
15.904204789760513,0.004255958859648009
15.909204539773013,0.009097069784629146
15.914204289785513,0.006657429433623333
15.91920403979801,0.011674856122358326
15.92420378981051,0.009609660532834859
15.92920353982301,0.011586582040061416
15.93420328983551,0.002786861152474021
15.939203039848008,0.01099029842807271
15.944202789860508,0.0054702900835110245
15.949202539873008,0.0027726138972125154
15.954202289885508,0.005874309970673892
15.959202039898006,0.003071536159555494
15.964201789910506,0.011268660544107698
15.969201539923006,0.006569965631546215
15.974201289935504,0.008891261002483438
15.979201039948004,0.006381687495774587
15.984200789960504,0.009670281782717458
15.989200539973004,0.006993234178058066
15.994200289985502,0.012394113067161098
15.999200039998001,0.0052310855698538645
16.0041997900105,0.0032999198469590486
16.009199540023,0.019567987504460926
16.0141992900355,0.007827031643020324
16.019199040048,0.0011509360455962685
16.0241987900605,0.0024665042490652524
16.029198540072997,0.004993375262824385
16.0341982900855,0.004799295271063426
16.039198040097997,0.011568762844226897
16.044197790110495,0.01476594249174674
16.049197540122996,0.01268032788455288
16.054197290135495,0.005500948459134254
16.059197040147993,0.0038581598299155056
16.064196790160494,0.004426320298611918
16.069196540172992,0.002756978937815854
16.074196290185494,0.010044467551590242
16.079196040197992,0.006807270738445266
16.08419579021049,0.0040504071640483546
16.089195540222992,0.003949363771532046
16.09419529023549,0.009716777837973525
16.099195040247988,0.00309996085630929
16.10419479026049,0.007356187698900899
16.109194540272988,0.004006283446769674
16.114194290285486,0.004483410276515541
16.119194040297987,0.00875818209702768
16.124193790310485,0.006281198958392438
16.129193540322987,0.003991795567217123
16.134193290335485,0.009100364483803686
16.139193040347983,0.009525835964685118
16.144192790360485,0.00308777364088912
16.149192540372983,0.0018074671894402644
16.15419229038548,0.00913563483512395
16.159192040397983,0.003208648140149986
16.16419179041048,0.005056223044947746
16.16919154042298,0.0038850655588277346
16.17419129043548,0.012797227431729086
16.17919104044798,0.0036458118291565074
16.18419079046048,0.0016507951483254511
16.18919054047298,0.00977111812884834
16.194190290485476,0.0076203430936737275
16.199190040497978,0.005811125433886266
16.204189790510476,0.004836095485798791
16.209189540522974,0.006581717505385892
16.214189290535476,0.005266126449591759
16.219189040547974,0.00570633994011238
16.224188790560472,0.0016825429620551005
16.229188540572974,0.006120438598029766
16.23418829058547,0.00549349311326752
16.239188040597973,0.004073156172213823
16.24418779061047,0.011659274223288076
16.24918754062297,0.003999494493921174
16.25418729063547,0.0039416319116385365
16.25918704064797,0.0062256747053197874
16.264186790660467,0.010598128435246186
16.26918654067297,0.00393212445729421
16.274186290685467,0.007008410497536249
16.279186040697965,0.006393741393190748
16.284185790710467,0.007266077338665329
16.289185540722965,0.0051848168388876565
16.294185290735467,0.008445488822154379
16.299185040747965,0.001940661863863995
16.304184790760463,0.008129171443286487
16.309184540772964,0.008411676498619961
16.314184290785462,0.005983087733696565
16.31918404079796,0.0056896628046787375
16.324183790810462,0.0050240350493250185
16.32918354082296,0.008104148853478104
16.33418329083546,0.001489916516387129
16.33918304084796,0.0033669444521652147
16.344182790860458,0.003796706751773525
16.34918254087296,0.002661335295585444
16.354182290885458,0.005796823670093163
16.359182040897956,0.0020710892362893816
16.364181790910457,0.0010812003901181984
16.369181540922956,0.005415039976820117
16.374181290935454,0.005798472308923461
16.379181040947955,0.0025902241561856993
16.384180790960453,0.0015875994168835072
16.38918054097295,0.002418298265771717
16.394180290985453,0.011627140802574815
16.39918004099795,0.008176535840062595
16.404179791010453,0.006453452758035643
16.40917954102295,0.004310597154554282
16.41417929103545,0.008143924595759574
16.41917904104795,0.0060919380606770405
16.42417879106045,0.008667128673636268
16.429178541072947,0.0036681708037765736
16.43417829108545,0.003424864080124907
16.439178041097946,0.0013883487241569492
16.444177791110445,0.001922525398584509
16.449177541122946,0.007803806331105971
16.454177291135444,0.01166573596252359
16.459177041147946,0.004352705088675577
16.464176791160444,0.005306088143707748
16.469176541172942,0.016725300644806845
16.474176291185444,0.009510679175093545
16.47917604119794,0.0036001336486221757
16.48417579121044,0.008755980366301904
16.48917554122294,0.01349213468063854
16.49417529123544,0.011130787503677625
16.499175041247938,0.006043103159339494
16.50417479126044,0.0017778999172852255
16.509174541272937,0.006825601663846229
16.51417429128544,0.01293110616511193
16.519174041297937,0.008687992925750404
16.524173791310435,0.0035967060716377047
16.529173541322937,0.0058432588436837934
16.534173291335435,0.0019465050589852397
16.539173041347933,0.0031986657866633606
16.544172791360435,0.006517208690847648
16.549172541372933,0.003664052698898168
16.55417229138543,0.00624651857183842
16.559172041397932,0.0023533556171621796
16.56417179141043,0.004269321154126657
16.569171541422932,0.004893591149208033
16.57417129143543,0.00966643646186896
16.57917104144793,0.0020233826195375005
16.58417079146043,0.012459655605306222
16.589170541472928,0.009174489743341941
16.594170291485426,0.0058424662589216724
16.599170041497928,0.008031827616637266
16.604169791510426,0.006554941043981818
16.609169541522924,0.0015481053730424029
16.614169291535426,0.008655063626544893
16.619169041547924,0.006560921464367402
16.624168791560425,0.002153790576132838
16.629168541572923,0.005278621735215329
16.63416829158542,0.002884194159431363
16.639168041597923,0.004289751630315826
16.64416779161042,0.004217499881506845
16.64916754162292,0.0062798681981471845
16.65416729163542,0.005251781832497711
16.65916704164792,0.00989092891410067
16.664166791660417,0.005200902089900967
16.66916654167292,0.007281275427992853
16.674166291685417,0.012153984505069942
16.67916604169792,0.0031501117265074854
16.684165791710416,0.009334424993911022
16.689165541722915,0.004163157120516528
16.694165291735416,0.006023957718190114
16.699165041747914,0.007436692299257805
16.704164791760412,0.0065623564554907155
16.709164541772914,0.003124979005178157
16.714164291785412,0.010895330592432311
16.71916404179791,0.0047747582672104626
16.724163791810412,0.006853484812568914
16.72916354182291,0.0035442070436581333
16.73416329183541,0.005101441283102294
16.73916304184791,0.0011905263113112918
16.744162791860408,0.007254699207793579
16.74916254187291,0.008903271823290197
16.754162291885407,0.002666312194005057
16.759162041897905,0.010902861647576163
16.764161791910407,0.0021395454309469553
16.769161541922905,0.00533405459249289
16.774161291935403,0.004109265597768448
16.779161041947905,0.00038096950985099675
16.784160791960403,0.01001570981970279
16.789160541972905,0.00538280643922429
16.794160291985403,0.004769876305193076
16.7991600419979,0.005565605979527768
16.804159792010402,0.004271438333366308
16.8091595420229,0.014072271039777146
16.8141592920354,0.005808734767286646
16.8191590420479,0.009035777199509203
16.8241587920604,0.005887748980696711
16.829158542072896,0.005415387559542317
16.834158292085398,0.008042746370811375
16.839158042097896,0.004742518011600989
16.844157792110398,0.0047927476858985515
16.849157542122896,0.003360209722246597
16.854157292135394,0.0061306211974996834
16.859157042147896,0.0062560865239346735
16.864156792160394,0.006846855103567077
16.86915654217289,0.006525631364552711
16.874156292185393,0.003673306329022353
16.87915604219789,0.006162054384460141
16.88415579221039,0.008358048304662889
16.88915554222289,0.0052147483052826
16.89415529223539,0.005413658974007106
16.89915504224789,0.006219695789390055
16.90415479226039,0.008299656832335573
16.909154542272887,0.008290425154950699
16.91415429228539,0.005279578242724604
16.919154042297887,0.0005573584641917255
16.924153792310385,0.002266459652959495
16.929153542322886,0.005890677639551533
16.934153292335385,0.009118790053781935
16.939153042347883,0.009331218211633787
16.944152792360384,0.0038013745470240144
16.949152542372882,0.0014177473504779661
16.954152292385384,0.00583907614207424
16.959152042397882,0.010805980580125909
16.96415179241038,0.014715563155763455
16.969151542422882,0.008824282418602732
16.97415129243538,0.0016895021273943436
16.979151042447878,0.004790159396054666
16.98415079246038,0.012983343185866006
16.989150542472878,0.0029609955595334505
16.994150292485376,0.010194481514667246
16.999150042497877,0.008506153384153834
17.004149792510376,0.008025187582488198
17.009149542522877,0.002244713933569395
17.014149292535375,0.011811262985169414
17.019149042547873,0.00044767804831433443
17.024148792560375,0.005277098153333027
17.029148542572873,0.011026097718469052
17.03414829258537,0.0029818080934341145
17.039148042597873,0.014814947585669659
17.04414779261037,0.009895127038962689
17.04914754262287,0.012387273305692736
17.05414729263537,0.006295932817391491
17.05914704264787,0.0037222232173490127
17.06414679266037,0.002870977760137353
17.06914654267287,0.00827046783188371
17.074146292685366,0.011826636084758424
17.079146042697868,0.012941536226598462
17.084145792710366,0.0056247473886200435
17.089145542722864,0.010484655515938366
17.094145292735366,0.010379394661968437
17.099145042747864,0.007656296050334174
17.104144792760362,0.007426013995888906
17.109144542772864,0.0034020684535803823
17.11414429278536,0.004356253178437926
17.119144042797863,0.0059457681089398135
17.12414379281036,0.0041215256453874215
17.12914354282286,0.005151524815872641
17.13414329283536,0.012191255024921136
17.13914304284786,0.008579510519642277
17.144142792860357,0.007483502943794872
17.14914254287286,0.004703706376549947
17.154142292885357,0.00844444261434027
17.159142042897855,0.010922434701376826
17.164141792910357,0.002410306330253215
17.169141542922855,0.01250115043943346
17.174141292935357,0.007523650147500439
17.179141042947855,0.014028035585592865
17.184140792960353,0.01117710152549045
17.189140542972854,0.009235981396835562
17.194140292985352,0.0033431984033510122
17.19914004299785,0.0075002192649927515
17.204139793010352,0.008110191462324856
17.20913954302285,0.0037901201862986277
17.21413929303535,0.01032891841167184
17.21913904304785,0.005584210033159373
17.224138793060348,0.0030966626112880046
17.22913854307285,0.006839240781254181
17.234138293085348,0.006613772727698783
17.239138043097846,0.014919650064276285
17.244137793110347,0.002007169780730076
17.249137543122846,0.007355857429411278
17.254137293135344,0.00653082448320785
17.259137043147845,0.003373811511956497
17.264136793160343,0.006515271933821125
17.26913654317284,0.0019977285788735435
17.274136293185343,0.007174557871709358
17.27913604319784,0.004877846848604522
17.284135793210343,0.00787389640126049
17.28913554322284,0.011005739067259827
17.29413529323534,0.004056405978150578
17.29913504324784,0.0032102315227187516
17.30413479326034,0.008110297714347509
17.309134543272837,0.0066638279217973
17.31413429328534,0.00388511875576094
17.319134043297836,0.00255055973389292
17.324133793310335,0.004958175705713776
17.329133543322836,0.00678484702470754
17.334133293335334,0.006273201434478147
17.339133043347836,0.008016546532482238
17.344132793360334,0.0012167764741659595
17.349132543372832,0.0026368605958497194
17.354132293385334,0.012439538851082992
17.359132043397832,0.001413162412662522
17.36413179341033,0.0031768216435866356
17.36913154342283,0.0014727777219379352
17.37413129343533,0.00460194415818949
17.379131043447828,0.008724902523347343
17.38413079346033,0.004083345350559457
17.389130543472827,0.002893685337343961
17.39413029348533,0.003500915830524235
17.399130043497827,0.004511288898050602
17.404129793510325,0.007705678033457754
17.409129543522827,0.004763881117968553
17.414129293535325,0.005665297947495399
17.419129043547823,0.009691556545491753
17.424128793560325,0.009133025810180188
17.429128543572823,0.0145125836974953
17.43412829358532,0.002844155548891503
17.439128043597822,0.004758549505106897
17.44412779361032,0.008571411471258956
17.449127543622822,0.004276378749003058
17.45412729363532,0.0033039738000067015
17.45912704364782,0.011795716156294789
17.46412679366032,0.003836060761248306
17.469126543672818,0.0037718963437986734
17.474126293685316,0.007577307110763109
17.479126043697818,0.002463939397206192
17.484125793710316,0.006329115160033046
17.489125543722814,0.005165063067536263
17.494125293735316,0.004660923528953155
17.499125043747814,0.011558570619547102
17.504124793760315,0.0015144138080162308
17.509124543772813,0.008418742781437547
17.51412429378531,0.008360605020526083
17.519124043797813,0.012733366900703187
17.52412379381031,0.0028600531736192856
17.52912354382281,0.005361278855965334
17.53412329383531,0.0020544523249247586
17.53912304384781,0.011276571628530569
17.544122793860307,0.015197352809374976
17.54912254387281,0.004587771073166005
17.554122293885307,0.0022060558848039317
17.55912204389781,0.008212551495280563
17.564121793910306,0.004086064411791421
17.569121543922805,0.014861653536045776
17.574121293935306,0.0004940462636401537
17.579121043947804,0.009573053297480231
17.584120793960302,0.0036027386072567565
17.589120543972804,0.003118795686713633
17.594120293985302,0.003857351719794041
17.5991200439978,0.004766025673696937
17.604119794010302,0.0033755671248914664
17.6091195440228,0.006787087337702769
17.6141192940353,0.00467466922566332
17.6191190440478,0.003963859108650382
17.624118794060298,0.007374200589835119
17.6291185440728,0.00921632735019915
17.634118294085297,0.0033483108957667457
17.639118044097795,0.004214252666535862
17.644117794110297,0.002639975514604688
17.649117544122795,0.007877376917056807
17.654117294135293,0.0035571907245334944
17.659117044147795,0.011480300322746476
17.664116794160293,0.0048476171552058215
17.669116544172795,0.007820389578718246
17.674116294185293,0.0021987923412220213
17.67911604419779,0.0035934963854289273
17.684115794210292,0.0059258390873389005
17.68911554422279,0.0055315511270186135
17.69411529423529,0.008771761262312845
17.69911504424779,0.009011215086609506
17.70411479426029,0.005374430811012572
17.709114544272786,0.005881528819958723
17.714114294285288,0.008462558435848958
17.719114044297786,0.005651141417865084
17.724113794310288,0.007121223128614423
17.729113544322786,0.0030428201816929063
17.734113294335284,0.004793194319129502
17.739113044347786,0.0044636823525996214
17.744112794360284,0.01304702206501841
17.74911254437278,0.011290590833637522
17.754112294385283,0.0039044627384814423
17.75911204439778,0.006965847199685944
17.76411179441028,0.005486060274957844
17.76911154442278,0.008279223438330157
17.77411129443528,0.0026253953108457072
17.77911104444778,0.0067432912944471665
17.78411079446028,0.01163611320142696
17.789110544472777,0.007051644004688184
17.79411029448528,0.005722429237629523
17.799110044497777,0.0075561342490279276
17.804109794510275,0.008362801428405292
17.809109544522777,0.006675466477997427
17.814109294535275,0.004970039834925516
17.819109044547773,0.012174710872581568
17.824108794560274,0.009034128826609433
17.829108544572772,0.007912979756699074
17.834108294585274,0.0009146843949192619
17.839108044597772,0.004062978227956173
17.84410779461027,0.004907630143767782
17.849107544622772,0.004265223381473871
17.85410729463527,0.006177971241087501
17.859107044647768,0.006177198294632638
17.86410679466027,0.005628698494211623
17.869106544672768,0.008038690718350788
17.874106294685266,0.004313402645117529
17.879106044697767,0.002905246318993535
17.884105794710266,0.00906533797118392
17.889105544722767,0.0021640077797199595
17.894105294735265,0.00657221144346267
17.899105044747763,0.002938573301263866
17.904104794760265,0.002972165200140217
17.909104544772763,0.0077839181694145795
17.91410429478526,0.0050955727390553564
17.919104044797763,0.004307534252489458
17.92410379481026,0.008743683287576486
17.92910354482276,0.004157243819695466
17.93410329483526,0.0054571484216277095
17.93910304484776,0.006791130542136822
17.94410279486026,0.0030015212014755125
17.94910254487276,0.007215492494112294
17.954102294885256,0.01168717151667202
17.959102044897758,0.005444939070458724
17.964101794910256,0.0041690690124244305
17.969101544922754,0.007708831642262591
17.974101294935256,0.014863710861162263
17.979101044947754,0.0005467076534914806
17.984100794960252,0.006264869506486955
17.989100544972754,0.015650146140475763
17.99410029498525,0.006131352034324881
17.999100044997753,0.005621119888045689
18.00409979501025,0.004078277207424659
18.00909954502275,0.010916085214501357
18.01409929503525,0.004970111300657316
18.01909904504775,0.004708624074406335
18.024098795060247,0.007999420559999559
18.02909854507275,0.004818243739770576
18.034098295085247,0.003048960970526385
18.039098045097745,0.005795316856059924
18.044097795110247,0.001295924412153693
18.049097545122745,0.0027105845317842835
18.054097295135247,0.006984981924673608
18.059097045147745,0.008642840296607184
18.064096795160243,0.0010270726905152762
18.069096545172744,0.012976255030709294
18.074096295185242,0.004268959834346097
18.07909604519774,0.007730731665336055
18.084095795210242,0.0013274959130336092
18.08909554522274,0.00017663315424108563
18.09409529523524,0.008628421981985313
18.09909504524774,0.01332879110790778
18.104094795260238,0.006590682320387013
18.10909454527274,0.0007847464254654576
18.114094295285238,0.004284871726562615
18.119094045297736,0.007430839130581615
18.124093795310237,0.009259804461281601
18.129093545322736,0.00467219597524065
18.134093295335234,0.0013974608863516567
18.139093045347735,0.008276213208236918
18.144092795360233,0.01056938779784117
18.14909254537273,0.007176978557795603
18.154092295385233,0.002679575347076335
18.15909204539773,0.002432931391778008
18.164091795410233,0.0014707399632304104
18.16909154542273,0.006862014664746386
18.17409129543523,0.007777526442253161
18.17909104544773,0.009236273779924864
18.18409079546023,0.012401550335534596
18.189090545472727,0.00887583371228516
18.19409029548523,0.0038266042345329295
18.199090045497726,0.01176383585411469
18.204089795510225,0.01389815104080977
18.209089545522726,0.004472940860091
18.214089295535224,0.008515360135578628
18.219089045547726,0.005515677483075415
18.224088795560224,0.001326111594341078
18.229088545572722,0.0010370826032908799
18.234088295585224,0.007426424105913496
18.239088045597722,0.010107199355750928
18.24408779561022,0.0034444848577993635
18.24908754562272,0.003817767335296175
18.25408729563522,0.0043096971834867435
18.259087045647718,0.00821786773880428
18.26408679566022,0.007526663080660448
18.269086545672717,0.012317723769380165
18.27408629568522,0.0013691942947171836
18.279086045697717,0.0037972848880037627
18.284085795710215,0.003921962271867722
18.289085545722717,0.006794839535024395
18.294085295735215,0.01314841182813235
18.299085045747713,0.0070130478047662195
18.304084795760215,0.004167026558457129
18.309084545772713,0.0018645469873602215
18.31408429578521,0.0038652955577979384
18.319084045797712,0.005857865539413469
18.32408379581021,0.011490941233228786
18.329083545822712,0.008420238041082459
18.33408329583521,0.004336212290427939
18.33908304584771,0.008541544139673432
18.34408279586021,0.007365854575940246
18.349082545872708,0.01064250589231656
18.354082295885206,0.01060542025593538
18.359082045897708,0.008632019082286578
18.364081795910206,0.009016148033730551
18.369081545922704,0.005978544921570972
18.374081295935206,0.005111034286349316
18.379081045947704,0.005501344909650395
18.384080795960205,0.006045124913475086
18.389080545972703,0.004306898754608244
18.3940802959852,0.0052012014926888115
18.399080045997703,0.002397785854778225
18.4040797960102,0.009275175938045246
18.4090795460227,0.006268967819924906
18.4140792960352,0.004326473373501336
18.4190790460477,0.005588448199289439
18.424078796060197,0.006448477384245805
18.4290785460727,0.00364560921365748
18.434078296085197,0.0021006482540153223
18.4390780460977,0.006834989039339234
18.444077796110196,0.004655208606832881
18.449077546122695,0.00722897080565565
18.454077296135196,0.011106557908359176
18.459077046147694,0.004024535409793388
18.464076796160192,0.013716355332129246
18.469076546172694,0.009062316205690951
18.474076296185192,0.0021110155688834585
18.47907604619769,0.010553805458945204
18.484075796210192,0.006366715037706069
18.48907554622269,0.0050961116372843646
18.49407529623519,0.006042290772734375
18.49907504624769,0.0036084163271048754
18.504074796260188,0.0057083846425186515
18.50907454627269,0.004194252907445191
18.514074296285187,0.0013281710749118777
18.519074046297685,0.00086950771451713
18.524073796310187,0.008643404402089836
18.529073546322685,0.002248522988714142
18.534073296335183,0.005527130718878716
18.539073046347685,0.007833215816377023
18.544072796360183,0.009091531751895103
18.549072546372685,0.0030214256669025812
18.554072296385183,0.009826662389210712
18.55907204639768,0.007600236771518805
18.564071796410182,0.0016145402839020167
18.56907154642268,0.004603952604174584
18.57407129643518,0.005884089363074859
18.57907104644768,0.0074427507585640715
18.58407079646018,0.00903597719796636
18.589070546472676,0.0011245353217700274
18.594070296485178,0.006976956314990073
18.599070046497676,0.003981430826873318
18.604069796510178,0.0073816508580160835
18.609069546522676,0.004511571213577401
18.614069296535174,0.0017311693993135523
18.619069046547676,0.007840804273818473
18.624068796560174,0.01547935137312779
18.62906854657267,0.00997503009531804
18.634068296585173,0.0098371895774257
18.63906804659767,0.000499083588210481
18.64406779661017,0.007412895983052023
18.64906754662267,0.008801771883481559
18.65406729663517,0.0028722205311219368
18.65906704664767,0.010931667915043703
18.66406679666017,0.006767745593841265
18.669066546672667,0.0026790516932643266
18.67406629668517,0.002556830409692537
18.679066046697667,0.007265774806528643
18.684065796710165,0.006164130170207319
18.689065546722667,0.004285683608851184
18.694065296735165,0.005062145209285102
18.699065046747663,0.0010450108542385834
18.704064796760164,0.003988133656455547
18.709064546772662,0.008664737761210016
18.714064296785164,0.004478661969549048
18.719064046797662,0.0036640286612661683
18.72406379681016,0.005253457621710111
18.729063546822662,0.006730028341057071
18.73406329683516,0.009541470898731967
18.739063046847658,0.01362236726999401
18.74406279686016,0.003941504586963864
18.749062546872658,0.0011743555497896482
18.754062296885156,0.0012185953873550318
18.759062046897657,0.0038777704015631946
18.764061796910156,0.009508018985137106
18.769061546922657,0.0034708382015978
18.774061296935155,0.011036143151615864
18.779061046947653,0.005313041658866889
18.784060796960155,0.01146531632288883
18.789060546972653,0.005184384113566574
18.79406029698515,0.004283530327500281
18.799060046997653,0.012307191493429183
18.80405979701015,0.004228876596914205
18.809059547022652,0.005171122825156235
18.81405929703515,0.008572207131343405
18.81905904704765,0.003514677137441046
18.82405879706015,0.0074866249053665455
18.82905854707265,0.005618423342354853
18.834058297085146,0.006328861261058101
18.839058047097648,0.004085196327953935
18.844057797110146,0.005928793149607415
18.849057547122644,0.006264178618854166
18.854057297135146,0.002781253796272382
18.859057047147644,0.002196940663733633
18.864056797160146,0.0060781269864001
18.869056547172644,0.007106176680057849
18.87405629718514,0.005457857007219639
18.879056047197643,0.007857242389171928
18.88405579721014,0.0037130623219392305
18.88905554722264,0.0030019803493688494
18.89405529723514,0.005683390283915231
18.89905504724764,0.007734411794476415
18.904054797260137,0.006135102475091787
18.90905454727264,0.011742699516547848
18.914054297285137,0.013858084528940724
18.91905404729764,0.004176083357392755
18.924053797310137,0.0015255404091210163
18.929053547322635,0.0031433084636149564
18.934053297335137,0.006833515707274334
18.939053047347635,0.006133775789144843
18.944052797360133,0.00797003629297804
18.949052547372634,0.007488050566037679
18.954052297385132,0.009829477250359655
18.95905204739763,0.005661690341867463
18.964051797410132,0.01028769971247319
18.96905154742263,0.010952831058760281
18.974051297435132,0.004733920968458389
18.97905104744763,0.0049438708645969075
18.984050797460128,0.007396763389764063
18.98905054747263,0.000657200036505701
18.994050297485128,0.006909809333371913
18.999050047497626,0.004345017199806948
19.004049797510127,0.006949118653486632
19.009049547522626,0.009743318510555193
19.014049297535124,0.003873321040955169
19.019049047547625,0.007469265804708813
19.024048797560123,0.004205073617575809
19.029048547572625,0.0024502357496524268
19.034048297585123,0.0016415386530530588
19.03904804759762,0.004699241775986447
19.044047797610123,0.008725584388282536
19.04904754762262,0.009903440249713581
19.05404729763512,0.004835213647642955
19.05904704764762,0.0065092589784062375
19.06404679766012,0.004031125692474954
19.069046547672617,0.004255756157863715
19.07404629768512,0.0011415134003207475
19.079046047697616,0.0019274439699063961
19.084045797710118,0.0007422956536311904
19.089045547722616,0.005550041989879578
19.094045297735114,0.006754616971798269
19.099045047747616,0.006896776124212858
19.104044797760114,0.00164528634904384
19.109044547772612,0.021833035192812267
19.114044297785114,0.011624675582555402
19.119044047797612,0.006844713023361423
19.12404379781011,0.006540867412399859
19.12904354782261,0.013008468148164904
19.13404329783511,0.006195112209983784
19.13904304784761,0.0006482816083751155
19.14404279786011,0.005728514014023088
19.149042547872607,0.0022773754525622757
19.15404229788511,0.008036363791126752
19.159042047897607,0.002664426993661957
19.164041797910105,0.006756524532279843
19.169041547922607,0.0029886923086053585
19.174041297935105,0.0026082930862366214
19.179041047947603,0.002498026598482385
19.184040797960105,0.005568967949377054
19.189040547972603,0.006416601784161307
19.194040297985104,0.0015379784415420759
19.199040047997602,0.008173823091962736
19.2040397980101,0.009291244625957772
19.209039548022602,0.008855230684052346
19.2140392980351,0.008652262878713608
19.2190390480476,0.0031452397270102616
19.2240387980601,0.005831615204648469
19.229038548072598,0.011719375865852089
19.234038298085096,0.009579889324922122
19.239038048097598,0.009674159670226811
19.244037798110096,0.0029493900871153168
19.249037548122597,0.00783361276235983
19.254037298135096,0.012760614809628232
19.259037048147594,0.004320202120844402
19.264036798160095,0.0058141388487566665
19.269036548172593,0.006585297076713557
19.27403629818509,0.0049257756177466935
19.279036048197593,0.008106440204119622
19.28403579821009,0.013997157693139162
19.28903554822259,0.00045007371854661766
19.29403529823509,0.0025570994764364673
19.29903504824759,0.0028530252525188877
19.30403479826009,0.010349313676162188
19.30903454827259,0.0011878327999680365
19.314034298285087,0.006408807510692816
19.31903404829759,0.0012811587400961284
19.324033798310086,0.0021364124478972187
19.329033548322585,0.006943408943683358
19.334033298335086,0.005059088211433379
19.339033048347584,0.013312469804522584
19.344032798360082,0.010358813662366089
19.349032548372584,0.006907885589960653
19.354032298385082,0.005936223446971958
19.359032048397584,0.0030170499904229138
19.364031798410082,0.00653358560779193
19.36903154842258,0.0027495458016275087
19.37403129843508,0.008169795449718777
19.37903104844758,0.004398727391233897
19.384030798460078,0.002368381732473859
19.38903054847258,0.006407709638450039
19.394030298485077,0.005166597005518839
19.399030048497576,0.007843678934909799
19.404029798510077,0.004053382900305706
19.409029548522575,0.007987918140830674
19.414029298535077,0.004323015365683359
19.419029048547575,0.009979656794095196
19.424028798560073,0.006575869988873404
19.429028548572575,0.006626946585647123
19.434028298585073,0.004516241785559053
19.43902804859757,0.005268352650049917
19.444027798610072,0.0023372982659085276
19.44902754862257,0.010068542776597533
19.45402729863507,0.005849281302040493
19.45902704864757,0.002845797454122607
19.46402679866007,0.004934111152058837
19.46902654867257,0.00674883047516125
19.474026298685068,0.0037838125250911343
19.479026048697566,0.008336635070720811
19.484025798710068,0.005420069213513271
19.489025548722566,0.0030993639152991446
19.494025298735064,0.0015692769726065611
19.499025048747566,0.00613306634505008
19.504024798760064,0.007936847288361195
19.50902454877256,0.002480578387091851
19.514024298785063,0.012418049724037492
19.51902404879756,0.002483255092754717
19.524023798810063,0.00464349748259702
19.52902354882256,0.005763182997310056
19.53402329883506,0.004891680074471706
19.53902304884756,0.01356449944635154
19.54402279886006,0.0023196870072250083
19.549022548872557,0.004679273457799619
19.55402229888506,0.0015300874786474698
19.559022048897557,0.0057079356045929034
19.564021798910055,0.00836696965220721
19.569021548922557,0.0051905330736646505
19.574021298935055,0.008674700625829212
19.579021048947556,0.0034146365505602354
19.584020798960054,0.004191529763932409
19.589020548972552,0.004037222214271896
19.594020298985054,0.0055856099520043235
19.599020048997552,0.0019032303410982186
19.60401979901005,0.0035557996154451754
19.609019549022552,0.0033548365123207474
19.61401929903505,0.015170163614215856
19.619019049047548,0.004813907470174999
19.62401879906005,0.0026360410468855367
19.629018549072548,0.007016441081056376
19.63401829908505,0.009931519939416366
19.639018049097547,0.00732354760383413
19.644017799110046,0.004846830166520873
19.649017549122547,0.004565608922602338
19.654017299135045,0.005457187867965251
19.659017049147543,0.005441416863351466
19.664016799160045,0.009639438249499952
19.669016549172543,0.005769709179867927
19.67401629918504,0.0038277126668616887
19.679016049197543,0.006862882488385839
19.68401579921004,0.0027553110988242273
19.689015549222542,0.0025126559520274082
19.69401529923504,0.00445843409335795
19.69901504924754,0.009405907294445341
19.70401479926004,0.010921403693953943
19.70901454927254,0.009794226352988938
19.714014299285036,0.008928555029584694
19.719014049297538,0.004282099340725454
19.724013799310036,0.005851858975973599
19.729013549322534,0.009425294729016894
19.734013299335036,0.007717987674654023
19.739013049347534,0.0030940183898433863
19.744012799360036,0.0032124654571038464
19.749012549372534,0.008330236882820422
19.754012299385032,0.006172599742777299
19.759012049397533,0.0022234358893424917
19.76401179941003,0.008205311752433407
19.76901154942253,0.006549427993349298
19.77401129943503,0.006126140344550595
19.77901104944753,0.005588948004471009
19.784010799460027,0.006246731270691405
19.78901054947253,0.010217385905862563
19.794010299485027,0.009775851931266863
19.79901004949753,0.008863864136555372
19.804009799510027,0.001719334257192453
19.809009549522525,0.005487713506851472
19.814009299535027,0.009703264848946772
19.819009049547525,0.0028193072550316907
19.824008799560023,0.008493362901442864
19.829008549572524,0.005229332705591638
19.834008299585022,0.0072998686014635675
19.83900804959752,0.007504365778862809
19.844007799610022,0.007175827245319153
19.84900754962252,0.0073686801618793605
19.854007299635022,0.013443661866302272
19.85900704964752,0.0060573477484610365
19.864006799660018,0.004112476402942089
19.86900654967252,0.005541309958831512
19.874006299685018,0.0034610968623689257
19.879006049697516,0.0072649145140389546
19.884005799710017,0.0009099780015085365
19.889005549722516,0.004347361278174553
19.894005299735014,0.010204220786098835
19.899005049747515,0.00805939149396814
19.904004799760013,0.0039391398182849905
19.909004549772515,0.004657609016126559
19.914004299785013,0.007656819972951039
19.91900404979751,0.011185096090600491
19.924003799810013,0.0014660888100629676
19.92900354982251,0.00773558029035911
19.93400329983501,0.004429806247018967
19.93900304984751,0.001513777802778436
19.94400279986001,0.00891506141666727
19.949002549872507,0.00300485215155191
19.95400229988501,0.005908342627866905
19.959002049897506,0.012194485514718226
19.964001799910008,0.006088621736739108
19.969001549922506,0.01248555956337909
19.974001299935004,0.0122883617440364
19.979001049947506,0.010807031823576695
19.984000799960004,0.006205014148065936
19.989000549972502,0.01006570173810379
19.994000299985004,0.004931399365588121
19.999000049997502,0.0071966134036394545
20.00399980001,0.004161197584114552
20.0089995500225,0.0014133162790843804
20.013999300035,0.01226428814697107
20.0189990500475,0.004506109281143069
20.02399880006,0.006203086317209281
20.028998550072497,0.0028387298210043386
20.033998300085,0.004855455701457257
20.038998050097497,0.0063566240357332705
20.043997800109995,0.005942382759730936
20.048997550122497,0.008794616053512042
20.053997300134995,0.00702139800364931
20.058997050147493,0.007121068018710529
20.063996800159995,0.0037616429528588642
20.068996550172493,0.013936776430565326
20.073996300184994,0.005783950526273576
20.078996050197492,0.015177178035818186
20.08399580020999,0.009162337988370635
20.088995550222492,0.005634212601678534
20.09399530023499,0.007239067288936089
20.09899505024749,0.009515089945490877
20.10399480025999,0.006217949622409878
20.108994550272488,0.007579376525030031
20.113994300284986,0.008949663847054624
20.118994050297488,0.0009758570690750581
20.123993800309986,0.00641610608785961
20.128993550322487,0.010961536372798114
20.133993300334986,0.006851174799537208
20.138993050347484,0.011116397865461106
20.143992800359985,0.0037065645167429382
20.148992550372483,0.0018844578713739283
20.15399230038498,0.00639379109496694
20.158992050397483,0.0025055361040308617
20.16399180040998,0.012612820262410762
20.16899155042248,0.001367417837741457
20.17399130043498,0.005318918652329737
20.17899105044748,0.007482933737517633
20.18399080045998,0.0015603419919106214
20.18899055047248,0.012565251001399737
20.193990300484977,0.008362894884201185
20.19899005049748,0.003016387082090897
20.203989800509977,0.005556313720800199
20.208989550522475,0.0013307277628088485
20.213989300534976,0.0013239126086246073
20.218989050547474,0.011027453618027191
20.223988800559972,0.006189691698202405
20.228988550572474,0.00579580428443653
20.233988300584972,0.006827740000646238
20.238988050597474,0.004556732127032385
20.243987800609972,0.006430196456161261
20.24898755062247,0.0034209823807534066
20.25398730063497,0.005537115894055445
20.25898705064747,0.010433927772698966
20.263986800659968,0.00266803141127095
20.26898655067247,0.008466642396803456
20.273986300684967,0.0031577335757671525
20.278986050697466,0.008466410650827498
20.283985800709967,0.0001599106903695245
20.288985550722465,0.005073155603381838
20.293985300734967,0.005657362890677734
20.298985050747465,0.0055245935500782386
20.303984800759963,0.010801935858706908
20.308984550772465,0.005795796947071574
20.313984300784963,0.005670369989183943
20.31898405079746,0.005151457837315879
20.323983800809962,0.012226487512428615
20.32898355082246,0.0026248074860281473
20.33398330083496,0.009109949461096927
20.33898305084746,0.012054590969035623
20.34398280085996,0.002783075239705138
20.34898255087246,0.008459329164361715
20.353982300884958,0.004672951868590955
20.358982050897456,0.003597290006853798
20.363981800909958,0.006695848937824505
20.368981550922456,0.001605481966776967
20.373981300934954,0.004849245972021326
20.378981050947456,0.009011015655942112
20.383980800959954,0.004759750022319914
20.38898055097245,0.004303172191934324
20.393980300984953,0.007928160456580716
20.39898005099745,0.00849484990385545
20.403979801009953,0.00680959540775606
20.40897955102245,0.006527810188906898
20.41397930103495,0.004569077084454439
20.41897905104745,0.007309407119701083
20.42397880105995,0.008139053909833075
20.428978551072447,0.011327984992114123
20.43397830108495,0.005051222357434457
20.438978051097447,0.005793778155027454
20.443977801109945,0.005497041730229251
20.448977551122447,0.004791942308223006
20.453977301134945,0.0039235878187848915
20.458977051147446,0.00573670851221619
20.463976801159944,0.0022133054829072884
20.468976551172442,0.0030613193134092016
20.473976301184944,0.012401913694536342
20.478976051197442,0.004617570105111865
20.48397580120994,0.0016892378203655085
20.488975551222442,0.0050424145622575715
20.49397530123494,0.0084482770870815
20.498975051247438,0.003382642216333946
20.50397480125994,0.005911683727646677
20.508974551272438,0.010263279427723702
20.51397430128494,0.0039011435950444735
20.518974051297437,0.0017159340588217087
20.523973801309936,0.003833098934603043
20.528973551322437,0.0027536906588195974
20.533973301334935,0.0038955798017973617
20.538973051347433,0.013252615908660557
20.543972801359935,0.0009247542705307776
20.548972551372433,0.002649012070908387
20.55397230138493,0.009215429280323385
20.558972051397433,0.008988468976416126
20.56397180140993,0.007545743925724963
20.568971551422432,0.003042974933995334
20.57397130143493,0.0059466353683902805
20.57897105144743,0.009124187888048125
20.58397080145993,0.004565510501797151
20.58897055147243,0.007093754211351713
20.593970301484926,0.001855131655513699
20.598970051497428,0.004868731179188874
20.603969801509926,0.0024524879605213883
20.608969551522424,0.0044973309446052455
20.613969301534926,0.0053121863835113
20.618969051547424,0.0050244122544511795
20.623968801559926,0.003359426648848034
20.628968551572424,0.005734529483787688
20.633968301584922,0.0028058671935141505
20.638968051597423,0.004598266687261307
20.64396780160992,0.0032171453715242404
20.64896755162242,0.009095320545670756
20.65396730163492,0.008113619630072904
20.65896705164742,0.0033249809062161433
20.663966801659917,0.004470125393857342
20.66896655167242,0.008643993812031384
20.673966301684917,0.00193440805323998
20.67896605169742,0.0027157063609094907
20.683965801709917,0.007582657023334863
20.688965551722415,0.011436014138879841
20.693965301734917,0.004844139229693577
20.698965051747415,0.004974324494209584
20.703964801759913,0.004223572051560891
20.708964551772414,0.0012897180937792487
20.713964301784912,0.006459680539765671
20.71896405179741,0.005543555000787452
20.723963801809912,0.00856785623969292
20.72896355182241,0.00896929105597478
20.733963301834912,0.0034254289979438516
20.73896305184741,0.003083695287647628
20.743962801859908,0.00756126086895498
20.74896255187241,0.007027960933835174
20.753962301884908,0.006235101889889647
20.758962051897406,0.003307459409932406
20.763961801909907,0.006128754796115166
20.768961551922406,0.004682977895446584
20.773961301934904,0.00850039666021989
20.778961051947405,0.007839184977487375
20.783960801959903,0.006337313323627189
20.788960551972405,0.00762685004119976
20.793960301984903,0.006464326868434982
20.7989600519974,0.006005717191692844
20.803959802009903,0.006244851124012345
20.8089595520224,0.006519898605188037
20.8139593020349,0.003361101751872737
20.8189590520474,0.011801190501586685
20.8239588020599,0.0038535834321885014
20.828958552072397,0.006227236280659706
20.8339583020849,0.0009048193876118176
20.838958052097396,0.0029386591155512597
20.843957802109898,0.0031441807798416894
20.848957552122396,0.0010347131775270096
20.853957302134894,0.010749061075574754
20.858957052147396,0.009006648317392915
20.863956802159894,0.006838704901082926
20.868956552172392,0.006763918605837535
20.873956302184894,0.0012204442933266724
20.878956052197392,0.00586334068593317
20.88395580220989,0.0026258493050194984
20.88895555222239,0.0013294582297750583
20.89395530223489,0.005268726148655597
20.89895505224739,0.007489501175502528
20.90395480225989,0.0026616961260916864
20.908954552272387,0.019920614165830294
20.91395430228489,0.0005972661372285644
20.918954052297387,0.00503464212740764
20.923953802309885,0.006090952835815677
20.928953552322387,0.0015598611561800746
20.933953302334885,0.008738468671437197
20.938953052347383,0.006928707602765391
20.943952802359885,0.008912619245014002
20.948952552372383,0.010023315868608464
20.953952302384884,0.005037723485520728
20.958952052397382,0.006376848358202034
20.96395180240988,0.008282473938607125
20.968951552422382,0.006499913379414277
20.97395130243488,0.007189662087837828
20.97895105244738,0.010731226455427092
20.98395080245988,0.004085204889091753
20.988950552472378,0.0018806143344215088
20.993950302484876,0.009141957794076325
20.998950052497378,0.005292200970719203
21.003949802509876,0.0035179081425204517
21.008949552522378,0.008754072541075866
21.013949302534876,0.009106672994718356
21.018949052547374,0.0027534478435132267
21.023948802559875,0.004890563361920246
21.028948552572373,0.007103865199981462
21.03394830258487,0.005172758341100385
21.038948052597373,0.006918198248894889
21.04394780260987,0.008598896790578974
21.04894755262237,0.008935887250318702
21.05394730263487,0.003557516745084472
21.05894705264737,0.005857217383236624
21.06394680265987,0.004612159577021989
21.06894655267237,0.006348001404266626
21.073946302684867,0.009258151643192864
21.07894605269737,0.0024844918071410234
21.083945802709867,0.004309521201048101
21.088945552722365,0.006198319733703248
21.093945302734866,0.005235475058363643
21.098945052747364,0.003927563350867662
21.103944802759862,0.0053712896440703175
21.108944552772364,0.00865706932303979
21.113944302784862,0.007583014339046218
21.118944052797364,0.005677185202887323
21.123943802809862,0.007398664341033037
21.12894355282236,0.005449177976411882
21.13394330283486,0.00470727586962535
21.13894305284736,0.0003125644108459013
21.143942802859858,0.005350676767854375
21.14894255287236,0.001176030217045463
21.153942302884857,0.00926615801461987
21.158942052897356,0.004894317264709205
21.163941802909857,0.004588000216383192
21.168941552922355,0.014213451847435162
21.173941302934857,0.008751483454653538
21.178941052947355,0.004864751920208886
21.183940802959853,0.0014632053001321108
21.188940552972355,0.007989082727874275
21.193940302984853,0.009997019851493602
21.19894005299735,0.01129853710515853
21.203939803009852,0.004421152232719846
21.20893955302235,0.00888233420247858
21.21393930303485,0.003334913069909609
21.21893905304735,0.0018801962297948361
21.22393880305985,0.004474450438399425
21.22893855307235,0.006039871114198879
21.233938303084848,0.004977441167866845
21.238938053097346,0.009661132042906964
21.243937803109848,0.0045864576714535876
21.248937553122346,0.001962688019551878
21.253937303134844,0.005643693498267009
21.258937053147346,0.008239922254864298
21.263936803159844,0.007435145389842447
21.26893655317234,0.006355298440293012
21.273936303184843,0.00468804490929049
21.27893605319734,0.013210365512046927
21.283935803209843,0.007774168458642936
21.28893555322234,0.006671831414759188
21.29393530323484,0.006716204776431316
21.29893505324734,0.007644071688912758
21.30393480325984,0.0049161381406643235
21.308934553272337,0.007162968069879042
21.31393430328484,0.004242766829866132
21.318934053297337,0.010171119358635475
21.323933803309835,0.0016070972665574092
21.328933553322337,0.0034743759019155375
21.333933303334835,0.01050829296430933
21.338933053347336,0.008934820911588173
21.343932803359834,0.004896964475651828
21.348932553372332,0.004639812217646831
21.353932303384834,0.008905995170360106
21.358932053397332,0.007554133381750273
21.36393180340983,0.003945275571147714
21.368931553422332,0.0008439483140833863
21.37393130343483,0.004758604382646817
21.378931053447328,0.0025745590132529375
21.38393080345983,0.004707670150696082
21.388930553472328,0.006312481410974432
21.39393030348483,0.0046936892455770925
21.398930053497327,0.00415107755466138
21.403929803509826,0.005682058187169689
21.408929553522327,0.007329498602313616
21.413929303534825,0.008829107463845978
21.418929053547323,0.0043919954952368456
21.423928803559825,0.004302506707103448
21.428928553572323,0.004969250647849217
21.43392830358482,0.004260365733211658
21.438928053597323,0.0023834450283597396
21.44392780360982,0.017170711704018224
21.448927553622323,0.0034922965845280364
21.45392730363482,0.012144149188907178
21.45892705364732,0.002052259891015025
21.46392680365982,0.009231136169041688
21.46892655367232,0.008065782241286528
21.473926303684816,0.005155948703626414
21.478926053697318,0.0031257001562443104
21.483925803709816,0.005998787195267272
21.488925553722314,0.0042640320462489605
21.493925303734816,0.004352506908239814
21.498925053747314,0.0044828380647588435
21.503924803759816,0.016391357821441136
21.508924553772314,0.005752540980335717
21.513924303784812,0.006179846679473306
21.518924053797313,0.007068950507599108
21.52392380380981,0.007204538008145562
21.52892355382231,0.011293797678627865
21.53392330383481,0.004469185116176566
21.53892305384731,0.003684647534858114
21.543922803859807,0.008297566740707028
21.54892255387231,0.010214878643497535
21.553922303884807,0.00515293420849279
21.55892205389731,0.004983278259493444
21.563921803909807,0.0017497191305906315
21.568921553922305,0.003239180488122703
21.573921303934807,0.008482925210788396
21.578921053947305,0.005656295435457268
21.583920803959803,0.016491515716385956
21.588920553972304,0.020333943315558926
21.593920303984802,0.0038608171284729717
21.5989200539973,0.010368649155064004
21.603919804009802,0.015738228990874827
21.6089195540223,0.005821920757857844
21.613919304034802,0.006906374983127414
21.6189190540473,0.0036359101678403146
21.623918804059798,0.004870219365727654
21.6289185540723,0.009760749944963057
21.633918304084798,0.00344207467009934
21.638918054097296,0.003835703764938423
21.643917804109797,0.0024978647169253626
21.648917554122296,0.004351285319820627
21.653917304134794,0.004675791372262004
21.658917054147295,0.010316986254692708
21.663916804159793,0.01004991974477457
21.668916554172295,0.004311023184210897
21.673916304184793,0.006473917162174766
21.67891605419729,0.010309541395673676
21.683915804209793,0.006110621717766585
21.68891555422229,0.0016735166801418538
21.69391530423479,0.0036821208168080133
21.69891505424729,0.007405076479862624
21.70391480425979,0.004630324583289458
21.708914554272287,0.00999311117984045
21.71391430428479,0.0057836521191705565
21.718914054297286,0.004198035126307081
21.723913804309788,0.004879820113195263
21.728913554322286,0.0013317909198541028
21.733913304334784,0.007621254612778016
21.738913054347286,0.0029482693368769203
21.743912804359784,0.0028608496151396974
21.748912554372282,0.0015581812572555904
21.753912304384784,0.002459600041294225
21.758912054397282,0.006910461746129894
21.76391180440978,0.006242431904048656
21.76891155442228,0.007760114507923516
21.77391130443478,0.0024258155708575227
21.77891105444728,0.004556865389411361
21.78391080445978,0.002283863333958819
21.788910554472277,0.013814635422760737
21.79391030448478,0.005219661539929785
21.798910054497277,0.004876367267063239
21.803909804509775,0.004991877102581413
21.808909554522277,0.005946420066350489
21.813909304534775,0.0026640899861729355
21.818909054547273,0.008192751555395573
21.823908804559775,0.002032453981989826
21.828908554572273,0.003905111634223177
21.833908304584774,0.01218102740268345
21.838908054597272,0.0077243466466632256
21.84390780460977,0.0037409090234622883
21.848907554622272,0.009602253592408806
21.85390730463477,0.0030301390295870523
21.85890705464727,0.003521585062988064
21.86390680465977,0.005525208886516004
21.868906554672268,0.003805252868052418
21.873906304684766,0.0028531369138557914
21.878906054697268,0.005793646389505959
21.883905804709766,0.006458448741670037
21.888905554722268,0.00962042372713619
21.893905304734766,0.012299777447513835
21.898905054747264,0.0032585847786182356
21.903904804759765,0.007586483591340496
21.908904554772263,0.004569599243597013
21.91390430478476,0.006916944095155069
21.918904054797263,0.01028045155469336
21.92390380480976,0.013353468274193168
21.92890355482226,0.007150870405994994
21.93390330483476,0.004233643498155141
21.93890305484726,0.011405926256186232
21.94390280485976,0.006587092090320784
21.94890255487226,0.00797165745922701
21.953902304884757,0.011900040738696329
21.95890205489726,0.01389791801379428
21.963901804909757,0.010042496645945009
21.968901554922255,0.007314816008325216
21.973901304934756,0.006300356961833497
21.978901054947254,0.0025056683530276505
21.983900804959752,0.0025255741322172927
21.988900554972254,0.011495372286376268
21.993900304984752,0.003875485959601753
21.998900054997254,0.008084728910161581
22.003899805009752,0.008017555754308025
22.00889955502225,0.015286571350705132
22.01389930503475,0.007087100198016654
22.01889905504725,0.009239176362721998
22.023898805059748,0.002464836377934373
22.02889855507225,0.006399617791859131
22.033898305084747,0.004193790906698084
22.038898055097246,0.009434402630162025
22.043897805109747,0.004139756265675981
22.048897555122245,0.0011147089999296843
22.053897305134747,0.01132396468832346
22.058897055147245,0.0004759097795943958
22.063896805159743,0.003364425682088525
22.068896555172245,0.011796921961341954
22.073896305184743,0.002793589231975858
22.07889605519724,0.005237892324971063
22.083895805209742,0.0032949414302870187
22.08889555522224,0.0005689516292848321
22.09389530523474,0.0062078291904753115
22.09889505524724,0.0068778662896168356
22.10389480525974,0.0029923146189496114
22.10889455527224,0.011009110237358434
22.113894305284738,0.010030725489996926
22.118894055297236,0.01104276917802119
22.123893805309738,0.010969601456523977
22.128893555322236,0.0027245053670788694
22.133893305334734,0.006600412553168479
22.138893055347236,0.00491610093678652
22.143892805359734,0.010731813985789701
22.148892555372232,0.004310907296104178
22.153892305384733,0.009096835165570267
22.15889205539723,0.0013366595231550885
22.163891805409733,0.00825621195314746
22.16889155542223,0.005629422011117319
22.17389130543473,0.005010653149509134
22.17889105544723,0.016186632820900975
22.18389080545973,0.00392171545521408
22.188890555472227,0.0022175876038322473
22.19389030548473,0.010610468211794049
22.198890055497227,0.0016558125555970328
22.20388980550973,0.006107197811808881
22.208889555522227,0.0107438084490034
22.213889305534725,0.0041689506805969575
22.218889055547226,0.004751750983084814
22.223888805559724,0.013184867686221957
22.228888555572222,0.005822836658052608
22.233888305584724,0.0013739584397676917
22.238888055597222,0.0023067467744183503
22.24388780560972,0.003948638916038611
22.248887555622222,0.007577719004889777
22.25388730563472,0.005677188763238651
22.25888705564722,0.005814952463532745
22.26388680565972,0.004277470992095497
22.268886555672218,0.004595928022880456
22.27388630568472,0.004392940584486082
22.278886055697217,0.006034983554183539
22.283885805709716,0.005927594899682504
22.288885555722217,0.009129823472780357
22.293885305734715,0.005300930418790352
22.298885055747213,0.000960276006381242
22.303884805759715,0.007257516980168067
22.308884555772213,0.007759080843471295
22.313884305784715,0.011527191559394743
22.318884055797213,0.006918598379919145
22.32388380580971,0.0040816757621189295
22.328883555822213,0.0036820907349784677
22.33388330583471,0.004735065819767852
22.33888305584721,0.008683449789409782
22.34388280585971,0.003768326555471726
22.34888255587221,0.003643533966768098
22.353882305884706,0.005935412700736611
22.358882055897208,0.006572452571526591
22.363881805909706,0.00492251815582157
22.368881555922208,0.005338133181333699
22.373881305934706,0.007327750366669355
22.378881055947204,0.004785066476220391
22.383880805959706,0.0042395061783292234
22.388880555972204,0.007652429667332026
22.393880305984702,0.0010844202583041819
22.398880055997203,0.008854054140070233
22.4038798060097,0.007357323114417866
22.4088795560222,0.0034730856053905015
22.4138793060347,0.006416716312794579
22.4188790560472,0.009186438432370672
22.4238788060597,0.0037150344603760046
22.4288785560722,0.008791299574023505
22.433878306084697,0.007027712153930628
22.4388780560972,0.009961442832093317
22.443877806109697,0.007744360997411244
22.448877556122195,0.007966330783099213
22.453877306134697,0.009682234934363751
22.458877056147195,0.011345037923197777
22.463876806159693,1.8739208207193306e-05
22.468876556172194,0.005251601417890042
22.473876306184692,0.0034000401331747455
22.478876056197194,0.009338266258037561
22.483875806209692,0.0045966671804915735
22.48887555622219,0.003727597218765038
22.493875306234692,0.00440679615731043
22.49887505624719,0.006903786099540701
22.503874806259688,0.00704560839059913
22.50887455627219,0.0036311347103145297
22.513874306284688,0.0032368324734608953
22.518874056297186,0.007604701643343938
22.523873806309687,0.011881427930881552
22.528873556322186,0.002574898124088459
22.533873306334687,0.011009698299714253
22.538873056347185,0.007219903550607282
22.543872806359683,0.007159785240796945
22.548872556372185,0.006258931229483487
22.553872306384683,0.0031655184961950256
22.55887205639718,0.0009818026173804015
22.563871806409683,0.007182821329849267
22.56887155642218,0.008317511096077316
22.57387130643468,0.007014167959657066
22.57887105644718,0.003492780283652601
22.58387080645968,0.004257301609063207
22.58887055647218,0.0070970441175512424
22.59387030648468,0.0013899522399673932
22.598870056497177,0.008299861967124782
22.603869806509678,0.007316491800562132
22.608869556522176,0.0008279642623787927
22.613869306534674,0.007062493806731054
22.618869056547176,0.003905527475208897
22.623868806559674,0.0030570361974058043
22.628868556572172,0.004134904448683347
22.633868306584674,0.0096510601884142
22.638868056597172,0.017873017392886773
22.643867806609673,0.00469829055520129
22.64886755662217,0.009633328855488146
22.65386730663467,0.008997955173672514
22.65886705664717,0.008384252639809457
22.66386680665967,0.001799559095968096
22.668866556672167,0.007726500283153076
22.67386630668467,0.009785548031688884
22.678866056697167,0.0003948450981355131
22.683865806709665,0.008381440354142953
22.688865556722167,0.004075395758199946
22.693865306734665,0.01056881676464215
22.698865056747167,0.0015748903948002292
22.703864806759665,0.005507618517983099
22.708864556772163,0.003163960024812608
22.713864306784664,0.008301431795064228
22.718864056797162,0.00974201167178309
22.72386380680966,0.004019106609084146
22.728863556822162,0.0072251930691926616
22.73386330683466,0.0037171070141334256
22.73886305684716,0.005810038916943602
22.74386280685966,0.006155804704900345
22.748862556872158,0.006108929423435856
22.75386230688466,0.0061658362755804405
22.758862056897158,0.010594454131208122
22.763861806909656,0.004563617881547527
22.768861556922158,0.003565453305953789
22.773861306934656,0.002481036303342816
22.778861056947154,0.003667893565992336
22.783860806959655,0.010712361483545658
22.788860556972153,0.0028745915663210774
22.79386030698465,0.008141168514956651
22.798860056997153,0.007187948625205859
22.80385980700965,0.013705970980990833
22.808859557022153,0.002420118761108822
22.81385930703465,0.015736594238840634
22.81885905704715,0.00723139453942889
22.82385880705965,0.004940214058866771
22.82885855707215,0.001134419993624208
22.833858307084647,0.00381399454681191
22.83885805709715,0.00603089553606905
22.843857807109647,0.002496542036083256
22.848857557122145,0.0019108819439728648
22.853857307134646,0.0037152643484314168
22.858857057147144,0.009974489851366758
22.863856807159646,0.005161997675792753
22.868856557172144,0.005809666152253978
22.873856307184642,0.007680344866095368
22.878856057197144,0.003928380833243017
22.883855807209642,0.006123137732573967
22.88885555722214,0.006695389226662832
22.89385530723464,0.005709932117959124
22.89885505724714,0.0016924128865485543
22.903854807259638,0.0017502103358936873
22.90885455727214,0.006491548946725347
22.913854307284637,0.0021963494839174445
22.91885405729714,0.0009630111643824606
22.923853807309637,0.017822159019345276
22.928853557322135,0.003779796204330749
22.933853307334637,0.012536545084264704
22.938853057347135,0.004106288930999685
22.943852807359633,0.004132793796539007
22.948852557372135,0.0033800094374999826
22.953852307384633,0.0016479454316524224
22.95885205739713,0.007115863821781315
22.963851807409632,0.0027150664927578735
22.96885155742213,0.0023473824904452346
22.973851307434632,0.004602579311545863
22.97885105744713,0.0046885706994199
22.98385080745963,0.0009474469817200047
22.98885055747213,0.005680241937820285
22.993850307484628,0.0045430393856091935
22.998850057497126,0.001459089828317787
23.003849807509628,0.007431779296922302
23.008849557522126,0.003761103949612754
23.013849307534624,0.011229385767268384
23.018849057547126,0.009862407199866424
23.023848807559624,0.0024305264020194122
23.028848557572125,0.004933645536488529
23.033848307584623,0.007762206569036402
23.03884805759712,0.011302672452131268
23.043847807609623,0.009020057300444051
23.04884755762212,0.006169407207441399
23.05384730763462,0.005160242378858102
23.05884705764712,0.004595906941939481
23.06384680765962,0.008048688546460306
23.068846557672117,0.004243666743876366
23.07384630768462,0.0030180484579629507
23.078846057697117,0.008043059331549139
23.08384580770962,0.007640005524523472
23.088845557722117,0.005438461379337779
23.093845307734615,0.0124358314690856
23.098845057747116,0.005886733256155307
23.103844807759614,0.004398721422348958
23.108844557772112,0.00702550088381137
23.113844307784614,0.004222208187077345
23.118844057797112,0.0101065212427332
23.12384380780961,0.004041558277530552
23.128843557822112,0.0015176911989156997
23.13384330783461,0.0049608558916094505
23.13884305784711,0.004527065597776413
23.14384280785961,0.006265236958388916
23.148842557872108,0.008527255734439488
23.15384230788461,0.0030063785634591054
23.158842057897107,0.00646722772150039
23.163841807909606,0.0034675296788240083
23.168841557922107,0.011136720606573246
23.173841307934605,0.009419776923730595
23.178841057947103,0.005779945066938326
23.183840807959605,0.004831733468244528
23.188840557972103,0.006840406808841447
23.193840307984605,0.001808116098571362
23.198840057997103,0.007426345717044543
23.2038398080096,0.007167594566797648
23.208839558022103,0.009109589648370789
23.2138393080346,0.002416177635021597
23.2188390580471,0.007015050475125905
23.2238388080596,0.004630605571160194
23.2288385580721,0.0038715042290456236
23.233838308084596,0.005960161675187538
23.238838058097098,0.01313907020236534
23.243837808109596,0.0009746058212055482
23.248837558122098,0.00381475102747842
23.253837308134596,0.005104957772377282
23.258837058147094,0.006788506476598109
23.263836808159596,0.0020245472264922085
23.268836558172094,0.012980620872330602
23.273836308184592,0.00782703026854962
23.278836058197093,0.0016278609593096864
23.28383580820959,0.005339468873759297
23.28883555822209,0.003904613126856675
23.29383530823459,0.00324059353084254
23.29883505824709,0.006649064312997184
23.30383480825959,0.011567102750427124
23.30883455827209,0.005822630273592102
23.313834308284587,0.006878863219644273
23.31883405829709,0.008763446140861832
23.323833808309587,0.006336480688050933
23.328833558322085,0.011761252946713157
23.333833308334587,0.0039769950234963
23.338833058347085,0.009238455539460249
23.343832808359583,0.004732153966505461
23.348832558372084,0.0049708538324315585
23.353832308384582,0.0017506938284889736
23.358832058397084,0.0062150940479379765
23.363831808409582,0.009532111396263776
23.36883155842208,0.007588835393040303
23.373831308434582,0.006268906229416109
23.37883105844708,0.006690438605753884
23.383830808459578,0.01296747568704733
23.38883055847208,0.004960046071047271
23.393830308484578,0.0058460968692808325
23.398830058497076,0.004338179221533094
23.403829808509578,0.011709880169831
23.408829558522076,0.0059694140020093425
23.413829308534577,0.008194364471702293
23.418829058547075,0.00747299466726476
23.423828808559573,0.004589361265653128
23.428828558572075,0.010689339021266044
23.433828308584573,0.0016058414164879234
23.43882805859707,0.009277984236462996
23.443827808609573,0.014719688050135267
23.44882755862207,0.005404770770667212
23.45382730863457,0.012979205252557425
23.45882705864707,0.009357884795807738
23.46382680865957,0.00483846266038974
23.46882655867207,0.00996965699015779
23.47382630868457,0.005702464772505671
23.478826058697067,0.005853451095748855
23.483825808709568,0.004878066763927503
23.488825558722066,0.0010105638881722128
23.493825308734564,0.006836800722594315
23.498825058747066,0.01163386520043559
23.503824808759564,0.009189761190443482
23.508824558772062,0.009359211518188196
23.513824308784564,0.006990014554502214
23.518824058797062,0.009855419734620171
23.523823808809563,0.006175680175464506
23.52882355882206,0.004654249565612839
23.53382330883456,0.0066521422920589775
23.53882305884706,0.002581367541833123
23.54382280885956,0.0015247828137906088
23.548822558872057,0.0040784500516452835
23.55382230888456,0.005849493487605335
23.558822058897057,0.008540907885956493
23.563821808909555,0.008804984709633394
23.568821558922057,0.0016811149444591138
23.573821308934555,0.008296235689213189
23.578821058947057,0.013393885300101513
23.583820808959555,0.011574521726407149
23.588820558972053,0.006412704828363379
23.593820308984554,0.009613239363565363
23.598820058997052,0.0066307061611221105
23.60381980900955,0.006057345628846888
23.608819559022052,0.012975767959279487
23.61381930903455,0.005338217898530354
23.61881905904705,0.007678452501224985
23.62381880905955,0.002948561372237266
23.628818559072048,0.003697827606305877
23.63381830908455,0.004593910972808692
23.638818059097048,0.004860310711952466
23.643817809109546,0.006424377423011865
23.648817559122048,0.007804300980130185
23.653817309134546,0.010309602514219954
23.658817059147044,0.004280059463783849
23.663816809159545,0.004702632560997073
23.668816559172043,0.007035711765851828
23.67381630918454,0.01514688264100598
23.678816059197043,0.00843236381532547
23.68381580920954,0.00352425936590013
23.688815559222043,0.0018106604484855718
23.69381530923454,0.008262302339761995
23.69881505924704,0.005694980905461633
23.70381480925954,0.005581198425716309
23.70881455927204,0.003464137451897323
23.713814309284537,0.014546746282212003
23.71881405929704,0.0097405478675061
23.723813809309537,0.00030038522768374785
23.728813559322035,0.004582098705972179
23.733813309334536,0.007359194791611058
23.738813059347034,0.0042990336398749125
23.743812809359536,0.009791538628159664
23.748812559372034,0.003519352822418377
23.753812309384532,0.003673064962510735
23.758812059397034,0.009478194721146617
23.763811809409532,0.0058748740278401395
23.76881155942203,0.006650549245042871
23.77381130943453,0.0054923868255254684
23.77881105944703,0.004911465160686872
23.783810809459528,0.005263130630944175
23.78881055947203,0.004678327747894479
23.793810309484527,0.010006414925329912
23.79881005949703,0.00819904345293214
23.803809809509527,0.01048905752780633
23.808809559522025,0.007256762871776037
23.813809309534527,0.004851474174728422
23.818809059547025,0.0080857570691281
23.823808809559523,0.007935672012768395
23.828808559572025,0.008161155653740747
23.833808309584523,0.010419889581419838
23.83880805959702,0.013037411989038237
23.843807809609523,0.003876687261541582
23.84880755962202,0.010603748259978082
23.853807309634522,0.011076480394352458
23.85880705964702,0.007235318319024083
23.86380680965952,0.008305133009363152
23.86880655967202,0.0037185189741426716
23.873806309684518,0.0029285934646663316
23.878806059697016,0.00862069877851627
23.883805809709518,0.008356755148848887
23.888805559722016,0.01346202468203542
23.893805309734514,0.01033906608244412
23.898805059747016,0.006219097606924678
23.903804809759514,0.004552872855443119
23.908804559772015,0.0038980324202683462
23.913804309784513,0.0060865250695317594
23.91880405979701,0.009650205150853245
23.923803809809513,0.008381713446920446
23.92880355982201,0.003964375672057771
23.93380330983451,0.004518688651308277
23.93880305984701,0.005874872365859831
23.94380280985951,0.00046638476049429197
23.948802559872007,0.008011228191789194
23.95380230988451,0.006100689138514367
23.958802059897007,0.012600256293721317
23.96380180990951,0.00573345452446855
23.968801559922007,0.010272672091018856
23.973801309934505,0.007644758112374824
23.978801059947006,0.007508410736898989
23.983800809959504,0.0058416221275184085
23.988800559972002,0.007113866071402017
23.993800309984504,0.00809176161259465
23.998800059997002,0.002776402034581473
24.0037998100095,0.006248657477482801
24.008799560022002,0.0020958720498289577
24.0137993100345,0.00698102906757376
24.018799060047,0.014617115975708422
24.0237988100595,0.00880430800060262
24.028798560071998,0.007773876604116633
24.0337983100845,0.009640026218256785
24.038798060096997,0.0009215679686604654
24.043797810109496,0.009351264868041194
24.048797560121997,0.004910158824106204
24.053797310134495,0.010309550416310567
24.058797060146993,0.006869195927634823
24.063796810159495,0.004920595322940628
24.068796560171993,0.00820855194778905
24.073796310184495,0.007986455331716595
24.078796060196993,0.009728375911722648
24.08379581020949,0.009525265458766823
24.088795560221993,0.009622707982365109
24.09379531023449,0.008766535628287548
24.09879506024699,0.005316708623236116
24.10379481025949,0.0113527722328527
24.10879456027199,0.005881268159382009
24.113794310284486,0.005135506777333592
24.118794060296988,0.007909275242307761
24.123793810309486,0.005936992974432194
24.128793560321988,0.00403048939383109
24.133793310334486,0.003675079063908413
24.138793060346984,0.003570893159417676
24.143792810359486,0.007667498397817266
24.148792560371984,0.00545415242465382
24.153792310384482,0.003530740730728781
24.158792060396983,0.010785326895075434
24.16379181040948,0.007517433461980104
24.16879156042198,0.002726752533704141
24.17379131043448,0.00576299788084921
24.17879106044698,0.007371322182425746
24.18379081045948,0.004437747321934964
24.18879056047198,0.004412178709286381
24.193790310484477,0.0064237488726547375
24.19879006049698,0.0022333253850009465
24.203789810509477,0.0024671869801201974
24.208789560521975,0.0035320613374695935
24.213789310534477,0.006872677690420037
24.218789060546975,0.0027163412173466313
24.223788810559473,0.002496451900992768
24.228788560571974,0.0029745488970973704
24.233788310584472,0.0036713152826817006
24.238788060596974,0.005619560319608792
24.243787810609472,0.0015178510085463873
24.24878756062197,0.002330362717844345
24.253787310634472,0.007734505427243573
24.25878706064697,0.001248621746533798
24.263786810659468,0.003099533537895433
24.26878656067197,0.004574444808913991
24.273786310684468,0.0017939704816313914
24.278786060696966,0.007687787370748168
24.283785810709468,0.005529834689635397
24.288785560721966,0.004914968923887022
24.293785310734467,0.0012610837823960525
24.298785060746965,0.01042435234076077
24.303784810759463,0.001688479034406539
24.308784560771965,0.002358713130551775
24.313784310784463,0.011593925865891431
24.31878406079696,0.004355034948728968
24.323783810809463,0.004454251990046829
24.32878356082196,0.005644567689121208
24.33378331083446,0.0029810986219945207
24.33878306084696,0.007565647262901157
24.34378281085946,0.0035724988262322275
24.34878256087196,0.0057553432265794804
24.35378231088446,0.01388471552441692
24.358782060896957,0.0015066574354755569
24.363781810909458,0.0014951154045009503
24.368781560921956,0.01597518904725385
24.373781310934454,0.013692666336933808
24.378781060946956,0.008568623428174667
24.383780810959454,0.0058468316157688415
24.388780560971952,0.006012135291522099
24.393780310984454,0.008346965380217015
24.398780060996952,0.007362213597072322
24.403779811009453,0.0036093807309960898
24.40877956102195,0.011904254457298653
24.41377931103445,0.007027968326442013
24.41877906104695,0.003124761522153772
24.42377881105945,0.006445683270546822
24.428778561071947,0.011618868989002811
24.43377831108445,0.007098378087175779
24.438778061096947,0.007749518534852433
24.443777811109445,0.006080297351803468
24.448777561121947,0.0060853520721955235
24.453777311134445,0.0050786360167011995
24.458777061146947,0.008788609678878675
24.463776811159445,0.0006799678626151488
24.468776561171943,0.009637691550265793
24.473776311184444,0.008129210997477116
24.478776061196942,0.003967319742507854
24.48377581120944,0.003467777450374209
24.488775561221942,0.004618649270110051
24.49377531123444,0.004258241005147666
24.49877506124694,0.0016979813545585014
24.50377481125944,0.0006724800854699923
24.508774561271938,0.006975372480760621
24.51377431128444,0.002212792096404289
24.518774061296938,0.005453122866689506
24.523773811309436,0.00853578879624212
24.528773561321938,0.004803638469437174
24.533773311334436,0.01176092991071432
24.538773061346934,0.005266746745139366
24.543772811359435,0.01003270885294293
24.548772561371933,0.00566142271893513
24.55377231138443,0.005079937277915682
24.558772061396933,0.0031386601135432136
24.56377181140943,0.014824586798102292
24.568771561421933,0.004310348691960242
24.57377131143443,0.008244620463943775
24.57877106144693,0.008864829804109768
24.58377081145943,0.007800827841660286
24.58877056147193,0.004061013157383059
24.593770311484427,0.003156331457903809
24.59877006149693,0.006227792049938381
24.603769811509427,0.0035643724182296906
24.608769561521925,0.003060212318111227
24.613769311534426,0.004836247532754918
24.618769061546924,0.003981438416346258
24.623768811559426,0.006453610834524492
24.628768561571924,0.0066211783616589625
24.633768311584422,0.006382356094123928
24.638768061596924,0.005070510179788285
24.643767811609422,0.0026423271527196697
24.64876756162192,0.006973123238869227
24.65376731163442,0.007600907085611308
24.65876706164692,0.0033702354187468107
24.663766811659418,0.008710949683819259
24.66876656167192,0.005883055993102314
24.673766311684417,0.0031894020982485122
24.67876606169692,0.002523118952792793
24.683765811709417,0.00711346589185237
24.688765561721915,0.0012741830612324533
24.693765311734417,0.003081675375850012
24.698765061746915,0.004628643459243035
24.703764811759413,0.010540436565525044
24.708764561771915,0.0060664524577108735
24.713764311784413,0.008940026883842288
24.71876406179691,0.008852000384020316
24.723763811809413,0.006378822023368359
24.72876356182191,0.004486858935326702
24.733763311834412,0.00466304931358258
24.73876306184691,0.00967038487701726
24.74376281185941,0.004644999122706086
24.74876256187191,0.0022018132281328845
24.753762311884408,0.004579038222641857
24.758762061896906,0.005393476750390818
24.763761811909408,0.0030170184398326774
24.768761561921906,0.006344371224083798
24.773761311934404,0.003421255542486096
24.778761061946906,0.004889472991877367
24.783760811959404,0.008771924238463914
24.788760561971905,0.009716367064012355
24.793760311984403,0.00591809454913591
24.7987600619969,0.00105605325495865
24.803759812009403,0.0019861466213872713
24.8087595620219,0.006915651739981769
24.8137593120344,0.008567115489879588
24.8187590620469,0.008530283298334374
24.8237588120594,0.015304488730664905
24.828758562071897,0.011398262985599473
24.8337583120844,0.003053495633253444
24.838758062096897,0.005040747470934539
24.8437578121094,0.0044087388718676785
24.848757562121897,0.001342007487789102
24.853757312134395,0.0035166422338220563
24.858757062146896,0.0036108914470693726
24.863756812159394,0.004810369061317152
24.868756562171892,0.010109256503909885
24.873756312184394,0.008156170131339797
24.878756062196892,0.003188057891181568
24.88375581220939,0.0024115961886164226
24.888755562221892,0.005197293019114724
24.89375531223439,0.00678741666835366
24.89875506224689,0.0006441251060166992
24.90375481225939,0.008955376242345058
24.908754562271888,0.011544307340600595
24.91375431228439,0.008562321760335825
24.918754062296887,0.009956436917636095
24.923753812309386,0.004652226398636455
24.928753562321887,0.0029457569746184037
24.933753312334385,0.0037659919264375397
24.938753062346883,0.00298129159892221
24.943752812359385,0.003666784707163665
24.948752562371883,0.003289082371552096
24.953752312384385,0.0046709309874522886
24.958752062396883,0.007285699597039759
24.96375181240938,0.007580790317275942
24.968751562421883,0.005149198248633972
24.97375131243438,0.006118386469022896
24.97875106244688,0.007787752067348426
24.98375081245938,0.0046905247127673865
24.98875056247188,0.00793775156829563
24.993750312484377,0.006890074597276503
24.998750062496878,0.005519266133690505
25.003749812509376,0.006037948898241367
25.008749562521878,0.005862652089474655
25.013749312534376,0.0042065721247187
25.018749062546874,0.008250652478390571
25.023748812559376,0.011135908833639413
25.028748562571874,0.0057110120199669635
25.033748312584372,0.006755513667184459
25.038748062596873,0.007017354034268854
25.04374781260937,0.012440374987080697
25.04874756262187,0.007428182831420316
25.05374731263437,0.0008235381785707507
25.05874706264687,0.006032324079835947
25.06374681265937,0.010897994242470774
25.06874656267187,0.01023701157113025
25.073746312684367,0.0038670605587355026
25.07874606269687,0.00567227954007968
25.083745812709367,0.004939665528890006
25.088745562721865,0.0068618591533137615
25.093745312734367,0.0010913907946476513
25.098745062746865,0.007362285059505105
25.103744812759363,0.008504550408045696
25.108744562771864,0.015078350975264599
25.113744312784362,0.009318779284541044
25.118744062796864,0.003121812279463615
25.123743812809362,0.009126770354312815
25.12874356282186,0.008020891585930955
25.133743312834362,0.0034655135423252033
25.13874306284686,0.00715812239492503
25.143742812859358,0.006072313232424187
25.14874256287186,0.008259797779421587
25.153742312884358,0.0008913698965147739
25.158742062896856,0.005500908685490353
25.163741812909358,0.003776894134906563
25.168741562921856,0.0015627364670141254
25.173741312934357,0.0030761628332583494
25.178741062946855,0.005606354463260513
25.183740812959353,0.0008153296793236524
25.188740562971855,0.008027698213089804
25.193740312984353,0.0032348070408185817
25.19874006299685,0.004292866796347579
25.203739813009353,0.004075831748819715
25.20873956302185,0.010976474985845027
25.21373931303435,0.004076518239805151
25.21873906304685,0.007041158780392242
25.22373881305935,0.004359802277732238
25.22873856307185,0.004075568056839367
25.23373831308435,0.01063016946759991
25.238738063096847,0.005210445264432736
25.243737813109348,0.0009372148176673702
25.248737563121846,0.0022667991785505835
25.253737313134344,0.006967841279386158
25.258737063146846,0.009002975179160667
25.263736813159344,0.008902887934046545
25.268736563171842,0.0052686075282124805
25.273736313184344,0.009118740087344666
25.278736063196842,0.005980440670162204
25.283735813209343,0.005993496855885236
25.28873556322184,0.004468946923027206
25.29373531323434,0.0017693780616882659
25.29873506324684,0.011059685774516688
25.30373481325934,0.004249133081823568
25.308734563271837,0.012948903888272505
25.31373431328434,0.0019724310512531087
25.318734063296837,0.0023892350907690294
25.323733813309335,0.0033995316879691304
25.328733563321837,0.002024286362040141
25.333733313334335,0.001267420373772819
25.338733063346837,0.003303341737693544
25.343732813359335,0.0038680639528576167
25.348732563371833,0.003703254854574522
25.353732313384334,0.006435151610028922
25.358732063396833,0.007375197978631736
25.36373181340933,0.006829224884553843
25.368731563421832,0.0017853175112759272
25.37373131343433,0.007818637949163796
25.37873106344683,0.008103167323265275
25.38373081345933,0.0008895163810231599
25.388730563471828,0.006389494638847252
25.39373031348433,0.013006281538349249
25.398730063496828,0.0030773833571631996
25.403729813509326,0.00962028079572133
25.408729563521828,0.006805470525431255
25.413729313534326,0.009090549500855848
25.418729063546824,0.005700260048414777
25.423728813559325,0.005879469670348644
25.428728563571823,0.005255087661507058
25.43372831358432,0.0029196992320058425
25.438728063596823,0.00034285128892498016
25.44372781360932,0.004187441581915193
25.448727563621823,0.007375109446409591
25.45372731363432,0.006239526573944486
25.45872706364682,0.0019036076677183056
25.46372681365932,0.006728281950339747
25.46872656367182,0.0041742797872057385
25.473726313684317,0.008983099420279727
25.47872606369682,0.004747410000763596
25.483725813709317,0.016021251319328356
25.488725563721815,0.0029455882402046473
25.493725313734316,0.005646439951659586
25.498725063746814,0.00709241023790821
25.503724813759316,0.0038305889454231497
25.508724563771814,0.013639759391793446
25.513724313784312,0.007807807828874361
25.518724063796814,0.0021080437103986258
25.523723813809312,0.008256088748876128
25.52872356382181,0.008112493674085335
25.53372331383431,0.008310078387806376
25.53872306384681,0.008613031965014797
25.543722813859308,0.0072000318668465745
25.54872256387181,0.006726398224976337
25.553722313884307,0.005884034765630105
25.55872206389681,0.004499378086337585
25.563721813909307,0.0021290129034060583
25.568721563921805,0.007097171554068831
25.573721313934307,0.0052476353773295925
25.578721063946805,0.008238085594212236
25.583720813959303,0.005340139083629633
25.588720563971805,0.009697686614968037
25.593720313984303,0.006814161578045371
25.5987200639968,0.007456358439333294
25.603719814009303,0.008140458801516452
25.6087195640218,0.006133691228238317
25.613719314034302,0.005762957619920093
25.6187190640468,0.007291012171133128
25.6237188140593,0.0043580341267247
25.6287185640718,0.0056889254488032325
25.633718314084298,0.007361810844473259
25.638718064096796,0.004448466269068171
25.643717814109298,0.0025286239372419865
25.648717564121796,0.007178243405501949
25.653717314134298,0.0038049635496336014
25.658717064146796,0.012834368223325414
25.663716814159294,0.007255556243752385
25.668716564171795,0.0029995342736660905
25.673716314184293,0.001682650641518978
25.67871606419679,0.004452305827842537
25.683715814209293,0.006400279118963954
25.68871556422179,0.005242827385716682
25.69371531423429,0.009379425129567997
25.69871506424679,0.002925456749540168
25.70371481425929,0.010273382765045351
25.70871456427179,0.004651791845007706
25.71371431428429,0.006342008994510942
25.718714064296787,0.008290028660095289
25.72371381430929,0.0037542106598930777
25.728713564321787,0.009491036162386638
25.733713314334285,0.007568984252528194
25.738713064346786,0.005071045275933934
25.743712814359284,0.005353073088101158
25.748712564371782,0.008898754229999648
25.753712314384284,0.010989077009438412
25.758712064396782,0.0032684756638432567
25.763711814409284,0.003039585163791024
25.768711564421782,0.006367522358390042
25.77371131443428,0.00501511500056522
25.77871106444678,0.00551796490640239
25.78371081445928,0.004781151649636394
25.788710564471778,0.005373436463005776
25.79371031448428,0.007181433264610461
25.798710064496778,0.007112780718250005
25.803709814509276,0.0037907655589054447
25.808709564521777,0.004915999223527492
25.813709314534275,0.008693103577083878
25.818709064546777,0.002680185572156163
25.823708814559275,0.005581918633620598
25.828708564571773,0.00899512360236857
25.833708314584275,0.0007021986962893358
25.838708064596773,0.006015963628498115
25.84370781460927,0.012264486634305532
25.848707564621773,0.003729016936751336
25.85370731463427,0.0053875656903382045
25.85870706464677,0.006020090418192058
25.86370681465927,0.0070731359286976695
25.86870656467177,0.002083132184766508
25.87370631468427,0.008722393812058273
25.878706064696768,0.006331284746498906
25.883705814709266,0.0030115296655551195
25.888705564721768,0.001940586117621009
25.893705314734266,0.008445108577810483
25.898705064746764,0.004764657675153124
25.903704814759266,0.008236098737294315
25.908704564771764,0.005554833241181898
25.913704314784262,0.007532692884510177
25.918704064796763,0.006519963391844904
25.92370381480926,0.003993700736125337
25.928703564821763,0.010094041628283725
25.93370331483426,0.005252441034254797
25.93870306484676,0.004211288313635104
25.94370281485926,0.0058649673969154124
25.94870256487176,0.004262461046886627
25.953702314884257,0.007677398786885099
25.95870206489676,0.002742039634534499
25.963701814909257,0.0030806866153343477
25.968701564921755,0.007942388445429802
25.973701314934257,0.01076067569529018
25.978701064946755,0.003965862462587022
25.983700814959256,0.005269980580137104
25.988700564971754,0.005342039820540206
25.993700314984252,0.0024052917018304643
25.998700064996754,0.0026266851715366912
26.003699815009252,0.006949691083547315
26.00869956502175,0.009008036169602827
26.013699315034252,0.0032617436205778904
26.01869906504675,0.007252632917678234
26.023698815059248,0.0013403265627438025
26.02869856507175,0.002348836337465674
26.033698315084248,0.0091740809689084
26.03869806509675,0.00282199131604163
26.043697815109248,0.010820186240599291
26.048697565121746,0.0056595813261108175
26.053697315134247,0.005606832032641329
26.058697065146745,0.003643370778758406
26.063696815159243,0.0027210207847626657
26.068696565171745,0.00772727645961045
26.073696315184243,0.00652435643185968
26.07869606519674,0.0103130136981227
26.083695815209243,0.01104852131757807
26.08869556522174,0.009659187827980309
26.093695315234243,0.012289517117137966
26.09869506524674,0.009482727775848165
26.10369481525924,0.011063700494184366
26.10869456527174,0.013130608357251978
26.11369431528424,0.010632637667923071
26.118694065296737,0.007868422790105516
26.123693815309238,0.0042516105308022
26.128693565321736,0.010825833734404674
26.133693315334234,0.004915826485927884
26.138693065346736,0.006822239540588856
26.143692815359234,0.0022520010624681266
26.148692565371736,0.011801107476565957
26.153692315384234,0.003934620672854801
26.158692065396732,0.004554444920188272
26.163691815409233,0.0024974184875115792
26.16869156542173,0.004147174495206438
26.17369131543423,0.005225886878300074
26.17869106544673,0.00190168357151064
26.18369081545923,0.002330165414719609
26.188690565471727,0.007216324331049987
26.19369031548423,0.012711041537033023
26.198690065496727,0.0155687754993604
26.20368981550923,0.005901221473055602
26.208689565521727,0.0011930688457899834
26.213689315534225,0.006297502702346153
26.218689065546727,0.009752149177993125
26.223688815559225,0.00849555182713214
26.228688565571723,0.005511902087683874
26.233688315584224,0.006392164900907427
26.238688065596723,0.004328933254435041
26.24368781560922,0.005899092735155647
26.248687565621722,0.00559605976791598
26.25368731563422,0.0034313343550633744
26.258687065646722,0.00728055501211629
26.26368681565922,0.005362922351366977
26.268686565671718,0.005869623308019911
26.27368631568422,0.0056194547640944234
26.278686065696718,0.01640864297585128
26.283685815709216,0.003799439946830752
26.288685565721718,0.004269037762631389
26.293685315734216,0.003974608871613497
26.298685065746714,0.007668561615085873
26.303684815759215,0.0052248909949163405
26.308684565771713,0.0022070199953484423
26.313684315784215,0.004271383507558253
26.318684065796713,0.004566048130612482
26.32368381580921,0.002778289039640015
26.328683565821713,0.003360602783460323
26.33368331583421,0.008227942479013721
26.33868306584671,0.008055395346805461
26.34368281585921,0.003749185035826652
26.34868256587171,0.006862766290421164
26.353682315884207,0.0020052718093495066
26.35868206589671,0.0037336126444943475
26.363681815909207,0.012827462818807787
26.368681565921708,0.009035824028053948
26.373681315934206,0.008179637244525422
26.378681065946704,0.004113596183195462
26.383680815959206,0.0015801100402254126
26.388680565971704,0.0014773578295478437
26.393680315984202,0.0019676507001775818
26.398680065996704,0.01000397501278823
26.403679816009202,0.003397853902694623
26.4086795660217,0.008340432713194281
26.4136793160342,0.00853690711623182
26.4186790660467,0.0013512628897623586
26.4236788160592,0.0060491215275747445
26.4286785660717,0.008459090778376935
26.433678316084197,0.006525500022322745
26.4386780660967,0.006441121457157969
26.443677816109197,0.006623629866509785
26.448677566121695,0.0042105145836329365
26.453677316134197,0.003854225964826385
26.458677066146695,0.009285583976998411
26.463676816159193,0.008304394478415971
26.468676566171695,0.0011027136851140163
26.473676316184193,0.0016417817580811846
26.478676066196694,0.004083946431191921
26.483675816209193,0.0056119981185739345
26.48867556622169,0.0015148310316327677
26.493675316234192,0.0032356333357803435
26.49867506624669,0.01296892083866048
26.50367481625919,0.0008412339697626392
26.50867456627169,0.010562000889883922
26.513674316284188,0.005266158710301086
26.518674066296686,0.010994582454459197
26.523673816309188,0.00887943515784796
26.528673566321686,0.0004813332788428886
26.533673316334188,0.005267580128857026
26.538673066346686,0.009842163873183894
26.543672816359184,0.00920319518048873
26.548672566371685,0.013174852474594429
26.553672316384183,0.008899412048319625
26.55867206639668,0.005196851877719165
26.563671816409183,0.00892917083197479
26.56867156642168,0.005966667531014605
26.57367131643418,0.00601345575775083
26.57867106644668,0.006564877272073101
26.58367081645918,0.005933116535491652
26.58867056647168,0.006978838515720192
26.59367031648418,0.0006802136791263383
26.598670066496677,0.003414244373097819
26.60366981650918,0.0028391499395425566
26.608669566521677,0.00635190964029531
26.613669316534175,0.0047035546358458686
26.618669066546676,0.004743542177062676
26.623668816559174,8.029085351127131e-05
26.628668566571672,0.010124568965726114
26.633668316584174,0.010094894866925136
26.638668066596672,0.0058020019738022
26.643667816609174,0.0035664226974185475
26.648667566621672,0.003370369627155933
26.65366731663417,0.006460241955810757
26.65866706664667,0.005551894247479412
26.66366681665917,0.006165673654020005
26.668666566671668,0.004596313179323417
26.67366631668417,0.010113427751025035
26.678666066696668,0.008529124447327719
26.683665816709166,0.005459947826580417
26.688665566721667,0.008164138651248886
26.693665316734165,0.005219148082351861
26.698665066746667,0.0023929215361850357
26.703664816759165,0.0012850509519706727
26.708664566771663,0.00625876805401921
26.713664316784165,0.009180761975024465
26.718664066796663,0.009095262106616408
26.72366381680916,0.006692711794111953
26.728663566821663,0.013948526071273082
26.73366331683416,0.01031710362990063
26.73866306684666,0.009558837615580568
26.74366281685916,0.001972965880309492
26.74866256687166,0.0032913288086064566
26.75366231688416,0.005614463828073821
26.758662066896658,0.006514595183564307
26.763661816909156,0.005174211114900057
26.768661566921658,0.0031890010918169706
26.773661316934156,0.005181294759810427
26.778661066946654,0.01175742358940721
26.783660816959156,0.006985752534087192
26.788660566971654,0.010280257261882905
26.793660316984152,0.008420356468067974
26.798660066996653,0.00804577856034159
26.80365981700915,0.009489907677275587
26.808659567021653,0.004160930294325129
26.81365931703415,0.00211814150666164
26.81865906704665,0.002137563887493049
26.82365881705915,0.004426656400023627
26.82865856707165,0.004397199012575724
26.833658317084147,0.0034529847273120848
26.83865806709665,0.012284177333227283
26.843657817109147,0.00810912048729117
26.848657567121645,0.006446530220093053
26.853657317134147,0.003334657960048616
26.858657067146645,0.0022074335380492882
26.863656817159146,0.0011031689322504989
26.868656567171644,0.0064382310254714635
26.873656317184142,0.004570095030905549
26.878656067196644,0.005493441273687947
26.883655817209142,0.0008726877385035165
26.88865556722164,0.00394571099733204
26.893655317234142,0.003451893102861311
26.89865506724664,0.002591971898879863
26.903654817259138,0.002913978052223519
26.90865456727164,0.004708899681458391
26.913654317284138,0.011734952166613178
26.91865406729664,0.004688416832448918
26.923653817309138,0.010230706809614751
26.928653567321636,0.003150438566359181
26.933653317334137,0.009467223736963723
26.938653067346635,0.009189474462380205
26.943652817359133,0.00634676743237625
26.948652567371635,0.0017372071134875912
26.953652317384133,0.00434734747818169
26.95865206739663,0.007312935373108375
26.963651817409133,0.004807357353099403
26.96865156742163,0.0041365654509502026
26.973651317434133,0.007624322928835598
26.97865106744663,0.014003126691016925
26.98365081745913,0.004139905029385851
26.98865056747163,0.00807035435760631
26.99365031748413,0.0013380500512371444
26.998650067496627,0.005411613282491958
27.003649817509128,0.002038152675171753
27.008649567521626,0.0030637068640167373
27.013649317534124,0.006936709574657131
27.018649067546626,0.009193227787869874
27.023648817559124,0.008443000704443928
27.028648567571626,0.009121832434780918
27.033648317584124,0.0045019479997138396
27.038648067596622,0.005145106795992264
27.043647817609124,0.008925756014629317
27.04864756762162,0.004585074573475968
27.05364731763412,0.00817203110803346
27.05864706764662,0.009252751703162273
27.06364681765912,0.011336541720727842
27.068646567671617,0.0077246236000394685
27.07364631768412,0.004125463256246309
27.078646067696617,0.007811746374355568
27.08364581770912,0.006264699620088866
27.088645567721617,0.0035393309657283747
27.093645317734115,0.0034184775022774836
27.098645067746617,0.004541739841808161
27.103644817759115,0.0067334961492462615
27.108644567771613,0.006570091418420341
27.113644317784114,0.004108473516838477
27.118644067796613,0.0047261198515769955
27.12364381780911,0.012031739477003147
27.128643567821612,0.006847782749744649
27.13364331783411,0.004370105809601543
27.138643067846612,0.0058842380390632205
27.14364281785911,0.001882427940618229
27.148642567871608,0.004491824704330355
27.15364231788411,0.006364215838705838
27.158642067896608,0.0027854587807057455
27.163641817909106,0.005698766833131622
27.168641567921608,0.006684831658568508
27.173641317934106,0.002227764566134509
27.178641067946604,0.0006111436537664406
27.183640817959105,0.008737279325662048
27.188640567971603,0.007827889721091177
27.193640317984105,0.007122167201906764
27.198640067996603,0.012083844119937081
27.2036398180091,0.006263443199075811
27.208639568021603,0.004833463728457501
27.2136393180341,0.0034999298856509325
27.2186390680466,0.008532755252091354
27.2236388180591,0.005739357627929261
27.2286385680716,0.003669370126112402
27.233638318084097,0.0074912128416107435
27.2386380680966,0.013644367177610563
27.243637818109097,0.004740518122621937
27.248637568121598,0.0024549914428627466
27.253637318134096,0.009103873500716383
27.258637068146594,0.007140622557635095
27.263636818159096,0.012866054279802214
27.268636568171594,0.005151758730049267
27.273636318184092,0.006305412676895886
27.278636068196594,0.0022419286383641725
27.283635818209092,0.004428392058071032
27.28863556822159,0.01524763129670139
27.29363531823409,0.01317639910487877
27.29863506824659,0.009865883050351977
27.30363481825909,0.00799712705115181
27.30863456827159,0.00261497064016773
27.313634318284087,0.011923433215917635
27.31863406829659,0.00938605044761135
27.323633818309087,0.007821003473150326
27.328633568321585,0.004458722435130987
27.333633318334087,0.007595861954253367
27.338633068346585,0.006487852155889868
27.343632818359083,0.007560214276004179
27.348632568371585,0.0014718954518352571
27.353632318384083,0.008728165101699775
27.358632068396584,0.01055845864078583
27.363631818409083,0.004921896074197124
27.36863156842158,0.013834638689146238
27.373631318434082,0.0029938805572016177
27.37863106844658,0.0032650555614497376
27.38363081845908,0.006522638664768128
27.38863056847158,0.0037199566237949397
27.393630318484078,0.0063044621479753146
27.398630068496576,0.005259074124005795
27.403629818509078,0.006895889461782816
27.408629568521576,0.001782078373406817
27.413629318534078,0.008198953897602987
27.418629068546576,0.00760055195222022
27.423628818559074,0.0018762048151402734
27.428628568571575,0.013364073323743487
27.433628318584073,0.0056544937348201405
27.43862806859657,0.007359306388720483
27.443627818609073,0.011723805344501414
27.44862756862157,0.005070499172302782
27.45362731863407,0.007233743585669493
27.45862706864657,0.012782882260418165
27.46362681865907,0.00908187097754853
27.46862656867157,0.014509003372366531
27.47362631868407,0.009244332230711819
27.478626068696567,0.00315001700201314
27.48362581870907,0.0033417358052901017
27.488625568721567,0.0063920249521745975
27.493625318734065,0.008613668022787725
27.498625068746566,0.004164333032165939
27.503624818759064,0.0014636553852514853
27.508624568771562,0.006143342743409342
27.513624318784064,0.0066195902177714335
27.518624068796562,0.004116398774799569
27.523623818809064,0.00486993392253667
27.528623568821562,0.0012430497547732042
27.53362331883406,0.008172699492971504
27.53862306884656,0.006392792691237015
27.54362281885906,0.0007873887825335307
27.548622568871558,0.007692381817347068
27.55362231888406,0.009349616920375399
27.558622068896558,0.005491015726504918
27.563621818909056,0.0032279590480186826
27.568621568921557,0.01302355986691871
27.573621318934055,0.006040233461672873
27.578621068946557,0.007176944920163951
27.583620818959055,0.0032920032454105273
27.588620568971553,0.005918961559961296
27.593620318984055,0.008551598049200856
27.598620068996553,0.005316649986144843
27.60361981900905,0.0013820740320763677
27.608619569021553,0.0050328900731694175
27.61361931903405,0.007833588715858018
27.61861906904655,0.0011639607434684677
27.62361881905905,0.007085931613594389
27.62861856907155,0.004056001098646494
27.63361831908405,3.78477421935379e-05
27.638618069096548,0.004654641494920729
27.643617819109046,0.01010632130811226
27.648617569121548,0.003685235384887685
27.653617319134046,0.010046515558741732
27.658617069146544,0.006151291264158781
27.663616819159046,0.006640955386402397
27.668616569171544,0.011608366841073385
27.673616319184042,0.003687919659567488
27.678616069196543,0.003796705306577631
27.68361581920904,0.005501371874637395
27.688615569221543,0.0027686096996859485
27.69361531923404,0.017657852893870202
27.69861506924654,0.0039477537220645505
27.70361481925904,0.0014376974656414802
27.70861456927154,0.007630247157038055
27.713614319284037,0.009252270019978135
27.71861406929654,0.006775559196809925
27.723613819309037,0.009549895265021029
27.728613569321535,0.003265960136446509
27.733613319334037,0.0023568687735445568
27.738613069346535,0.0031919828550981168
27.743612819359036,0.005053462037056345
27.748612569371534,0.011624551441898731
27.753612319384033,0.006479710710137602
27.758612069396534,0.009530086181432914
27.763611819409032,0.0017831568417349703
27.76861156942153,0.003160459406054343
27.773611319434032,0.006000782942679992
27.77861106944653,0.0025258704625434327
27.783610819459028,0.003641661770442929
27.78861056947153,0.004387387647552482
27.793610319484028,0.007905847018268752
27.79861006949653,0.010579307844730672
27.803609819509028,0.004260088014844166
27.808609569521526,0.007516729258319134
27.813609319534027,0.0034418216275187356
27.818609069546525,0.0020188319397982882
27.823608819559023,0.009763070484680988
27.828608569571525,0.0025767193061773832
27.833608319584023,0.008766864492183547
27.83860806959652,0.0037222166557159013
27.843607819609023,0.003124883296591506
27.84860756962152,0.00635207658721739
27.853607319634023,0.002079874853333891
27.85860706964652,0.0023105820726471143
27.86360681965902,0.010067599834186019
27.86860656967152,0.006299674006177025
27.87360631968402,0.013735215577809825
27.878606069696517,0.003577435339788285
27.883605819709018,0.004883725017454301
27.888605569721516,0.004619760958408564
27.893605319734014,0.0071211833159107955
27.898605069746516,0.005493200937376151
27.903604819759014,0.004382789400461677
27.908604569771516,0.004759100325324535
27.913604319784014,0.013105855403431399
27.918604069796512,0.00819573491468211
27.923603819809014,0.0020088667549606662
27.92860356982151,0.001993909753212961
27.93360331983401,0.0033177999118249417
27.93860306984651,0.00925435844543892
27.94360281985901,0.006333628675672101
27.948602569871507,0.002978263198086617
27.95360231988401,0.008599846968480535
27.958602069896507,0.0012722689777203383
27.96360181990901,0.012718199237301109
27.968601569921507,0.0011241830661479488
27.973601319934005,0.005295078297286102
27.978601069946507,0.01362674512104094
27.983600819959005,0.006040283188748357
27.988600569971503,0.0035582000843216587
27.993600319984004,0.0036630073361220367
27.998600069996503,0.0049168559968036755
28.003599820009,0.005150084740494116
28.008599570021502,0.004294777908400391
28.013599320034,0.004169398078976987
28.018599070046502,0.005964637071327978
28.023598820059,0.004554599968438129
28.028598570071498,0.008185699331284407
28.033598320084,0.009703831085895093
28.038598070096498,0.012061118156709343
28.043597820108996,0.010437794660226894
28.048597570121498,0.004679757006978688
28.053597320133996,0.005785362564954056
28.058597070146494,0.0052838772088050715
28.063596820158995,0.007528655090699151
28.068596570171493,0.006159695387815558
28.073596320183995,0.005516716167249921
28.078596070196493,0.005924411508076621
28.08359582020899,0.006221398803777406
28.088595570221493,0.006597351651549856
28.09359532023399,0.009149218949846149
28.09859507024649,0.004922597218697379
28.10359482025899,0.002010932570965665
28.10859457027149,0.003165224464023457
28.113594320283987,0.006454049159913676
28.11859407029649,0.004169747748842522
28.123593820308987,0.0032695697439002747
28.128593570321488,0.006380324025416396
28.133593320333986,0.007122223915339307
28.138593070346484,0.008352334519186108
28.143592820358986,0.003156641835340471
28.148592570371484,0.007793786854280532
28.153592320383982,0.010693400755965237
28.158592070396484,0.008220247278637802
28.163591820408982,0.009615158304520598
28.16859157042148,0.0018595688094580818
28.17359132043398,0.006074267450836376
28.17859107044648,0.00498401472099257
28.18359082045898,0.009473621506405228
28.18859057047148,0.006223186931703372
28.193590320483978,0.006874475539199682
28.19859007049648,0.004529698587051248
28.203589820508977,0.003642572421999491
28.208589570521475,0.007879864187597584
28.213589320533977,0.0036468954416568047
28.218589070546475,0.002845835340483893
28.223588820558973,0.0018963309250572876
28.228588570571475,0.010581240238928848
28.233588320583973,0.003320793501368635
28.238588070596474,0.006495328665737092
28.243587820608973,0.007721921182738911
28.24858757062147,0.002031384917573015
28.253587320633972,0.008121009081592766
28.25858707064647,0.004147575719028269
28.26358682065897,0.00789632781946183
28.26858657067147,0.008873447250407895
28.273586320683968,0.009179131248540608
28.278586070696466,0.007790227669259462
28.283585820708968,0.0006882146146309149
28.288585570721466,0.00985624322422638
28.293585320733968,0.010719059887855095
28.298585070746466,0.0032281045838331865
28.303584820758964,0.004200565365913539
28.308584570771465,0.005039151841277609
28.313584320783963,0.006812042279084666
28.31858407079646,0.00899115234643271
28.323583820808963,0.007557695279598486
28.32858357082146,0.006752751958758436
28.33358332083396,0.005001410981057905
28.33858307084646,0.002941133879748115
28.34358282085896,0.004863645976403835
28.34858257087146,0.009788243550986925
28.35358232088396,0.003133895655747116
28.358582070896457,0.0014253501466677454
28.36358182090896,0.010032619368800268
28.368581570921457,0.004965038446061361
28.373581320933955,0.00599716139812213
28.378581070946456,0.005065333734194216
28.383580820958954,0.010060122246804084
28.388580570971452,0.008331793843337291
28.393580320983954,0.007384239677254283
28.398580070996452,0.01001197981325109
28.403579821008954,0.0047774963375851074
28.408579571021452,0.0024805520798327377
28.41357932103395,0.006839650166506195
28.41857907104645,0.0029003644934075803
28.42357882105895,0.004536294888661375
28.428578571071448,0.006890413833639254
28.43357832108395,0.005342734268783844
28.438578071096448,0.0036560225322038063
28.443577821108946,0.004216609819273394
28.448577571121447,0.004942742085327069
28.453577321133945,0.0024132159928792964
28.458577071146447,0.006160994458187991
28.463576821158945,0.004801048423246449
28.468576571171443,0.009880592642861587
28.473576321183945,0.005736382109371093
28.478576071196443,0.01046723659244596
28.48357582120894,0.0057092625029184375
28.488575571221443,0.003908877661250278
28.49357532123394,0.007557972691974287
28.49857507124644,0.007468890410730802
28.50357482125894,0.005185841015242959
28.50857457127144,0.0069110203034559005
28.51357432128394,0.002516053961142501
28.518574071296438,0.008360390595243105
28.523573821308936,0.005775783641161672
28.528573571321438,0.004290635861039447
28.533573321333936,0.006159669292172985
28.538573071346434,0.004596879230228536
28.543572821358936,0.00538350162720863
28.548572571371434,0.005364367595784711
28.553572321383932,0.005241761975788193
28.558572071396434,0.004010809751336226
28.56357182140893,0.006786350455144751
28.568571571421433,0.00423533696236983
28.57357132143393,0.005157870770402601
28.57857107144643,0.006792205069340651
28.58357082145893,0.008401682953045076
28.58857057147143,0.005419746218833931
28.593570321483927,0.01002602717428146
28.59857007149643,0.005644338288648691
28.603569821508927,0.004301732459675377
28.608569571521425,0.011760714023203589
28.613569321533927,0.00826891426025581
28.618569071546425,0.004589710884738269
28.623568821558926,0.005625555097692338
28.628568571571424,0.00813952949485096
28.633568321583923,0.0005091507307830742
28.638568071596424,0.006054869254260196
28.643567821608922,0.001606515971298544
28.64856757162142,0.007654383491456568
28.653567321633922,0.010195852239532403
28.65856707164642,0.004854929758314449
28.663566821658918,0.009605468950439842
28.66856657167142,0.003957066672409153
28.673566321683918,0.003384044322627893
28.67856607169642,0.00881394774399849
28.683565821708918,0.00651331340277866
28.688565571721416,0.00639916828720379
28.693565321733917,0.0014947498475045677
28.698565071746415,0.003636678643402066
28.703564821758913,0.007903231608225085
28.708564571771415,0.013024571352200571
28.713564321783913,0.012865996083333539
28.71856407179641,0.003872898737406081
28.723563821808913,0.005423865025500752
28.72856357182141,0.009092281183349524
28.733563321833913,0.012599828333206328
28.73856307184641,0.008883554421700005
28.74356282185891,0.006758202068976386
28.74856257187141,0.007618985789244695
28.75356232188391,0.0026629471810992295
28.758562071896407,0.006462731093107176
28.763561821908908,0.003818764874240447
28.768561571921406,0.00500347554675589
28.773561321933904,0.001657541216522555
28.778561071946406,0.005113512649069447
28.783560821958904,0.0076280140199263885
28.788560571971406,0.0033951246318485724
28.793560321983904,0.00793334629611185
28.798560071996402,0.002314727338835177
28.803559822008904,0.005697604393640924
28.8085595720214,0.00436916430125906
28.8135593220339,0.004922163474790479
28.8185590720464,0.005124550473470895
28.8235588220589,0.006780066530544672
28.828558572071397,0.007596411915259294
28.8335583220839,0.007600890893681518
28.838558072096397,0.005574773931265636
28.8435578221089,0.007200688929388808
28.848557572121397,0.0037689128461165953
28.853557322133895,0.001356531636801648
28.858557072146397,0.005414166079820025
28.863556822158895,0.013589215974185808
28.868556572171393,0.0014018250201525354
28.873556322183894,0.009887035922673091
28.878556072196393,0.005416877039060226
28.88355582220889,0.0074848131027201665
28.888555572221392,0.011485073339046458
28.89355532223389,0.005286371538500334
28.898555072246392,0.005199886451211732
28.90355482225889,0.00261593052159388
28.908554572271388,0.009079598938293824
28.91355432228389,0.0015490988540064524
28.918554072296388,0.010996279340402905
28.923553822308886,0.010444505076166918
28.928553572321388,0.003658084644851937
28.933553322333886,0.013573984811813268
28.938553072346384,0.0040609414540496444
28.943552822358885,0.002855862101702651
28.948552572371383,0.005930595218863905
28.953552322383885,0.007937518787562787
28.958552072396383,0.002167959612129735
28.96355182240888,0.007986274303575958
28.968551572421383,0.006475143126647917
28.97355132243388,0.00822586086257315
28.97855107244638,0.008485803637398955
28.98355082245888,0.01080641249764084
28.98855057247138,0.002749333777594174
28.993550322483877,0.009532146690000435
28.99855007249638,0.007791775753044551
29.003549822508877,0.00921654616304625
29.00854957252138,0.004026768597587945
29.013549322533876,0.004657713833998735
29.018549072546374,0.0026898736431998378
29.023548822558876,0.00721182807389701
29.028548572571374,0.005209300756576226
29.033548322583872,0.007479744216779064
29.038548072596374,0.007988908401735915
29.043547822608872,0.0030182057144480827
29.048547572621374,0.007836149359483006
29.05354732263387,0.004960233705794161
29.05854707264637,0.003616921198408828
29.06354682265887,0.0031622507607834294
29.06854657267137,0.009045953263137833
29.073546322683868,0.0021298475930789504
29.07854607269637,0.009273421136876691
29.083545822708867,0.004844549525122441
29.088545572721365,0.003699223430123842
29.093545322733867,0.004387633960216761
29.098545072746365,0.009312962487207982
29.103544822758867,0.008354803691940034
29.108544572771365,0.00467450586683248
29.113544322783863,0.010849946173730286
29.118544072796364,0.008441991514471092
29.123543822808863,0.002194090789038006
29.12854357282136,0.011668936651905257
29.133543322833862,0.006408348805535296
29.13854307284636,0.009510387601444866
29.14354282285886,0.004334794643616293
29.14854257287136,0.006282222806015222
29.153542322883858,0.001463411561152175
29.15854207289636,0.006865635471871508
29.163541822908858,0.0010273044320132888
29.168541572921356,0.008171163113049874
29.173541322933858,0.003832142195568218
29.178541072946356,0.0064204070612935175
29.183540822958854,0.006022112127751985
29.188540572971355,0.007672299196518711
29.193540322983853,0.0030755478153085265
29.19854007299635,0.004883182555856051
29.203539823008853,0.0047598745222544305
29.20853957302135,0.008280704484847056
29.213539323033853,0.004840663044195305
29.21853907304635,0.005029222968446227
29.22353882305885,0.0052563217859206614
29.22853857307135,0.0037299615667530897
29.23353832308385,0.004688800671283549
29.238538073096347,0.013684806032801058
29.24353782310885,0.0013992016183205658
29.248537573121347,0.010589187398603633
29.253537323133845,0.004005885167369867
29.258537073146346,0.0029228850518177927
29.263536823158844,0.005770547999330398
29.268536573171346,0.005397248124953137
29.273536323183844,0.004928566751782953
29.278536073196342,0.006683440670635648
29.283535823208844,0.006237857171313621
29.288535573221342,0.0006245805337242867
29.29353532323384,0.00596834100785706
29.29853507324634,0.00489734505808022
29.30353482325884,0.013416319216245772
29.308534573271338,0.003179850637013248
29.31353432328384,0.004570670405086725
29.318534073296338,0.007070850763348501
29.32353382330884,0.006629385948476852
29.328533573321337,0.008099896947784286
29.333533323333835,0.004209015068480817
29.338533073346337,0.009182078312392039
29.343532823358835,0.0025217148811461742
29.348532573371333,0.008020283488058463
29.353532323383835,0.007360413792568876
29.358532073396333,0.003063200530578483
29.36353182340883,0.006974133589299002
29.368531573421333,0.004207754554773123
29.37353132343383,0.0031504096068704192
29.378531073446332,0.00792351683026692
29.38353082345883,0.002175459525214446
29.38853057347133,0.00721221710309647
29.39353032348383,0.003045843833611816
29.398530073496328,0.008571803425100463
29.403529823508826,0.0036625338758846516
29.408529573521328,0.010981920127661233
29.413529323533826,0.006732111510132752
29.418529073546324,0.005523670631370945
29.423528823558826,0.0022878981979462345
29.428528573571324,0.0052848061190444865
29.433528323583825,0.004420071349385487
29.438528073596324,0.004106733925949119
29.44352782360882,0.0035119247521980435
29.448527573621323,0.013047118634902518
29.45352732363382,0.0006850027083242384
29.45852707364632,0.002761852765958217
29.46352682365882,0.0040817323714480176
29.46852657367132,0.008888954289419966
29.473526323683817,0.005676945295169947
29.47852607369632,0.005166782154186797
29.483525823708817,0.007383358931033971
29.48852557372132,0.012021343906693129
29.493525323733817,0.004669340977872074
29.498525073746315,0.006253770804888408
29.503524823758816,0.004569374129599234
29.508524573771314,0.0021533534886034908
29.513524323783813,0.0037079687890444715
29.518524073796314,0.006301783365072245
29.523523823808812,0.0058858394069004295
29.52852357382131,0.01047023647643997
29.533523323833812,0.010234494263058964
29.53852307384631,0.008874306028133183
29.54352282385881,0.005954747247622124
29.54852257387131,0.006764375012442324
29.553522323883808,0.001672636166773187
29.55852207389631,0.008029419367311814
29.563521823908808,0.0048553711791286406
29.568521573921306,0.0023498558819764065
29.573521323933807,0.008533360835345944
29.578521073946305,0.008409127580483443
29.583520823958803,0.003039494378440704
29.588520573971305,0.0015478523170392269
29.593520323983803,0.00410807957910833
29.598520073996305,0.00931578400887799
29.603519824008803,0.0112155430530033
29.6085195740213,0.006983315348213493
29.613519324033803,0.008740477079825738
29.6185190740463,0.0064144603420524535
29.6235188240588,0.007235286045451608
29.6285185740713,0.005333972834405066
29.6335183240838,0.007692149548527045
29.638518074096297,0.00752020148479224
29.643517824108798,0.005492012052910097
29.648517574121296,0.0029857582669626276
29.653517324133798,0.004069006731065211
29.658517074146296,0.013572951251449668
29.663516824158794,0.0033031814135125927
29.668516574171296,0.006527435676087111
29.673516324183794,0.015501231138559217
29.678516074196292,0.003952045587450365
29.683515824208794,0.005083864954924313
29.68851557422129,0.0050053760245294615
29.69351532423379,0.0016455027295934099
29.69851507424629,0.009699296889881547
29.70351482425879,0.003208406039050878
29.70851457427129,0.00251477922069565
29.71351432428379,0.008640748568493178
29.718514074296287,0.011106131350004404
29.72351382430879,0.006785149117279955
29.728513574321287,0.008890307348889051
29.733513324333785,0.007775814935424481
29.738513074346287,0.004740536628228412
29.743512824358785,0.006874947094873427
29.748512574371283,0.010910549391909986
29.753512324383784,0.003765379197170783
29.758512074396283,0.007087029069142902
29.763511824408784,0.002844967084380381
29.768511574421282,0.005131536268803818
29.77351132443378,0.007793525527804803
29.778511074446282,0.0019681716957086126
29.78351082445878,0.0056772379728667844
29.788510574471278,0.002972891880788163
29.79351032448378,0.0022086364732225874
29.798510074496278,0.012928534154980926
29.803509824508776,0.0063593440627867604
29.808509574521278,0.003965893062285743
29.813509324533776,0.006275270843212537
29.818509074546277,0.005741771423084908
29.823508824558775,0.0066991367522434946
29.828508574571273,0.009747073907992183
29.833508324583775,0.0006581305374983369
29.838508074596273,0.005155523884881356
29.84350782460877,0.00012569480790848749
29.848507574621273,0.007492077056555777
29.85350732463377,0.0010484353422589678
29.85850707464627,0.002988266562104015
29.86350682465877,0.006923524485535624
29.86850657467127,0.0030480468897982243
29.87350632468377,0.006162088236914112
29.87850607469627,0.004752006100727159
29.883505824708767,0.017503017304685533
29.88850557472127,0.0102310088330427
29.893505324733766,0.003281120440074362
29.898505074746264,0.0029880369864463178
29.903504824758766,0.006206848599354605
29.908504574771264,0.0024441466558066944
29.913504324783762,0.0064874112272956756
29.918504074796264,0.005884302837689934
29.923503824808762,0.00776089634806215
29.928503574821264,0.0010258978074657375
29.93350332483376,0.004809296165963542
29.93850307484626,0.0038102963817784204
29.94350282485876,0.002919980173720343
29.94850257487126,0.005052657940570627
29.953502324883758,0.002500125906074086
29.95850207489626,0.015033696455875753
29.963501824908757,0.006025175810645687
29.968501574921255,0.011365234666635188
29.973501324933757,0.008691140270650748
29.978501074946255,0.003911985143259006
29.983500824958757,0.0038363368533448953
29.988500574971255,0.0010596066490495778
29.993500324983753,0.005145244158517108
29.998500074996254,0.011556139849010692
30.003499825008753,0.004158545376500138
30.00849957502125,0.0025751328358850525
30.013499325033752,0.003189581874589629
30.01849907504625,0.009674961961680068
30.02349882505875,0.005710685312661471
30.02849857507125,0.004204317929785679
30.033498325083748,0.007130178826382219
30.03849807509625,0.003201975685893465
30.043497825108748,0.011040045297881551
30.048497575121246,0.0035693691881130717
30.053497325133748,0.0025814370095483667
30.058497075146246,0.00345442331607154
30.063496825158744,0.002119559188638457
30.068496575171245,0.004904175654920978
30.073496325183743,0.006480851413508817
30.07849607519624,0.004781438023396735
30.083495825208743,0.005302414978612478
30.08849557522124,0.004044868875407882
30.093495325233743,0.0030252893716361897
30.09849507524624,0.009216433827947908
30.10349482525874,0.002300396522611302
30.10849457527124,0.004558449476845452
30.11349432528374,0.004429150980964026
30.118494075296237,0.009042222417695004
30.12349382530874,0.010289826913423807
30.128493575321237,0.007993610230652062
30.133493325333735,0.010031967781007971
30.138493075346236,0.004612953205899022
30.143492825358734,0.008936877105710856
30.148492575371236,0.00869801686935385
30.153492325383734,0.007006033128587661
30.158492075396232,0.005985533693440914
30.163491825408734,0.004741057300123602
30.168491575421232,0.006855770153311905
30.17349132543373,0.004549292712280068
30.17849107544623,0.0058335258596613395
30.18349082545873,0.0056192478970687985
30.188490575471228,0.009698989758344045
30.19349032548373,0.012681395249764455
30.198490075496228,0.012318842308440908
30.20348982550873,0.006919083475753228
30.208489575521227,0.0020528273172996676
30.213489325533725,0.00018329854688494044
30.218489075546227,0.006959051666841243
30.223488825558725,0.002952558178792146
30.228488575571223,0.011629647760345887
30.233488325583725,0.006302568347244475
30.238488075596223,0.0017022657998834708
30.24348782560872,0.009164323703912276
30.248487575621223,0.00966093981410376
30.25348732563372,0.004079749026339537
30.258487075646222,0.008923262258350086
30.26348682565872,0.004693518083805164
30.26848657567122,0.007144130384841434
30.27348632568372,0.005239958999386555
30.278486075696218,0.00891676738732723
30.283485825708716,0.0017125206494336517
30.288485575721218,0.008067453872503183
30.293485325733716,0.006786783016807977
30.298485075746214,0.012592451568302397
30.303484825758716,0.00917705725224527
30.308484575771214,0.006392398362036305
30.313484325783715,0.004917948193264937
30.318484075796214,0.00485042347448395
30.32348382580871,0.003297326047983836
30.328483575821213,0.010919284359853485
30.33348332583371,0.0020816104242830703
30.33848307584621,0.009445118669056098
30.34348282585871,0.0019628068921419377
30.34848257587121,0.014367861242414475
30.353482325883707,0.0020411987833632737
30.35848207589621,0.004669818979391408
30.363481825908707,0.005868518848183195
30.36848157592121,0.0008590650359410528
30.373481325933707,0.0018501658496010201
30.378481075946205,0.00917478255612876
30.383480825958706,0.005778196029889411
30.388480575971204,0.007307520757677163
30.393480325983703,0.004473592689725256
30.398480075996204,0.00711118685275669
30.403479826008702,0.0063347376957278755
30.4084795760212,0.007484382373111334
30.413479326033702,0.004950477384277501
30.4184790760462,0.00295073134170701
30.4234788260587,0.003907379653477906
30.4284785760712,0.004412299643372855
30.433478326083698,0.0014164934935083683
30.4384780760962,0.009869053622995574
30.443477826108698,0.0064681469928609455
30.448477576121196,0.0025107935326771622
30.453477326133697,0.002603487796954656
30.458477076146195,0.0018773197548528923
30.463476826158693,0.006125408687217549
30.468476576171195,0.006957191563757525
30.473476326183693,0.009114370368685567
30.478476076196195,0.003047950068901442
30.483475826208693,0.00577357870110928
30.48847557622119,0.00943508380454696
30.493475326233693,0.008063348617176044
30.49847507624619,0.006939308331900121
30.50347482625869,0.008076476817251236
30.50847457627119,0.0035348405237409486
30.51347432628369,0.008188648110473732
30.518474076296187,0.0059859484546756535
30.523473826308688,0.003984968474237645
30.528473576321186,0.005300460490103168
30.533473326333688,0.0004915598593605064
30.538473076346186,0.005352756654578152
30.543472826358684,0.007620645650184979
30.548472576371186,0.005615867810555587
30.553472326383684,0.005473584261172753
30.558472076396182,0.0020929337563898886
30.563471826408684,0.0008310519406006892
30.56847157642118,0.0026646194006138806
30.57347132643368,0.004582725548423087
30.57847107644618,0.008099327063521232
30.58347082645868,0.0052484244093537885
30.58847057647118,0.004610073426084459
30.59347032648368,0.005810016129511327
30.598470076496177,0.0016845898686466295
30.60346982650868,0.006994869290368338
30.608469576521177,0.004168317314836723
30.613469326533675,0.0032109515579930776
30.618469076546177,0.007106053718225398
30.623468826558675,0.007749409799709806
30.628468576571173,0.01038223041911155
30.633468326583674,0.0024336365672308568
30.638468076596173,0.003905260690057759
30.643467826608674,0.009283545619292753
30.648467576621172,0.009332862449824585
30.65346732663367,0.0017477699900454494
30.658467076646172,0.0033544137072307827
30.66346682665867,0.010711194132426148
30.668466576671168,0.0023506520146664165
30.67346632668367,0.006209139464744939
30.678466076696168,0.005271381804806945
30.683465826708666,0.005802260722054465
30.688465576721168,0.002074386687081506
30.693465326733666,0.010297528025174077
30.698465076746167,0.00945843132589507
30.703464826758665,0.008515677647974562
30.708464576771163,0.007072884223835637
30.713464326783665,0.007436260534035014
30.718464076796163,0.007859960807740806
30.72346382680866,0.0075581473778203595
30.728463576821163,0.0009556709453214089
30.73346332683366,0.0041573109684814894
30.73846307684616,0.0032666166379102814
30.74346282685866,0.011825581003867549
30.74846257687116,0.011058247266081933
30.75346232688366,0.008174352285592868
30.75846207689616,0.007750832442994797
30.763461826908657,0.009475126992808097
30.76846157692116,0.0035933184653390224
30.773461326933656,0.0022908531725719565
30.778461076946154,0.010830025633320816
30.783460826958656,0.002911546081937573
30.788460576971154,0.004485642984189705
30.793460326983652,0.006873543022459238
30.798460076996154,0.00641849957888842
30.803459827008652,0.003486525554697003
30.808459577021154,0.0017527580576437336
30.81345932703365,0.004853007816412604
30.81845907704615,0.008978678241467959
30.82345882705865,0.004678485351876842
30.82845857707115,0.005001484682302197
30.833458327083648,0.0008979803855726273
30.83845807709615,0.007138959702538725
30.843457827108647,0.006978659087529592
30.848457577121145,0.005471183863991335
30.853457327133647,0.002267458152095089
30.858457077146145,0.0019465897254435137
30.863456827158647,0.008198962934296852
30.868456577171145,0.002042800294753503
30.873456327183643,0.008109344276498679
30.878456077196144,0.004710299532885795
30.883455827208643,0.008380030083052502
30.88845557722114,0.010385719965234793
30.893455327233642,0.0047893882729314686
30.89845507724614,0.007576677987572643
30.90345482725864,0.011741737498932316
30.90845457727114,0.010003136871583584
30.913454327283638,0.00803528967191839
30.91845407729614,0.005574289946466179
30.923453827308638,0.009717804505732055
30.928453577321136,0.007372610088158309
30.933453327333638,0.005868316277399355
30.938453077346136,0.004726942997129534
30.943452827358634,0.004864374583288781
30.948452577371135,0.0021051001689890592
30.953452327383634,0.004106094178651181
30.95845207739613,0.01062442650702544
30.963451827408633,0.0070372685809063345
30.96845157742113,0.009422926413375903
30.973451327433633,0.007160940587111026
30.97845107744613,0.009759196670267629
30.98345082745863,0.006606782107741684
30.98845057747113,0.01298701236927403
30.99345032748363,0.0015480507494589491
30.998450077496127,0.0059647816537066875
31.00344982750863,0.01124586230319023
31.008449577521127,0.004915176645515322
31.013449327533625,0.00897525994681046
31.018449077546126,0.011155010537680584
31.023448827558624,0.008319482590374067
31.028448577571126,0.0038289429225290316
31.033448327583624,0.009771268207141914
31.038448077596122,0.012564714493615228
31.043447827608624,0.007198386077187042
31.048447577621122,0.007711403018995311
31.05344732763362,0.009496550763964884
31.05844707764612,0.011973269776969216
31.06344682765862,0.009141195670724247
31.068446577671118,0.005897597571214736
31.07344632768362,0.01152899576085156
31.078446077696118,0.006106930144802329
31.08344582770862,0.004620905438985409
31.088445577721117,0.004543601290436852
31.093445327733615,0.004476255461927478
31.098445077746117,0.003412078183275735
31.103444827758615,0.007420849287081439
31.108444577771113,0.005184169557271567
31.113444327783615,0.0035633617399715464
31.118444077796113,0.00588509304750572
31.12344382780861,0.006202819279882237
31.128443577821113,0.013746007460648921
31.13344332783361,0.0018141718138512564
31.138443077846112,0.005422491379626686
31.14344282785861,0.012149852528841178
31.14844257787111,0.0016179704805246004
31.15344232788361,0.004538424548519748
31.158442077896108,0.010593494139289774
31.163441827908606,0.010766051426536758
31.168441577921108,0.004302741984156353
31.173441327933606,0.004408373653884555
31.178441077946104,0.003957050549184626
31.183440827958606,0.002346531309186622
31.188440577971104,0.005411451060239495
31.193440327983605,0.014759477421220496
31.198440077996104,0.00028318608921250126
31.2034398280086,0.002357740383844447
31.208439578021103,0.006336204136105768
31.2134393280336,0.006738461627293934
31.2184390780461,0.011710716775697388
31.2234388280586,0.00388959588136813
31.2284385780711,0.004725333183917583
31.233438328083597,0.0018313977458708282
31.2384380780961,0.00525879873282749
31.243437828108597,0.012915023252630678
31.2484375781211,0.0033490095901599058
31.253437328133597,0.010972766371326412
31.258437078146095,0.009992203375557321
31.263436828158596,0.0054223252613126325
31.268436578171094,0.0017450115136398723
31.273436328183593,0.009113256201857607
31.278436078196094,0.009636370892748559
31.283435828208592,0.006035718400731357
31.28843557822109,0.01265692588866874
31.293435328233592,0.0015062702777249297
31.29843507824609,0.005299452481343408
31.30343482825859,0.00482213748717965
31.30843457827109,0.005527444116390499
31.313434328283588,0.015886502385906782
31.31843407829609,0.013119703726120749
31.323433828308588,0.006450175280597111
31.328433578321086,0.004433093086304749
31.333433328333587,0.01163556669423336
31.338433078346085,0.004844696089515165
31.343432828358583,0.003932148594512164
31.348432578371085,0.007318087195805268
31.353432328383583,0.00444787678312648
31.358432078396085,0.005286239261594892
31.363431828408583,0.0073210160731995095
31.36843157842108,0.0029788755764675857
31.373431328433583,0.004577092012428462
31.37843107844608,0.010602613785580936
31.38343082845858,0.0034115905824074087
31.38843057847108,0.010254734360639861
31.39343032848358,0.010719055564829424
31.398430078496077,0.005815186451815357
31.40342982850858,0.003855051795397182
31.408429578521076,0.0025188859797009642
31.413429328533578,0.004848558927600799
31.418429078546076,0.006172636873939684
31.423428828558574,0.007374555926550403
31.428428578571076,0.013688104487684186
31.433428328583574,0.005327253670617336
31.438428078596072,0.012890827214502477
31.443427828608574,0.0016852078417507112
31.44842757862107,0.00904422625653103
31.45342732863357,0.0075626053714054455
31.45842707864607,0.009136206083563058
31.46342682865857,0.003191882227033542
31.46842657867107,0.01002098044059038
31.47342632868357,0.010780065752980728
31.478426078696067,0.0030046164634003757
31.48342582870857,0.010681952486804312
31.488425578721067,0.00639344354746706
31.493425328733565,0.008216669732724459
31.498425078746067,0.010472932027640417
31.503424828758565,0.002638312202053385
31.508424578771063,0.003263132133364695
31.513424328783564,0.004995660573102303
31.518424078796063,0.010603205908930347
31.523423828808564,0.014583307877683393
31.528423578821062,0.0023302249926139868
31.53342332883356,0.005559644877222921
31.538423078846062,0.005896374528586778
31.54342282885856,0.0036209147849173354
31.548422578871058,0.009781422618911979
31.55342232888356,0.003374510459179245
31.558422078896058,0.005083359582396835
31.563421828908556,0.0034673307830220025
31.568421578921058,0.003531211048848784
31.573421328933556,0.009052625111069358
31.578421078946057,0.009964974518923244
31.583420828958555,0.00814913983135293
31.588420578971053,0.0016835957966092967
31.593420328983555,0.0094684604192156
31.598420078996053,0.0072290699790297785
31.60341982900855,0.005988374616905829
31.608419579021053,0.0121087600711183
31.61341932903355,0.0024582114740269935
31.61841907904605,0.00874529777590164
31.62341882905855,0.01155976718425064
31.62841857907105,0.004493564956313414
31.63341832908355,0.01231713452150714
31.63841807909605,0.003827139312148215
31.643417829108547,0.003439233296161605
31.64841757912105,0.013614026316002996
31.653417329133546,0.008092323003705104
31.658417079146044,0.006303936467161488
31.663416829158546,0.007902701775542515
31.668416579171044,0.007733480836081855
31.673416329183542,0.0032212040638507416
31.678416079196044,0.0032712827164340535
31.683415829208542,0.013002431287905862
31.688415579221044,0.0036778824073946882
31.69341532923354,0.005187609724768156
31.69841507924604,0.0012950451253985482
31.70341482925854,0.007100206870671855
31.70841457927104,0.009303095362043809
31.713414329283538,0.0102187782821968
31.71841407929604,0.009704822966744953
31.723413829308537,0.0019102375152428833
31.728413579321035,0.0058943605377449
31.733413329333537,0.00572652103835567
31.738413079346035,0.013107121061160408
31.743412829358537,0.005387947276598124
31.748412579371035,0.00576228199965847
31.753412329383533,0.008552889459827994
31.758412079396034,0.009189490834206624
31.763411829408533,0.003670897514355787
31.76841157942103,0.003410172830035568
31.773411329433532,0.0031518500690131137
31.77841107944603,0.009407492610051872
31.78341082945853,0.010772745359505361
31.78841057947103,0.008332537901543048
31.793410329483528,0.004545248916780056
31.79841007949603,0.008119719799529863
31.803409829508528,0.008697314380302502
31.808409579521026,0.0028060376477726436
31.813409329533528,0.004540475063847627
31.818409079546026,0.0033000018983792216
31.823408829558524,0.001101962765309856
31.828408579571025,0.005028233739001145
31.833408329583524,0.004624844025283162
31.83840807959602,0.0027495433362819868
31.843407829608523,0.008574675149920687
31.84840757962102,0.0034988626508516926
31.853407329633523,0.007647029070880948
31.85840707964602,0.0029425575035466286
31.86340682965852,0.012284185854705794
31.86840657967102,0.007705503735436104
31.87340632968352,0.0026289621060460655
31.878406079696017,0.005349036173011275
31.88340582970852,0.014038369238426478
31.888405579721017,0.006085301056347448
31.893405329733515,0.006033075668091889
31.898405079746016,0.009507693773584215
31.903404829758514,0.011657612401745433
31.908404579771016,0.004193115297100095
31.913404329783514,0.005890242916042953
31.918404079796012,0.005975184384902081
31.923403829808514,0.008251065435376806
31.928403579821012,0.009445366272805964
31.93340332983351,0.009155091770782761
31.93840307984601,0.003827789446779381
31.94340282985851,0.003320954031404123
31.948402579871008,0.00391854209808512
31.95340232988351,0.0031907734883462676
31.958402079896008,0.005494622483082231
31.96340182990851,0.008911258341557034
31.968401579921007,0.008256227762890835
31.973401329933505,0.001563631686002901
31.978401079946007,0.017462970337357428
31.983400829958505,0.002138297711923836
31.988400579971003,0.005531722753857302
31.993400329983505,0.010104232342320682
31.998400079996003,0.010278133024971013
32.003399830008505,0.010686747871318451
32.008399580021,0.0057287475180131985
32.0133993300335,0.004808900747637741
32.018399080046,0.014565440874039737
32.0233988300585,0.00632299516894873
32.028398580071,0.0027179081077544675
32.0333983300835,0.009118864330365111
32.038398080096,0.0016878002469761537
32.043397830108496,0.005272488013865696
32.048397580121,0.010271128540108573
32.0533973301335,0.002967158323983044
32.058397080145994,0.005355395576509889
32.063396830158496,0.003969265821279662
32.068396580171,0.005305007629810852
32.07339633018349,0.003632984374702581
32.07839608019599,0.005905749081334788
32.083395830208495,0.004837956990027124
32.08839558022099,0.010341948578012246
32.09339533023349,0.006613651765234654
32.09839508024599,0.007339200140740038
32.10339483025849,0.006835688846879041
32.10839458027099,0.00447671332489451
32.11339433028349,0.011728794308980554
32.118394080295985,0.0029075064745737937
32.12339383030849,0.0026169485395898914
32.12839358032099,0.002246554189624034
32.13339333033348,0.004821089324372418
32.138393080345985,0.004059715416421078
32.143392830358486,0.008066706573270962
32.14839258037099,0.00687139930767936
32.15339233038348,0.005764279032316186
32.158392080395984,0.006018338294513154
32.163391830408486,0.005647630718012572
32.16839158042098,0.008445868689352628
32.17339133043348,0.0043503983915367354
32.178391080445984,0.00906341578527071
32.18339083045848,0.009231492147122114
32.18839058047098,0.007901769449332663
32.19339033048348,0.0070320291435510196
32.198390080495976,0.004462709565005761
32.20338983050848,0.013558849614418054
32.20838958052098,0.0037576192170809116
32.213389330533474,0.0023512018395206308
32.218389080545975,0.003078837239955013
32.22338883055848,0.004740301337346069
32.22838858057097,0.0012889098869448214
32.23338833058347,0.01736107804880127
32.238388080595975,0.013665072243666919
32.24338783060847,0.003275196809661135
32.24838758062097,0.005919185167469818
32.25338733063347,0.0062489992984964635
32.258387080645974,0.016969823472970314
32.26338683065847,0.0018159057089712604
32.26838658067097,0.0031016306878512766
32.27338633068347,0.006415996485088698
32.27838608069597,0.0029844636446338885
32.28338583070847,0.009250590201470664
32.28838558072097,0.0077616654100976165
32.293385330733464,0.012164034659524373
32.298385080745966,0.007705360902094689
32.30338483075847,0.009583221140922945
32.30838458077096,0.006336358670307233
32.313384330783464,0.005465512399592319
32.318384080795965,0.010512505446074162
32.32338383080846,0.00643849220651218
32.32838358082096,0.006902224762346374
32.33338333083346,0.007317359366454461
32.33838308084596,0.005746409124528442
32.34338283085846,0.0010707332852967191
32.34838258087096,0.007395606675753369
32.353382330883456,0.005534183444951217
32.35838208089596,0.009638853157058902
32.36338183090846,0.010532812240654922
32.36838158092096,0.0015829058827941992
32.373381330933455,0.001533249123842917
32.37838108094596,0.0012708730091992432
32.38338083095846,0.00253879354364394
32.38838058097095,0.011086207535133579
32.393380330983454,0.007588276040371474
32.398380080995956,0.0017005941568121147
32.40337983100845,0.00474218801289898
32.40837958102095,0.00451076516420949
32.413379331033454,0.009041768838798482
32.41837908104595,0.011471582051401568
32.42337883105845,0.010885670868600848
32.42837858107095,0.0035148102136204028
32.433378331083446,0.012321920371804363
32.43837808109595,0.0034992047743381605
32.44337783110845,0.0069934229364444055
32.448377581120944,0.001959923003177093
32.453377331133446,0.010361771016568214
32.45837708114595,0.005097041707068095
32.46337683115844,0.009025327058171008
32.46837658117094,0.014463858626924843
32.473376331183445,0.00040759653123703015
32.47837608119595,0.00925506088195049
32.48337583120844,0.00988881815864415
32.48837558122094,0.002167058596404849
32.493375331233445,0.001457135379108676
32.49837508124594,0.007059749243952397
32.50337483125844,0.008332595617286763
32.50837458127094,0.001143169365764525
32.51337433128344,0.006933204053327981
32.51837408129594,0.005160140607713448
32.52337383130844,0.00506360102937817
32.528373581320935,0.006259880649000512
32.533373331333436,0.016151163712523217
32.53837308134594,0.0024293963356324818
32.54337283135843,0.006062269634359393
32.548372581370934,0.013925098394858549
32.553372331383436,0.005135336214512202
32.55837208139593,0.004300232868440062
32.56337183140843,0.02078158634259016
32.568371581420934,0.012690816386623187
32.57337133143343,0.007592162224142349
32.57837108144593,0.007139265388486389
32.58337083145843,0.004940500108638725
32.58837058147093,0.009549659519153134
32.59337033148343,0.004497292604331235
32.59837008149593,0.0062788386268101196
32.60336983150843,0.002972288572607243
32.608369581520925,0.00321548141174838
32.61336933153343,0.006545393741678841
32.61836908154593,0.010540898638917166
32.62336883155842,0.0012731573037151537
32.628368581570925,0.0013437029465165132
32.633368331583426,0.005265702949379921
32.63836808159592,0.013082139598753722
32.64336783160842,0.008474350556215446
32.648367581620924,0.011097337015266433
32.65336733163342,0.0050558401462599475
32.65836708164592,0.0064538356780860185
32.66336683165842,0.005490437274837627
32.66836658167092,0.012904078173736764
32.67336633168342,0.001871196356471347
32.67836608169592,0.009205545168990066
32.683365831708414,0.004540441801475638
32.688365581720916,0.004217232416520227
32.69336533173342,0.0019246740807871855
32.69836508174592,0.005131042174885276
32.703364831758414,0.009871225960170643
32.708364581770915,0.01086609237089917
32.71336433178342,0.007407414614461573
32.71836408179591,0.009019362067277797
32.72336383180841,0.0020870006327761937
32.728363581820915,0.009649973372589925
32.73336333183341,0.007690131227843018
32.73836308184591,0.00175405131811232
32.74336283185841,0.006631521071540047
32.74836258187091,0.005249184804333057
32.75336233188341,0.004107036384571373
32.75836208189591,0.0008925270834480635
32.763361831908405,0.005311122989439837
32.76836158192091,0.005851061895882152
32.77336133193341,0.004802136110635621
32.7783610819459,0.005107319625877592
32.783360831958404,0.005703958676609785
32.788360581970906,0.004882514790126218
32.7933603319834,0.010461527334604847
32.7983600819959,0.002913545636231646
32.803359832008404,0.0033268158664185236
32.808359582020906,0.007365931620097525
32.8133593320334,0.016228138124558384
32.8183590820459,0.004624486644506723
32.8233588320584,0.003943277281516036
32.8283585820709,0.004967324582994239
32.8333583320834,0.0013345706089193928
32.8383580820959,0.004670961824283635
32.843357832108396,0.0009011822437438419
32.8483575821209,0.005638416554813854
32.8533573321334,0.008635838664938838
32.85835708214589,0.002062709639044777
32.863356832158395,0.011778425337947485
32.8683565821709,0.0038936606655494096
32.87335633218339,0.005735219107562602
32.87835608219589,0.0045052627076330965
32.883355832208395,0.010624928325886195
32.88835558222089,0.009287769805419538
32.89335533223339,0.008868853660301537
32.89835508224589,0.00523622067389347
32.90335483225839,0.006531046042351567
32.90835458227089,0.0065660957632342285
32.91335433228339,0.004213551429434102
32.91835408229589,0.0074612493751115925
32.923353832308386,0.005446563874176858
32.92835358232089,0.0036136981123188164
32.93335333233339,0.005631127508586309
32.938353082345884,0.003878280318460075
32.943352832358386,0.013149097863685892
32.94835258237089,0.0031638909002171165
32.95335233238338,0.005306217706335268
32.95835208239588,0.006044861460305012
32.963351832408385,0.012244817824069188
32.96835158242088,0.008281688159295069
32.97335133243338,0.0028025937649492107
32.97835108244588,0.002160440238599868
32.98335083245838,0.01526097021082592
32.98835058247088,0.000919397401781293
32.99335033248338,0.004470197475895711
32.998350082495875,0.0026928213685839726
33.00334983250838,0.010282903138624531
33.00834958252088,0.004231725968026434
33.01334933253337,0.007155539999137383
33.018349082545875,0.002134157251059615
33.023348832558376,0.006994994012304529
33.02834858257088,0.009504497365131944
33.03334833258337,0.001697072978261551
33.038348082595874,0.0054432854178329566
33.043347832608376,0.007104830597002376
33.04834758262087,0.01272313315324825
33.05334733263337,0.004692537101832579
33.058347082645874,0.01036560167295811
33.06334683265837,0.006475272531392238
33.06834658267087,0.007850010737589116
33.07334633268337,0.014671533663755537
33.078346082695866,0.0010247165488772116
33.08334583270837,0.004637969745772151
33.08834558272087,0.001358738714438713
33.093345332733364,0.007523374877042401
33.098345082745865,0.006314876094893576
33.10334483275837,0.009478742143306716
33.10834458277086,0.0122676871316174
33.11334433278336,0.004324485566040495
33.118344082795865,0.0031662149233874304
33.12334383280836,0.005502220643620215
33.12834358282086,0.010921821119417342
33.13334333283336,0.003558846006506647
33.138343082845864,0.015628377401495377
33.14334283285836,0.0035004090989796456
33.14834258287086,0.0068283878654459215
33.15334233288336,0.005580966975411884
33.15834208289586,0.006246180910365846
33.16334183290836,0.005018899237708316
33.16834158292086,0.01360819107920875
33.173341332933354,0.014483602818974522
33.178341082945856,0.0028244286407589523
33.18334083295836,0.012397765024491192
33.18834058297085,0.004590442932684322
33.193340332983354,0.0022645749518941
33.198340082995855,0.008223259029517416
33.20333983300835,0.0012858595383727074
33.20833958302085,0.0038697766862077123
33.21333933303335,0.002630616328640663
33.21833908304585,0.015173220657891916
33.22333883305835,0.0019149341844530614
33.22833858307085,0.003783623697286325
33.233338333083346,0.007545783160484032
33.23833808309585,0.0018410124805931182
33.24333783310835,0.009467992264598796
33.24833758312085,0.009982850043769117
33.253337333133345,0.00179435870780267
33.25833708314585,0.0031555115303774656
33.26333683315835,0.007315890449476452
33.26833658317084,0.003912349066583267
33.273336333183344,0.0024934121134595694
33.278336083195846,0.007480895515178354
33.28333583320834,0.010135664948186672
33.28833558322084,0.005449625986379452
33.293335333233344,0.010163253452353478
33.29833508324584,0.013307790154568842
33.30333483325834,0.0035238759236906397
33.30833458327084,0.006729813794059065
33.313334333283336,0.01088668242475064
33.31833408329584,0.005404878269798045
33.32333383330834,0.005156468464101964
33.328333583320834,0.008353137069385804
33.333333333333336,0.004722978075724164
33.33833308334584,0.00849287806742721
33.34333283335833,0.011185314188704098
33.34833258337083,0.0022851494789968246
33.353332333383335,0.002976498234269571
33.35833208339584,0.00743189641300825
33.36333183340833,0.002615899399519648
33.36833158342083,0.003946224181884757
33.373331333433335,0.007239956427564925
33.37833108344583,0.006740052819627425
33.38333083345833,0.0015622448125908034
33.38833058347083,0.0032206907729467275
33.39333033348333,0.0035016728734951798
33.39833008349583,0.009890803655421167
33.40332983350833,0.010199751792150167
33.408329583520825,0.010013023069428195
33.413329333533326,0.004644423616983135
33.41832908354583,0.005749935453571499
33.42332883355832,0.004903295948559427
33.428328583570824,0.010976216438770024
33.433328333583326,0.006615585801397556
33.43832808359582,0.003425041193389075
33.44332783360832,0.008114854096329283
33.448327583620824,0.0029044504496823897
33.45332733363332,0.006549141944774397
33.45832708364582,0.008258112551413184
33.46332683365832,0.004364356918453244
33.46832658367082,0.0041412647630718535
33.47332633368332,0.0049729186080556785
33.47832608369582,0.007053176190335306
33.48332583370832,0.0052659485333499175
33.488325583720815,0.008697534880641448
33.49332533373332,0.0024010199911205653
33.49832508374582,0.004630095282513133
33.50332483375831,0.008382465109010577
33.508324583770815,0.0027419219730634432
33.513324333783316,0.006001077251919465
33.51832408379581,0.0028628705322957517
33.52332383380831,0.005827802597779339
33.528323583820814,0.010062168724695356
33.53332333383331,0.0024130802259602147
33.53832308384581,0.008077247206143914
33.54332283385831,0.0034594734836447655
33.54832258387081,0.011656767128815113
33.55332233388331,0.014377582160316938
33.55832208389581,0.006608660468221816
33.563321833908304,0.0054277116804640245
33.568321583920806,0.006144394063441032
33.57332133393331,0.008066948051787802
33.57832108394581,0.00912227344945441
33.583320833958304,0.005347733185705638
33.588320583970805,0.004848781298128179
33.59332033398331,0.007943699566601738
33.5983200839958,0.00381321619674601
33.6033198340083,0.0030178476359533023
33.608319584020805,0.0014231010653015786
33.6133193340333,0.001876333788435071
33.6183190840458,0.004195395398925267
33.6233188340583,0.004179996643736324
33.6283185840708,0.0013759315782958992
33.6333183340833,0.00480412446781319
33.6383180840958,0.0030728669706718012
33.643317834108295,0.002047583710329161
33.6483175841208,0.008293209244083511
33.6533173341333,0.007789237864050629
33.65831708414579,0.003848164177214085
33.663316834158294,0.002911502283772716
33.668316584170796,0.001663513831322721
33.67331633418329,0.001971107997542535
33.67831608419579,0.005257513881978846
33.683315834208294,0.0065534179509440784
33.688315584220796,0.0075053523307521556
33.69331533423329,0.009046043385873417
33.69831508424579,0.010573107709812528
33.70331483425829,0.007015282497406605
33.70831458427079,0.003425814384301558
33.71331433428329,0.004907175182732591
33.71831408429579,0.005868061302470519
33.723313834308286,0.004129657917966483
33.72831358432079,0.011541554878126515
33.73331333433329,0.0033337256640519823
33.73831308434578,0.00333960028087117
33.743312834358285,0.008750311637782872
33.74831258437079,0.006101420218363085
33.75331233438328,0.006542979749570802
33.75831208439578,0.00402141914418344
33.763311834408285,0.005317688062488395
33.76831158442078,0.014843550873773335
33.77331133443328,0.005989841347929886
33.77831108444578,0.009589534834852033
33.78331083445828,0.0055560211060642194
33.78831058447078,0.011620750288313265
33.79331033448328,0.007948424351830503
33.79831008449578,0.0036642852726886037
33.803309834508276,0.005068155953480973
33.80830958452078,0.005703440409927168
33.81330933453328,0.007389628608937483
33.818309084545774,0.010783654614606458
33.823308834558276,0.006055295220901622
33.82830858457078,0.0021008077336522987
33.83330833458327,0.0029288585667452778
33.83830808459577,0.009637373050627378
33.843307834608275,0.003426472835717081
33.84830758462077,0.005109128310322482
33.85330733463327,0.002269864523544096
33.85830708464577,0.012488229102876952
33.86330683465827,0.010592875398373641
33.86830658467077,0.005952395848817522
33.87330633468327,0.002600354315499192
33.878306084695765,0.0149904475320849
33.88330583470827,0.009538930894723487
33.88830558472077,0.006534724007494886
33.89330533473326,0.008665345536514529
33.898305084745765,0.008355706325744389
33.903304834758266,0.009067967956348396
33.90830458477077,0.0032691618504669686
33.91330433478326,0.00728809487112701
33.918304084795764,0.0037888653123712445
33.923303834808266,0.006565819523532214
33.92830358482076,0.00669617180927257
33.93330333483326,0.006122803965053024
33.938303084845764,0.004840128817350834
33.94330283485826,0.0057575056429204395
33.94830258487076,0.001255208615993228
33.95330233488326,0.0031474417940994277
33.958302084895756,0.0026361767759878717
33.96330183490826,0.0014079395393165924
33.96830158492076,0.004673395718256073
33.973301334933254,0.0037658379541183145
33.978301084945755,0.004902214703428054
33.98330083495826,0.004377738062466002
33.98830058497075,0.003351086387825861
33.99330033498325,0.00314931324506126
33.998300084995755,0.0072546820006296
34.00329983500825,0.008234782651513
34.00829958502075,0.004764091941424448
34.01329933503325,0.003764777933730346
34.018299085045754,0.00697507348664419
34.02329883505825,0.004755814092728687
34.02829858507075,0.003013521341471547
34.03329833508325,0.0027237351155940857
34.03829808509575,0.0024807263897478693
34.04329783510825,0.01079922009331857
34.04829758512075,0.010649655604170336
34.053297335133244,0.008944033709916803
34.058297085145746,0.011778471866585746
34.06329683515825,0.007220324213110028
34.06829658517074,0.009051542248551217
34.073296335183244,0.003676931840459334
34.078296085195745,0.006157229263327257
34.08329583520824,0.0026152417553992405
34.08829558522074,0.004679490261239937
34.09329533523324,0.005904122913432604
34.09829508524574,0.001835043643310152
34.10329483525824,0.003036685490022201
34.10829458527074,0.003636001148238329
34.113294335283236,0.008636141603703403
34.11829408529574,0.006295389356221884
34.12329383530824,0.006013636638207625
34.12829358532074,0.005856770177050883
34.133293335333235,0.004121092718585884
34.13829308534574,0.006794993888351774
34.14329283535824,0.00046665264912270374
34.14829258537073,0.010829245589475787
34.153292335383235,0.006514109563367541
34.158292085395736,0.01008635973032791
34.16329183540823,0.0056455819482420086
34.16829158542073,0.0024524860203311597
34.173291335433234,0.005512441783013638
34.17829108544573,0.014049734081457856
34.18329083545823,0.007532586475449989
34.18829058547073,0.002777619178487096
34.193290335483226,0.0015458075553129928
34.19829008549573,0.002631646730788755
34.20328983550823,0.006432015944630972
34.208289585520724,0.01292104365994519
34.213289335533226,0.004954323797713117
34.21828908554573,0.004481893142287182
34.22328883555823,0.007351215646805384
34.22828858557072,0.004041962841994654
34.233288335583225,0.007363979188526117
34.23828808559573,0.0018092095879311573
34.24328783560822,0.004998932085409267
34.24828758562072,0.004536320604588923
34.253287335633225,0.01066475020179575
34.25828708564572,0.008864898067649299
34.26328683565822,0.0024507614234972608
34.26828658567072,0.012825567023037813
34.27328633568322,0.002928377528132974
34.27828608569572,0.005324776811593218
34.28328583570822,0.00943081388116069
34.288285585720715,0.005542313135540908
34.293285335733216,0.0024377314168019513
34.29828508574572,0.005974352278240076
34.30328483575821,0.0012687923948898766
34.308284585770714,0.004199770367441899
34.313284335783216,0.003037324959319684
34.31828408579571,0.006550237992657346
34.32328383580821,0.00701178113979495
34.328283585820714,0.007723908752648009
34.333283335833215,0.00701789236980433
34.33828308584571,0.006341493003012852
34.34328283585821,0.0017624808884936947
34.34828258587071,0.012405463190549824
34.35328233588321,0.001397414607130174
34.35828208589571,0.01305558059227533
34.36328183590821,0.011018124954024822
34.368281585920705,0.0067610064048815015
34.37328133593321,0.00611519805818791
34.37828108594571,0.005250618256212451
34.3832808359582,0.006153961679398397
34.388280585970705,0.007959736860335374
34.393280335983206,0.0024693162737072566
34.3982800859957,0.0025953615709092695
34.4032798360082,0.005527104414055097
34.408279586020704,0.007681619158008097
34.4132793360332,0.006415028189514897
34.4182790860457,0.0063269611425388304
34.4232788360582,0.00733573778578898
34.4282785860707,0.005734409375070817
34.4332783360832,0.0028494187322596594
34.4382780860957,0.011548860561515384
34.4432778361082,0.0015570060564742217
34.448277586120696,0.0036704148815200175
34.4532773361332,0.003475740017326931
34.4582770861457,0.00504140255029906
34.463276836158194,0.005745628373253876
34.468276586170695,0.008984677981699949
34.4732763361832,0.0042522095937215475
34.47827608619569,0.003993720678586418
34.48327583620819,0.009131706824441577
34.488275586220695,0.0015977775658078872
34.49327533623319,0.003626242708681239
34.49827508624569,0.0047162040365463734
34.50327483625819,0.005981523604589668
34.50827458627069,0.0066193295703745395
34.51327433628319,0.0051666856530522475
34.51827408629569,0.008062007966252387
34.523273836308185,0.004704873199221288
34.52827358632069,0.012166276985067502
34.53327333633319,0.004356840313538072
34.53827308634568,0.0016408346352550225
34.543272836358184,0.006032595809168551
34.548272586370686,0.002695841185227444
34.55327233638319,0.002282963252291076
34.55827208639568,0.004423149460685513
34.563271836408184,0.007878799695329446
34.568271586420686,0.00033842221507904405
34.57327133643318,0.0017066765083245756
34.57827108644568,0.007484821184321364
34.58327083645818,0.006116333252721284
34.58827058647068,0.006274029103459172
34.59327033648318,0.0050884696376722015
34.59827008649568,0.009618659443619546
34.603269836508176,0.006289877587883608
34.60826958652068,0.00395415980310354
34.61326933653318,0.004969318937112285
34.61826908654567,0.004803888337024674
34.623268836558175,0.005280487239113647
34.62826858657068,0.00934520496839579
34.63326833658317,0.0011533724444519956
34.63826808659567,0.008191905300863446
34.643267836608175,0.01115067574906228
34.64826758662067,0.005004308188904714
34.65326733663317,0.0029390939752733094
34.65826708664567,0.0070559813621046555
34.663266836658174,0.0114546439060081
34.66826658667067,0.0039001583974693477
34.67326633668317,0.004967989004058329
34.67826608669567,0.007154657369402545
34.683265836708166,0.005244880987517808
34.68826558672067,0.00890898310383888
34.69326533673317,0.0015987342845583306
34.698265086745664,0.00927694810293645
34.703264836758166,0.006243663472432043
34.70826458677067,0.007734589961714348
34.71326433678316,0.011437115465770755
34.718264086795664,0.0031386160002205184
34.723263836808165,0.0027697680783468803
34.72826358682066,0.005977312035438303
34.73326333683316,0.0032843465698270237
34.73826308684566,0.00735710346347525
34.74326283685816,0.0017880593926020347
34.74826258687066,0.0035508184607956805
34.75326233688316,0.007136319805350841
34.758262086895655,0.010473894399024998
34.76326183690816,0.01344884456161396
34.76826158692066,0.004298733120162138
34.77326133693316,0.0064822819813890875
34.778261086945655,0.008784802752300641
34.783260836958156,0.005683959857203317
34.78826058697066,0.00787871669430138
34.79326033698315,0.006530213125620006
34.798260086995654,0.006643315922917551
34.803259837008156,0.006256939783681761
34.80825958702065,0.0023287743582803234
34.81325933703315,0.005428223078609822
34.818259087045654,0.001806649375252216
34.82325883705815,0.005180728320858403
34.82825858707065,0.009625975401534814
34.83325833708315,0.008465197864974192
34.838258087095646,0.0012767100821568587
34.84325783710815,0.0036320422733614206
34.84825758712065,0.01205555803934695
34.853257337133144,0.006370268816539082
34.858257087145645,0.006375589860025975
34.86325683715815,0.0018516249880782454
34.86825658717064,0.009351809252615608
34.87325633718314,0.004005231730871117
34.878256087195645,0.005283538010633375
34.88325583720815,0.00871698462806132
34.88825558722064,0.008290573573802513
34.89325533723314,0.006147939151527787
34.898255087245644,0.010893095857280509
34.90325483725814,0.005354915108252995
34.90825458727064,0.0071699181078153955
34.91325433728314,0.01580690227780633
34.91825408729564,0.007091639432813039
34.92325383730814,0.012025309181725145
34.92825358732064,0.004685157025515373
34.933253337333134,0.01269514859608871
34.938253087345636,0.006627411703606146
34.94325283735814,0.011287164038868612
34.94825258737063,0.004498743857886629
34.953252337383134,0.007673240787762511
34.958252087395635,0.005206126079601743
34.96325183740813,0.005768829740429226
34.96825158742063,0.007951450180164243
34.97325133743313,0.004021255636825371
34.97825108744563,0.002048745548949046
34.98325083745813,0.004194071756808936
34.98825058747063,0.0026467529348351013
34.99325033748313,0.007890389901620842
34.99825008749563,0.0029127290646019993
35.00324983750813,0.009139445684181815
35.00824958752063,0.000907720620771499
35.013249337533125,0.010205861015927988
35.01824908754563,0.0030983082519844656
35.02324883755813,0.008820521718342496
35.02824858757062,0.0062601980995653905
35.033248337583125,0.006311498570564161
35.038248087595626,0.0033545400134888746
35.04324783760812,0.00552070258526983
35.04824758762062,0.0031206629442605666
35.053247337633124,0.007882924557222218
35.05824708764562,0.004281301217362364
35.06324683765812,0.005948019057315149
35.06824658767062,0.0016952572582674937
35.073246337683116,0.008257651658541618
35.07824608769562,0.006414185230284833
35.08324583770812,0.013650388029771624
35.088245587720614,0.0066641663698351295
35.093245337733116,0.006330141214264878
35.09824508774562,0.0011863084763336692
35.10324483775812,0.005180901412115724
35.10824458777061,0.004080347087465097
35.113244337783115,0.0018694861262366336
35.11824408779562,0.0023021841693365527
35.12324383780811,0.007290092052661922
35.12824358782061,0.00985317449511091
35.133243337833115,0.005079697856715967
35.13824308784561,0.00647047690954983
35.14324283785811,0.007677793560885227
35.14824258787061,0.0037475739901077043
35.15324233788311,0.009141747454709404
35.15824208789561,0.006611562267592497
35.16324183790811,0.010159649746516085
35.168241587920605,0.00498257232290321
35.173241337933106,0.003908647016548271
35.17824108794561,0.010033720906149486
35.1832408379581,0.006576213555768967
35.188240587970604,0.006778155488842946
35.193240337983106,0.007605412486115523
35.1982400879956,0.01039578115055621
35.2032398380081,0.008428467436751184
35.208239588020604,0.004117171632215111
35.213239338033105,0.008788909229238473
35.2182390880456,0.0019572383490413436
35.2232388380581,0.002316972613189221
35.2282385880706,0.004923061098315981
35.2332383380831,0.0025249049256150288
35.2382380880956,0.0031659384512772453
35.2432378381081,0.004336445693674101
35.248237588120595,0.00557618998387956
35.2532373381331,0.0030188402921981546
35.2582370881456,0.002967118629143299
35.26323683815809,0.007439325840293109
35.268236588170595,0.004858877320676659
35.2732363381831,0.009958728749793358
35.27823608819559,0.0017539939932419122
35.28323583820809,0.009340001517387791
35.288235588220594,0.0030670701846764767
35.29323533823309,0.001800300319710984
35.29823508824559,0.009816163698269317
35.30323483825809,0.0029629803305619993
35.30823458827059,0.003886754845556795
35.31323433828309,0.004139879671586707
35.31823408829559,0.010104147264202898
35.32323383830809,0.009737373872160846
35.328233588320586,0.0014153738849408764
35.33323333833309,0.01033386421461937
35.33823308834559,0.010337650451944931
35.343232838358084,0.004640541758980019
35.348232588370585,0.003065556938533269
35.35323233838309,0.009650551397455102
35.35823208839558,0.00917814485242681
35.36323183840808,0.006330960379689331
35.368231588420585,0.003691361966456711
35.37323133843308,0.0052897368831117085
35.37823108844558,0.0067814413466801456
35.38323083845808,0.009882547555921243
35.38823058847058,0.009113774608414277
35.39323033848308,0.0052836519865750615
35.39823008849558,0.004002343157888672
35.403229838508075,0.005581481232112966
35.40822958852058,0.0048236328958668525
35.41322933853308,0.00806074375820984
35.41822908854557,0.006223365718035305
35.423228838558074,0.005542829638330556
35.428228588570576,0.0025890301226239275
35.43322833858308,0.011903585822431988
35.43822808859557,0.009842596518139141
35.443227838608074,0.010561346432909123
35.448227588620576,0.0023360055434215785
35.45322733863307,0.0008154070665938756
35.45822708864557,0.0025535486851519526
35.46322683865807,0.008681267181098117
35.46822658867057,0.001292813692238253
35.47322633868307,0.006922267668799944
35.47822608869557,0.0030111450877171246
35.483225838708066,0.0030925575447759888
35.48822558872057,0.006223520367866185
35.49322533873307,0.00828124050050363
35.49822508874556,0.005202711288704294
35.503224838758065,0.004145595048645309
35.50822458877057,0.007423793520291283
35.51322433878306,0.006857242081198065
35.51822408879556,0.008990678252679954
35.523223838808065,0.003076783827324882
35.52822358882056,0.010587068786942556
35.53322333883306,0.007546586073130194
35.53822308884556,0.007955173170343706
35.543222838858064,0.009369286876082334
35.54822258887056,0.010551296905325839
35.55322233888306,0.009468617460220806
35.55822208889556,0.005738910161534081
35.563221838908056,0.003937186922994558
35.56822158892056,0.0064028086224537486
35.57322133893306,0.0021690591923090494
35.578221088945554,0.0047701170671647026
35.583220838958056,0.006194838614834035
35.58822058897056,0.0051859205370583085
35.59322033898305,0.013712917886323629
35.598220088995554,0.0009610116796489656
35.603219839008055,0.0020806892685583424
35.60821958902055,0.005527153488489738
35.61321933903305,0.008822671722094841
35.61821908904555,0.004789929310318307
35.62321883905805,0.0038387231428029106
35.62821858907055,0.007113267270437641
35.63321833908305,0.002530854949883177
35.638218089095545,0.002101335003910238
35.64321783910805,0.006369478532101349
35.64821758912055,0.01139976306840041
35.65321733913305,0.005858458836855941
35.658217089145545,0.006095867729214855
35.663216839158046,0.00111075568375729
35.66821658917055,0.0065212262209571985
35.67321633918304,0.008591230409618877
35.678216089195544,0.008728055535871197
35.683215839208046,0.007299553663411551
35.68821558922054,0.006440142920891809
35.69321533923304,0.012990942428643064
35.698215089245544,0.0033106255204681085
35.70321483925804,0.007044883571697498
35.70821458927054,0.006009911191535751
35.71321433928304,0.008534664430180106
35.718214089295536,0.00568555147736793
35.72321383930804,0.0072106510764231874
35.72821358932054,0.011680805888856357
35.733213339333034,0.01098390832191055
35.738213089345535,0.012698495905424352
35.74321283935804,0.00611756090623414
35.74821258937053,0.010843746157261932
35.75321233938303,0.005063103682863245
35.758212089395535,0.00852150912651302
35.76321183940804,0.00546946917263501
35.76821158942053,0.0027277463743729693
35.77321133943303,0.004645871540251285
35.778211089445534,0.006013780312990377
35.78321083945803,0.004392556592735346
35.78821058947053,0.005927102369967113
35.79321033948303,0.004155933926586701
35.79821008949553,0.011267609558726814
35.80320983950803,0.009502742117053764
35.80820958952053,0.008869313042830257
35.813209339533024,0.006316272256395009
35.818209089545526,0.00612259787192994
35.82320883955803,0.0037984314802194333
35.82820858957052,0.0058677300768631225
35.833208339583024,0.002307220789149568
35.838208089595526,0.004970207840310424
35.84320783960802,0.010965140227513803
35.84820758962052,0.006193414803685843
35.85320733963302,0.008247415618781673
35.85820708964552,0.0038337804240009834
35.86320683965802,0.008069996692894238
35.86820658967052,0.006789145219439186
35.87320633968302,0.00695511924259842
35.87820608969552,0.005473522665232235
35.88320583970802,0.009082163270843612
35.88820558972052,0.010666488448788052
35.893205339733015,0.008268123732391476
35.89820508974552,0.006789226383794858
35.90320483975802,0.0052384734318146895
35.90820458977051,0.0068631243514961
35.913204339783015,0.0013762932902716494
35.918204089795516,0.00562630014067507
35.92320383980801,0.006322528969768204
35.92820358982051,0.010085414196306706
35.933203339833014,0.0070893079928786
35.93820308984551,0.008233097074859889
35.94320283985801,0.0032264205769147363
35.94820258987051,0.0036894278519418633
35.953202339883006,0.0065063140282785375
35.95820208989551,0.003792474748014726
35.96320183990801,0.0028785129949643914
35.968201589920504,0.00536171905776914
35.973201339933006,0.010637479979642055
35.97820108994551,0.004847280684109605
35.98320083995801,0.005720027857128112
35.9882005899705,0.00992925988203591
35.993200339983005,0.003023961674237049
35.99820008999551,0.0049026023498028055
36.003199840008,0.008622002071533623
36.0081995900205,0.0034154410835787394
36.013199340033005,0.011400739211966774
36.0181990900455,0.0042760975002545595
36.023198840058,0.00634608176652237
36.0281985900705,0.0019314029645996031
36.033198340083,0.0068814804528645355
36.0381980900955,0.004993724328937927
36.043197840108,0.004044403681792105
36.048197590120495,0.010848229107537282
36.053197340132996,0.011889415715382663
36.0581970901455,0.005229558012770621
36.06319684015799,0.005014619669945356
36.068196590170494,0.009338398255851525
36.073196340182996,0.013014167411618864
36.07819609019549,0.010192766073776588
36.08319584020799,0.0047986337309150135
36.088195590220494,0.005850056018643647
36.093195340232995,0.00917591676952775
36.09819509024549,0.010944311149224992
36.10319484025799,0.008389584285310229
36.10819459027049,0.010601471937899907
36.11319434028299,0.003254086937508421
36.11819409029549,0.00784826378658986
36.12319384030799,0.003953749531408072
36.128193590320485,0.0046265871657198525
36.13319334033299,0.0055048773947929475
36.13819309034549,0.001863736940072065
36.14319284035798,0.009898957625337726
36.148192590370485,0.008147646009681441
36.15319234038299,0.004223090680475195
36.15819209039548,0.005340222055992058
36.16319184040798,0.002850238383143343
36.168191590420484,0.002096241445932386
36.17319134043298,0.011676507873147378
36.17819109044548,0.0029215148907935093
36.18319084045798,0.0027003237668366572
36.18819059047048,0.0057730680033005214
36.19319034048298,0.006604944161425339
36.19819009049548,0.002447553065903677
36.20318984050798,0.0034793230741527754
36.208189590520476,0.002568879614092255
36.21318934053298,0.011510349053304244
36.21818909054548,0.005139919319676985
36.223188840557974,0.00831428672198927
36.228188590570475,0.0059916909697468835
36.23318834058298,0.0088422929982045
36.23818809059547,0.009404328379635764
36.24318784060797,0.010072329462610562
36.248187590620475,0.010534952965215878
36.25318734063297,0.013047385662485656
36.25818709064547,0.006595111145596755
36.26318684065797,0.007680288577417409
36.26818659067047,0.007130957170884042
36.27318634068297,0.00404883675820867
36.27818609069547,0.00532851648534274
36.283185840707965,0.009294470860668091
36.28818559072047,0.011618989215827422
36.29318534073297,0.0053050316689893335
36.29818509074546,0.008105923866183163
36.303184840757964,0.0014984830638286406
36.308184590770466,0.0020274586277231003
36.31318434078297,0.0059233875733266245
36.31818409079546,0.00829373766217377
36.323183840807964,0.006778878603272674
36.328183590820466,0.002235879286734814
36.33318334083296,0.008613274080061229
36.33818309084546,0.004272311797277969
36.34318284085796,0.005343850093680862
36.34818259087046,0.009398962776124082
36.35318234088296,0.009812840692019272
36.35818209089546,0.00342572133668933
36.363181840907956,0.005239030089750575
36.36818159092046,0.003368853011994219
36.37318134093296,0.004953179550739416
36.37818109094545,0.0005419580032667697
36.383180840957955,0.0107852329415689
36.38818059097046,0.007673010042501733
36.39318034098295,0.008898912727451316
36.39818009099545,0.0011868453149774638
36.403179841007955,0.004902662601043207
36.40817959102045,0.003382712021265413
36.41317934103295,0.008133457202743924
36.41817909104545,0.007288802654224015
36.423178841057954,0.011890654070519638
36.42817859107045,0.004487267347435379
36.43317834108295,0.005404138469663016
36.43817809109545,0.0036037224378389237
36.443177841107946,0.002276253247074606
36.44817759112045,0.005548635450857291
36.45317734113295,0.010869542287894041
36.458177091145444,0.00503823655561897
36.463176841157946,0.005129920441815113
36.46817659117045,0.010084013086225826
36.47317634118294,0.0055768717348181306
36.478176091195444,0.005278278112358788
36.483175841207945,0.003924678338572485
36.48817559122044,0.002742785823089651
36.49317534123294,0.005564629249601263
36.49817509124544,0.006768457212581648
36.50317484125794,0.00850913581487902
36.50817459127044,0.007872702559739419
36.51317434128294,0.01184161980569848
36.518174091295435,0.0058580958545342825
36.52317384130794,0.005195978207216855
36.52817359132044,0.00503257110063458
36.53317334133294,0.0046453000174812124
36.538173091345435,0.009913234710324395
36.543172841357936,0.00042994877009244677
36.54817259137044,0.0031331017605589545
36.55317234138293,0.013548660609763978
36.558172091395434,0.003473779652385093
36.563171841407936,0.013168254195015352
36.56817159142043,0.0018381122539261245
36.57317134143293,0.007429594873138864
36.578171091445434,0.005865163468962289
36.58317084145793,0.003889421373441492
36.58817059147043,0.010234976862965017
36.59317034148293,0.006328722401619583
36.598170091495426,0.0026336074974271442
36.60316984150793,0.004265892538866682
36.60816959152043,0.010297436837345894
36.613169341532924,0.005509802334842916
36.618169091545425,0.005558604244850057
36.62316884155793,0.008415751060375098
36.62816859157042,0.006523664591963551
36.63316834158292,0.00794714297194975
36.638168091595425,0.009520890379994259
36.64316784160793,0.0018992325334513894
36.64816759162042,0.001042382906147055
36.65316734163292,0.01183316016498791
36.658167091645424,0.006707566273917332
36.66316684165792,0.009486997611576564
36.66816659167042,0.00495806407310401
36.67316634168292,0.004662477089294973
36.67816609169542,0.000493020637760996
36.68316584170792,0.003939287931882871
36.68816559172042,0.009189954386601707
36.693165341732914,0.0042382542759608725
36.698165091745416,0.005581728018835546
36.70316484175792,0.005887838852541316
36.70816459177041,0.004476983224672067
36.713164341782914,0.004763711595529714
36.718164091795416,0.007463045414567715
36.72316384180791,0.003367081223512713
36.72816359182041,0.008121470250107015
36.73316334183291,0.0013862639711145644
36.73816309184541,0.01130905113555848
36.74316284185791,0.0007466051655579205
36.74816259187041,0.006116843650376381
36.75316234188291,0.0016063981235447129
36.75816209189541,0.0022577332208752097
36.76316184190791,0.007766961969926808
36.76816159192041,0.005335729439334339
36.773161341932905,0.006773278165667665
36.77816109194541,0.000916196374549871
36.78316084195791,0.01067368802439886
36.7881605919704,0.0073066453103445205
36.793160341982905,0.007246753081581032
36.798160091995406,0.01717809533953458
36.8031598420079,0.008892253279374849
36.8081595920204,0.008795436405865142
36.813159342032904,0.007149404165934547
36.8181590920454,0.007352224636377797
36.8231588420579,0.0074379951838498565
36.8281585920704,0.00896261072790748
36.833158342082896,0.002832646812359882
36.8381580920954,0.007147560850570637
36.8431578421079,0.0039991771526700255
36.848157592120394,0.002569999007609369
36.853157342132896,0.0016325762838860117
36.8581570921454,0.001332013856156879
36.8631568421579,0.007189557904776898
36.86815659217039,0.012047666951636518
36.873156342182895,0.010047825617417211
36.8781560921954,0.007440785585413949
36.88315584220789,0.009784442574927544
36.88815559222039,0.00833672207599325
36.893155342232895,0.006764094620080085
36.89815509224539,0.0045851679493979355
36.90315484225789,0.007079817596515929
36.90815459227039,0.009045652152718854
36.91315434228289,0.007429655442137138
36.91815409229539,0.0021783243740031246
36.92315384230789,0.009374732999414557
36.928153592320385,0.0024032982391403064
36.933153342332886,0.015256290599672546
36.93815309234539,0.007437817330747575
36.94315284235788,0.005394357476461221
36.948152592370384,0.009477118612831343
36.953152342382886,0.005599776861785905
36.95815209239538,0.005603291320353825
36.96315184240788,0.009811993684800442
36.968151592420384,0.013856414408562305
36.973151342432885,0.009055805643069983
36.97815109244538,0.010074359213527825
36.98315084245788,0.009110212073260068
36.98815059247038,0.010218490447246355
36.99315034248288,0.004370226222883469
36.99815009249538,0.011135833086402671
37.00314984250788,0.0026308921137967
37.008149592520375,0.0017946733830214437
37.01314934253288,0.004820192431355546
37.01814909254538,0.008688147379605316
37.02314884255787,0.005699331552018179
37.028148592570375,0.007371729798738312
37.03314834258288,0.0016034405185729095
37.03814809259537,0.011167372442529924
37.04314784260787,0.009588133049086085
37.048147592620374,0.0007724341175193559
37.05314734263287,0.006853313674446093
37.05814709264537,0.005733153101379553
37.06314684265787,0.004929819224050547
37.06814659267037,0.006584721600607069
37.07314634268287,0.005190825312894635
37.07814609269537,0.0032259705580911244
37.08314584270787,0.008313357489452328
37.088145592720366,0.002939314614788546
37.09314534273287,0.009345722644665046
37.09814509274537,0.0036518930974938197
37.103144842757864,0.007234690293132798
37.108144592770365,0.009729883103003911
37.11314434278287,0.010138595456464172
37.11814409279536,0.00298252006886011
37.12314384280786,0.01379496627418348
37.128143592820365,0.007374120716753717
37.13314334283286,0.010800005679555918
37.13814309284536,0.00035242479568891395
37.14314284285786,0.005682399655858561
37.14814259287036,0.0023467164715496765
37.15314234288286,0.007141777702259984
37.15814209289536,0.001906532770795249
37.163141842907855,0.007526322669870732
37.16814159292036,0.012343036311005771
37.17314134293286,0.010652312712138817
37.17814109294535,0.0049835536990814186
37.183140842957854,0.011008093330777983
37.188140592970356,0.003757696897208188
37.19314034298286,0.005276761728453363
37.19814009299535,0.002398461349005871
37.203139843007854,0.006341678896396697
37.208139593020356,0.011769784264349213
37.21313934303285,0.003229181658006054
37.21813909304535,0.006277489319822713
37.22313884305785,0.006255280283213574
37.22813859307035,0.008391828104220235
37.23313834308285,0.000800948886960698
37.23813809309535,0.008588991503549666
37.243137843107846,0.0037002014219913726
37.24813759312035,0.006484720489807359
37.25313734313285,0.0038418114874725477
37.25813709314534,0.00926750579194019
37.263136843157845,0.006061204964017763
37.26813659317035,0.008424895383453692
37.27313634318284,0.010792288150021095
37.27813609319534,0.002935310230322151
37.283135843207845,0.0011322535451082235
37.28813559322034,0.004852988425790766
37.29313534323284,0.006830467644205124
37.29813509324534,0.0018463898058923558
37.303134843257844,0.004922740109985121
37.30813459327034,0.006571165377976925
37.31313434328284,0.003592909619522126
37.31813409329534,0.009906619521286863
37.323133843307836,0.004106479822462915
37.32813359332034,0.005994869067551755
37.33313334333284,0.004692406185952467
37.338133093345334,0.004760946814618058
37.343132843357836,0.007914927295950641
37.34813259337034,0.0025672065776991076
37.35313234338283,0.005851258799633819
37.358132093395334,0.0002785107005454144
37.363131843407835,0.002971397886839468
37.36813159342033,0.005237754991117627
37.37313134343283,0.007925795448216717
37.37813109344533,0.015004492330741017
37.38313084345783,0.0015476790880302636
37.38813059347033,0.007375094631514856
37.39313034348283,0.01326563268992823
37.398130093495325,0.006469880785202338
37.40312984350783,0.0038205335756798155
37.40812959352033,0.00315801999648664
37.41312934353283,0.0058416916099501455
37.418129093545325,0.0032131610090562197
37.423128843557826,0.0037573189063076144
37.42812859357033,0.006416726323480926
37.43312834358282,0.0035194902597692266
37.438128093595324,0.0020331479464307666
37.443127843607826,0.007998887448020263
37.44812759362032,0.004213595702623728
37.45312734363282,0.00019155845645471128
37.458127093645324,0.00852539508252116
37.46312684365782,0.004296564267548735
37.46812659367032,0.00461994736562278
37.47312634368282,0.003809866608885036
37.478126093695316,0.0033158295600468992
37.48312584370782,0.008960216440017156
37.48812559372032,0.00286880833955787
37.493125343732814,0.010004528068064625
37.498125093745315,0.0025590254262107754
37.50312484375782,0.007621019621144467
37.50812459377031,0.008506193298920234
37.51312434378281,0.004943103538289318
37.518124093795315,0.0049791783370029125
37.52312384380782,0.004750062798991987
37.52812359382031,0.005508679247917828
37.53312334383281,0.00819037746365827
37.538123093845314,0.004524076968275819
37.54312284385781,0.0026492511410386417
37.54812259387031,0.0019591116688600523
37.55312234388281,0.00792547230085329
37.55812209389531,0.0009382278169279792
37.56312184390781,0.006141936662157762
37.56812159392031,0.006044459657751141
37.573121343932804,0.004116192905365573
37.578121093945306,0.00494098220224371
37.58312084395781,0.011206109243196078
37.5881205939703,0.005934110553222766
37.593120343982804,0.004102017540533774
37.598120093995306,0.007706272373198785
37.6031198440078,0.0030888090766496975
37.6081195940203,0.0031638802845415184
37.6131193440328,0.0026959906403637435
37.618119094045305,0.0036868079118737365
37.6231188440578,0.0019191522034750163
37.6281185940703,0.003005462498736745
37.6331183440828,0.007005505750192328
37.6381180940953,0.005376034099581795
37.6431178441078,0.0065182313543921564
37.6481175941203,0.0014222330398013612
37.653117344132795,0.0049941517013152486
37.6581170941453,0.004597783661405309
37.6631168441578,0.0062035422948777934
37.66811659417029,0.004087088749757512
37.673116344182795,0.008516992996021605
37.678116094195296,0.006102980425189821
37.68311584420779,0.002364674066789814
37.68811559422029,0.007684542471912558
37.693115344232794,0.004205753675145332
37.69811509424529,0.007972371373401855
37.70311484425779,0.00848929979260519
37.70811459427029,0.006988148169115439
37.713114344282786,0.01055704653632924
37.71811409429529,0.0027891388645266964
37.72311384430779,0.004865655198848214
37.72811359432029,0.010043449523966427
37.733113344332786,0.01295275121612476
37.73811309434529,0.004470304602900366
37.74311284435779,0.009355372930028956
37.74811259437028,0.006678102546637519
37.753112344382785,0.002242081422620306
37.75811209439529,0.005757544282346287
37.76311184440778,0.006795344008284405
37.76811159442028,0.00437642744022545
37.773111344432785,0.004032298316471133
37.77811109444528,0.007552252503184519
37.78311084445778,0.005379542965279105
37.78811059447028,0.006725807284804909
37.79311034448278,0.0020561283802045887
37.79811009449528,0.005207873367102204
37.80310984450778,0.011680247084879703
37.808109594520275,0.001366724244432807
37.813109344532776,0.004965549620826122
37.81810909454528,0.006308263259874973
37.82310884455777,0.0074945695880259565
37.828108594570274,0.007090506048656185
37.833108344582776,0.005255588438078279
37.83810809459528,0.00802790015817104
37.84310784460777,0.0028899646658131955
37.848107594620274,0.011283342879662516
37.853107344632775,0.001515553320146603
37.85810709464527,0.006440675974577475
37.86310684465777,0.005035047325795494
37.86810659467027,0.005069181734587076
37.87310634468277,0.01767041436844895
37.87810609469527,0.004195908267180925
37.88310584470777,0.0053639758999949145
37.888105594720265,0.003880800655242194
37.89310534473277,0.006444548238243942
37.89810509474527,0.011340622630776296
37.90310484475776,0.0017161849955414572
37.908104594770265,0.004547871710073022
37.91310434478277,0.006096311485734342
37.91810409479526,0.015123336055872119
37.92310384480776,0.008571635225949937
37.928103594820264,0.005359607663629834
37.93310334483276,0.008295681832663021
37.93810309484526,0.0012269805348945494
37.94310284485776,0.00790574903443846
37.948102594870264,0.002422909245111229
37.95310234488276,0.008696998549245053
37.95810209489526,0.005345247213537441
37.96310184490776,0.006363668912551821
37.968101594920256,0.012681552517486878
37.97310134493276,0.011569454638337978
37.97810109494526,0.0043851651915223725
37.983100844957754,0.006104122080013635
37.988100594970255,0.008213743106076874
37.99310034498276,0.006674358686396826
37.99810009499525,0.005507054350515903
38.00309984500775,0.0035335851617299186
38.008099595020255,0.008113672075718186
38.01309934503275,0.006255580051251271
38.01809909504525,0.006346730111739028
38.02309884505775,0.004972063146956582
38.02809859507025,0.008419767100549178
38.03309834508275,0.004026199355958055
38.03809809509525,0.0048749741788274
38.043097845107745,0.003456292740316935
38.04809759512025,0.004337838989195985
38.05309734513275,0.011024996177770342
38.05809709514525,0.004946130214355433
38.063096845157744,0.006951147321008993
38.068096595170246,0.006061983194246835
38.07309634518275,0.00900225845197439
38.07809609519524,0.0015294897404984475
38.083095845207744,0.0032104506330222706
38.088095595220246,0.007576304875955378
38.09309534523274,0.00588463208749079
38.09809509524524,0.014269953330101465
38.10309484525774,0.007712370167207139
38.10809459527024,0.010522385200211684
38.11309434528274,0.00398786656581489
38.11809409529524,0.009815900109968793
38.123093845307736,0.009910226431386992
38.12809359532024,0.007175264434307312
38.13309334533274,0.004149696586162209
38.13809309534523,0.004348221905268442
38.143092845357735,0.005610164655160857
38.14809259537024,0.0018433578206627536
38.15309234538273,0.001184030085114015
38.15809209539523,0.004123435836848206
38.163091845407735,0.011077946664532802
38.168091595420236,0.0073347966676828025
38.17309134543273,0.004108992744075322
38.17809109544523,0.0018234839733282356
38.183090845457734,0.0054125320576752685
38.18809059547023,0.001373362904294939
38.19309034548273,0.00933733545651241
38.19809009549523,0.008670372136562968
38.203089845507726,0.006418134432299163
38.20808959552023,0.008896073196440374
38.21308934553273,0.0034020743125865675
38.218089095545224,0.002120069449134812
38.223088845557726,0.004943509455645814
38.22808859557023,0.0034608162783882983
38.23308834558272,0.011709135560040022
38.238088095595224,0.00912927735047885
38.243087845607725,0.011541645407448117
38.24808759562022,0.0066726797692147
38.25308734563272,0.005552626281425251
38.25808709564522,0.010663219726564602
38.26308684565772,0.00617065699764431
38.26808659567022,0.006920030481220193
38.27308634568272,0.008382733833939136
38.27808609569522,0.005901627462719004
38.28308584570772,0.005839767768564264
38.28808559572022,0.003132303042103349
38.29308534573272,0.01601529571672969
38.298085095745215,0.00978718340149088
38.303084845757716,0.005159376185563377
38.30808459577022,0.003505883594982379
38.31308434578271,0.0017765770091848151
38.318084095795214,0.007123266635310381
38.323083845807716,0.010697572212004909
38.32808359582021,0.002348353574705474
38.33308334583271,0.004096359829063442
38.338083095845214,0.005438988558162729
38.34308284585771,0.007340403835663494
38.34808259587021,0.00951898813950553
38.35308234588271,0.00856274149782753
38.358082095895206,0.004492698848844449
38.36308184590771,0.009819671704307335
38.36808159592021,0.012650523693217852
38.373081345932704,0.008468022394098088
38.378081095945205,0.00696084003753359
38.38308084595771,0.005047196593629673
38.38808059597021,0.0053984273549477395
38.3930803459827,0.005264305773135913
38.398080095995205,0.0032644214200673524
38.40307984600771,0.006356460979868029
38.4080795960202,0.00341484912959979
38.4130793460327,0.003249686098079747
38.418079096045204,0.0065862146262269305
38.4230788460577,0.0059261207858148975
38.4280785960702,0.003317045919444388
38.4330783460827,0.006141699761331233
38.4380780960952,0.008313575819884126
38.4430778461077,0.0080065731531698
38.4480775961202,0.0032367988214656996
38.453077346132694,0.011286653409005889
38.458077096145196,0.0007564339858174229
38.4630768461577,0.007629584921138481
38.46807659617019,0.01117180943794955
38.473076346182694,0.0058430599785056925
38.478076096195196,0.0036263996062909825
38.48307584620769,0.004416236673503829
38.48807559622019,0.001710436135889431
38.49307534623269,0.0015640052869368647
38.498075096245195,0.004442239245387027
38.50307484625769,0.005849375347188944
38.50807459627019,0.01125320098782264
38.51307434628269,0.008309350008382862
38.51807409629519,0.009760995044230026
38.52307384630769,0.007773492542679842
38.52807359632019,0.004733158241013048
38.533073346332685,0.0072761321945243205
38.53807309634519,0.007102140130076144
38.54307284635769,0.005290109393793224
38.54807259637018,0.004503335360270762
38.553072346382685,0.0077028571127408015
38.558072096395186,0.00681423889098984
38.56307184640768,0.00722487189308797
38.56807159642018,0.008721192254863643
38.573071346432684,0.011914926137135377
38.57807109644518,0.007619179864187565
38.58307084645768,0.00184752752794758
38.58807059647018,0.004770510995124727
38.593070346482676,0.007478029560303817
38.59807009649518,0.0013052589228672393
38.60306984650768,0.012194396379072022
38.60806959652018,0.009334610917108261
38.613069346532676,0.00788903909101385
38.61806909654518,0.006499711096902923
38.62306884655768,0.0027106321518862446
38.628068596570174,0.0029718241198706933
38.633068346582675,0.01172166544535458
38.63806809659518,0.0024045204732979597
38.64306784660767,0.009680687493996564
38.64806759662017,0.0019714887296534193
38.653067346632675,0.003983722658476662
38.65806709664517,0.003506268858897181
38.66306684665767,0.01263060730625162
38.66806659667017,0.009120747548178942
38.67306634668267,0.007573913076277644
38.67806609669517,0.0008731723117418657
38.68306584670767,0.004655444893638718
38.688065596720165,0.0026014960948790196
38.693065346732666,0.0123689292296549
38.69806509674517,0.007767755023620499
38.70306484675766,0.009473381501570512
38.708064596770164,0.003689664935316853
38.713064346782666,0.0037510937097063263
38.71806409679517,0.002887402569647534
38.72306384680766,0.012007254966907549
38.728063596820164,0.006243714824059321
38.733063346832665,0.004447036310243455
38.73806309684516,0.007852233817595944
38.74306284685766,0.007108598619113781
38.74806259687016,0.002488755474362532
38.75306234688266,0.008287940973602673
38.75806209689516,0.010434681502194273
38.76306184690766,0.0019031132980057066
38.768061596920155,0.00444170490930901
38.77306134693266,0.007723113052368565
38.77806109694516,0.010310754453800869
38.78306084695765,0.004502524930656779
38.788060596970155,0.002655730176562665
38.79306034698266,0.004199270764369216
38.79806009699515,0.004623421073338809
38.80305984700765,0.007851244878998754
38.808059597020154,0.002013238732060378
38.81305934703265,0.00899665747011018
38.81805909704515,0.008246874015184523
38.82305884705765,0.004331970406879722
38.828058597070154,0.006186779428009568
38.83305834708265,0.008769318258357818
38.83805809709515,0.009095917721813606
38.84305784710765,0.002008332087479141
38.848057597120146,0.008248919213817818
38.85305734713265,0.003165222267652377
38.85805709714515,0.005194188417203782
38.863056847157644,0.003808490438427741
38.868056597170145,0.005485029141093059
38.87305634718265,0.010823380249706678
38.87805609719514,0.005338002216747413
38.88305584720764,0.006707672093137416
38.888055597220145,0.007430084336902118
38.89305534723264,0.0019794796362120216
38.89805509724514,0.0013287563106113727
38.90305484725764,0.0031556554130291736
38.90805459727014,0.008680709014198373
38.91305434728264,0.009398214696934915
38.91805409729514,0.008728935801917602
38.923053847307635,0.005958833109623765
38.92805359732014,0.0038111924054289874
38.93305334733264,0.0037570205044846323
38.93805309734514,0.005431117571366429
38.943052847357635,0.002442614182338137
38.948052597370136,0.00518890339601073
38.95305234738264,0.006581583407816657
38.95805209739513,0.007225807685543492
38.963051847407634,0.00622405779284179
38.968051597420136,0.006042017237690557
38.97305134743263,0.004128486888766598
38.97805109744513,0.007041843049067683
38.98305084745763,0.006600609212847642
38.98805059747013,0.003399553193271137
38.99305034748263,0.0067619607845696515
38.99805009749513,0.007096624121120749
39.003049847507626,0.008641008839749912
39.00804959752013,0.0068578201626346025
39.01304934753263,0.004868812270458862
39.01804909754512,0.007715508220516752
39.023048847557625,0.006414011730215151
39.02804859757013,0.012688216042376013
39.03304834758262,0.006858971694151029
39.03804809759512,0.006314532677891634
39.043047847607625,0.00707400902596783
39.048047597620126,0.01151864527569046
39.05304734763262,0.005168001951090461
39.05804709764512,0.007993147840931749
39.063046847657624,0.0023916448297627273
39.06804659767012,0.0033812044255145776
39.07304634768262,0.0077377311335890585
39.07804609769512,0.00456764194057481
39.083045847707616,0.004166185043358945
39.08804559772012,0.007350582765857484
39.09304534773262,0.0011305272515033339
39.098045097745114,0.006002007046008965
39.103044847757616,0.011511025162170056
39.10804459777012,0.007792800888471211
39.11304434778261,0.0033240942081937696
39.118044097795114,0.0042689367871451885
39.123043847807615,0.0067876214153779705
39.12804359782011,0.0051856782198847805
39.13304334783261,0.0004512800899159006
39.13804309784511,0.0022349751308989134
39.14304284785761,0.009687042830727586
39.14804259787011,0.005231309320971107
39.15304234788261,0.004559718668869098
39.15804209789511,0.0062185960136474485
39.16304184790761,0.006749103665590226
39.16804159792011,0.006847351298648983
39.17304134793261,0.0041966271612929994
39.178041097945105,0.006960807019861721
39.183040847957606,0.002689402015160484
39.18804059797011,0.009107328550946212
39.1930403479826,0.0011223923648220897
39.198040097995104,0.0048898806847112565
39.203039848007606,0.00463017673834692
39.2080395980201,0.0030534927169863684
39.2130393480326,0.007643789492170676
39.218039098045104,0.004466122813218869
39.2230388480576,0.008805053902621443
39.2280385980701,0.0035173131357771757
39.2330383480826,0.003893473144544214
39.238038098095096,0.0018301791433414049
39.2430378481076,0.007467424204656469
39.2480375981201,0.0037723091245449665
39.253037348132594,0.00457096202418477
39.258037098145095,0.00243113210019677
39.2630368481576,0.008829186906694613
39.2680365981701,0.005649506494861586
39.27303634818259,0.0021193528432600006
39.278036098195095,0.007742246879937211
39.2830358482076,0.003909680838401587
39.28803559822009,0.007121190704141902
39.29303534823259,0.008694298965382331
39.298035098245094,0.011135636154707664
39.30303484825759,0.009354075763652122
39.30803459827009,0.0090809765390187
39.31303434828259,0.003744804672617761
39.31803409829509,0.0035229319665398117
39.32303384830759,0.006819112133874689
39.32803359832009,0.011597911961171785
39.333033348332584,0.008800851838392394
39.338033098345086,0.006627422513295595
39.34303284835759,0.003271386337997985
39.34803259837008,0.002407534090338932
39.353032348382584,0.0025037886900877815
39.358032098395086,0.007696643011055663
39.36303184840758,0.006580997749252403
39.36803159842008,0.006251986027272843
39.37303134843258,0.006793853808022909
39.378031098445085,0.006029009691629663
39.38303084845758,0.007466995876874015
39.38803059847008,0.004570450836123238
39.39303034848258,0.003371140010706537
39.39803009849508,0.010521794167175389
39.40302984850758,0.0029933582237667692
39.40802959852008,0.008697351700345399
39.413029348532575,0.0016959703650813792
39.41802909854508,0.00932948889911256
39.42302884855758,0.0023869547512011826
39.42802859857007,0.005447533390119085
39.433028348582575,0.008419616395146047
39.438028098595076,0.008821576299781576
39.44302784860757,0.005201183397111066
39.44802759862007,0.004629834145906686
39.453027348632574,0.005524116723691933
39.45802709864507,0.006328658896281356
39.46302684865757,0.0028586218542266603
39.46802659867007,0.0031437379653385497
39.473026348682566,0.010834650071903531
39.47802609869507,0.009009509236734298
39.48302584870757,0.013687775389876769
39.48802559872007,0.00834203156579994
39.493025348732566,0.009187099868866403
39.49802509874507,0.008816931882675126
39.50302484875757,0.005319932104198435
39.508024598770064,0.0035434396503561012
39.513024348782565,0.004752462733292079
39.51802409879507,0.0025442669636965495
39.52302384880756,0.01265062876981273
39.52802359882006,0.004882115568478943
39.533023348832565,0.006631798329860743
39.53802309884506,0.0037475162453613872
39.54302284885756,0.006181472969847894
39.54802259887006,0.007252552176250848
39.55302234888256,0.006017304214182926
39.55802209889506,0.0012808695351715284
39.56302184890756,0.002913034215947941
39.568021598920055,0.00524177109322852
39.573021348932556,0.006857032264090422
39.57802109894506,0.011265977577433736
39.58302084895755,0.0019371164994257417
39.588020598970054,0.007152533903233341
39.593020348982556,0.002147137808783676
39.59802009899506,0.006748395282205161
39.60301984900755,0.0013094923134545848
39.608019599020054,0.0048142383149136336
39.613019349032555,0.003623261828795483
39.61801909904505,0.0038860342836979497
39.62301884905755,0.00753425353924059
39.62801859907005,0.005895030169259901
39.63301834908255,0.008213194939026624
39.63801809909505,0.00982389927881324
39.64301784910755,0.001934425584067625
39.648017599120045,0.0072110237404289955
39.65301734913255,0.006409545405102701
39.65801709914505,0.004465645317293333
39.66301684915754,0.0016351586431168626
39.668016599170045,0.0043699263698136785
39.67301634918255,0.005180894957871024
39.67801609919504,0.016110444423106086
39.68301584920754,0.007225613346552414
39.688015599220044,0.0065135540940302415
39.69301534923254,0.006652167493764158
39.69801509924504,0.0038276192886537437
39.70301484925754,0.004509655394280033
39.708014599270044,0.006321109902743151
39.71301434928254,0.006082397397284236
39.71801409929504,0.011303525759123712
39.72301384930754,0.003619614989087321
39.728013599320036,0.01298779587159942
39.73301334933254,0.007558266870500663
39.73801309934504,0.0021290062879107097
39.743012849357534,0.009754294506222174
39.748012599370036,0.002380096077281893
39.75301234938254,0.006969829528445335
39.75801209939503,0.006968975801645688
39.76301184940753,0.001725984628711088
39.768011599420035,0.005788558591076982
39.77301134943253,0.005852959833177937
39.77801109944503,0.011590808987021915
39.78301084945753,0.005575817189524884
39.78801059947003,0.0020715818194502623
39.79301034948253,0.0037739470759512814
39.79801009949503,0.007183448695439896
39.803009849507525,0.007619738942512513
39.80800959952003,0.0012270493040906264
39.81300934953253,0.0053656271036849725
39.81800909954503,0.005257584759003333
39.823008849557525,0.003249070383048086
39.828008599570026,0.008859288506047568
39.83300834958253,0.0008333934003925717
39.83800809959502,0.006789075239167682
39.843007849607524,0.0021784431512891314
39.848007599620026,0.0018389154516908093
39.85300734963252,0.002088985508212911
39.85800709964502,0.009494932532365193
39.86300684965752,0.0038068306607364206
39.86800659967002,0.0016292010765966403
39.87300634968252,0.010827741831516592
39.87800609969502,0.005170642272209342
39.883005849707516,0.00726367453500335
39.88800559972002,0.000825729240505198
39.89300534973252,0.0032433962014088475
39.89800509974501,0.005386702966753756
39.903004849757515,0.0028362056469328103
39.90800459977002,0.01212438492346406
39.91300434978251,0.011294574990121422
39.91800409979501,0.012602460882084183
39.923003849807515,0.0020901876893563986
39.928003599820016,0.004760769282448054
39.93300334983251,0.015619024949637138
39.93800309984501,0.003911628743377906
39.943002849857514,0.0032442827963685148
39.94800259987001,0.0014713967741978586
39.95300234988251,0.0061852323219010324
39.95800209989501,0.003921756348798888
39.963001849907506,0.0032289813058263075
39.96800159992001,0.005816872097705369
39.97300134993251,0.0011895767573095238
39.978001099945004,0.008050527777796529
39.983000849957506,0.006995028363353934
39.98800059997001,0.013268337445621494
39.9930003499825,0.008811783101201929
39.998000099995004,0.008042856099780171
40.002999850007505,0.0052909626349955515
40.00799960002,0.009692059832040585
40.0129993500325,0.01287622477074626
40.017999100045,0.011415657670450285
40.0229988500575,0.006715826705004821
40.02799860007,0.001797411328781714
40.0329983500825,0.0025505950073708636
40.037998100095,0.009317285948882797
40.0429978501075,0.0066672479156493275
40.04799760012,0.006230215389499749
40.0529973501325,0.007678987226972314
40.057997100144995,0.006010496976062315
40.0629968501575,0.00152200356166952
40.06799660017,0.0036158362890161768
40.07299635018249,0.005579078704821637
40.077996100194994,0.0034528264689903366
40.082995850207496,0.006001753172143852
40.08799560021999,0.006900680944116875
40.09299535023249,0.0049487088700237315
40.097995100244994,0.00820373134504153
40.10299485025749,0.007826906611570603
40.10799460026999,0.002472610561104849
40.11299435028249,0.011131237763417044
40.117994100294986,0.011750312936612252
40.12299385030749,0.007727103614451959
40.12799360031999,0.01043397241105343
40.132993350332484,0.0034488727506612345
40.137993100344985,0.004557683604437135
40.14299285035749,0.005830888422307403
40.14799260036999,0.0010428274739947647
40.15299235038248,0.009971364023840804
40.157992100394985,0.0018184316328991577
40.16299185040749,0.0032328070292502948
40.16799160041998,0.0024411974339738607
40.17299135043248,0.008908231374714033
40.177991100444984,0.0018977267283577096
40.18299085045748,0.006987754225254069
40.18799060046998,0.0026579441486720514
40.19299035048248,0.006361886922643187
40.19799010049498,0.007686114847034369
40.20298985050748,0.0006821831215438815
40.20798960051998,0.005579350759889757
40.212989350532474,0.008762435468498107
40.217989100544976,0.01117631269930535
40.22298885055748,0.01217992783863684
40.22798860056997,0.003340351827950084
40.232988350582474,0.005683711425471886
40.237988100594976,0.01000623764268014
40.24298785060747,0.006476282558925718
40.24798760061997,0.007742386409168768
40.25298735063247,0.0036613553074079487
40.257987100644975,0.007363231984422263
40.26298685065747,0.008459073908188237
40.26798660066997,0.0015557477646094809
40.27298635068247,0.003754187141423951
40.27798610069497,0.005997836627053747
40.28298585070747,0.004768418432066024
40.28798560071997,0.006457088258634682
40.292985350732465,0.0022167970149279707
40.29798510074497,0.007423016539197846
40.30298485075747,0.005159429421752775
40.30798460076996,0.0011683897113473846
40.312984350782465,0.002657366129376511
40.317984100794966,0.004329429023618509
40.32298385080746,0.0050859823236294325
40.32798360081996,0.004268243298139468
40.332983350832464,0.008557995071492039
40.33798310084496,0.004199650609404155
40.34298285085746,0.005238797740580583
40.34798260086996,0.005934586486703968
40.352982350882456,0.003751589179413906
40.35798210089496,0.01486626379907735
40.36298185090746,0.006700320571894453
40.36798160091996,0.0030385830142993244
40.372981350932456,0.013210144116862365
40.37798110094496,0.017634566033664714
40.38298085095746,0.004770542587947345
40.387980600969954,0.003060953145714046
40.392980350982455,0.0023586308537115303
40.39798010099496,0.007821879637501791
40.40297985100745,0.0003324176043069672
40.40797960101995,0.005364573803304656
40.412979351032455,0.004322458260732002
40.41797910104495,0.0018362671695310755
40.42297885105745,0.00488341987476784
40.42797860106995,0.002224226556364207
40.43297835108245,0.006589632944537004
40.43797810109495,0.007500785940639055
40.44297785110745,0.012709993101447215
40.447977601119945,0.0037789877813878166
40.452977351132446,0.006299455801222792
40.45797710114495,0.003143975300472625
40.46297685115744,0.008462137960846855
40.467976601169944,0.0036400745433887113
40.472976351182446,0.006130029618195006
40.47797610119495,0.003926280188694159
40.48297585120744,0.008527259101105512
40.487975601219944,0.004630228237464635
40.492975351232445,0.007188360862243303
40.49797510124494,0.0025973049337319745
40.50297485125744,0.010354013861058664
40.50797460126994,0.0051061960525954925
40.51297435128244,0.004180069271576697
40.51797410129494,0.005090573437261046
40.52297385130744,0.0037051352544685994
40.527973601319935,0.0017436791949888163
40.53297335133244,0.005872681178288347
40.53797310134494,0.005159947783177809
40.54297285135743,0.005707133943115127
40.547972601369935,0.0027169797320522803
40.55297235138244,0.004464256356948746
40.55797210139493,0.016253297252616147
40.56297185140743,0.006590117125751538
40.567971601419934,0.0008375898023154499
40.57297135143243,0.002655677781253979
40.57797110144493,0.01058315265838254
40.58297085145743,0.007879605226405762
40.587970601469934,0.006126599169766803
40.59297035148243,0.008083686194638588
40.59797010149493,0.0007007483908887967
40.60296985150743,0.0026562527696328635
40.607969601519926,0.00448690350359104
40.61296935153243,0.0061818772558527735
40.61796910154493,0.00629637123581283
40.622968851557424,0.010375433610462734
40.627968601569926,0.004663669694336721
40.63296835158243,0.00136785459901689
40.63796810159492,0.001961541529890475
40.64296785160742,0.01291585674644597
40.647967601619925,0.0021945331042902277
40.65296735163242,0.0065260910030644145
40.65796710164492,0.0061859292911443636
40.66296685165742,0.006726603964573628
40.66796660166992,0.0018937927026085374
40.67296635168242,0.009544721567244882
40.67796610169492,0.00707321361880409
40.682965851707415,0.014933790860900412
40.68796560171992,0.005481553526616576
40.69296535173242,0.005954505706103888
40.69796510174492,0.005804848293658874
40.702964851757415,0.003273823181911994
40.707964601769916,0.0016036691422086301
40.71296435178242,0.010413928500033172
40.71796410179491,0.007607092784217032
40.722963851807414,0.007343988782416312
40.727963601819916,0.014389798315403712
40.73296335183241,0.0009648059202638959
40.73796310184491,0.005454512372964715
40.74296285185741,0.007471631399387494
40.74796260186991,0.0025932611728318356
40.75296235188241,0.0031577875396154036
40.75796210189491,0.006517292796205215
40.762961851907406,0.00963881397982894
40.76796160191991,0.0029631988474517713
40.77296135193241,0.005617555754854075
40.7779611019449,0.0038950773769592852
40.782960851957405,0.006135664775045982
40.78796060196991,0.006475628738465818
40.7929603519824,0.0103901125464222
40.7979601019949,0.005654534463393038
40.802959852007405,0.007558732849121694
40.807959602019906,0.00763460971034063
40.8129593520324,0.004676478546480825
40.8179591020449,0.0053565473851690925
40.822958852057404,0.010327392807935728
40.8279586020699,0.0010801976059355981
40.8329583520824,0.00863625450429151
40.8379581020949,0.0038432471456532028
40.842957852107396,0.0013870943478613985
40.8479576021199,0.006730379746278889
40.8529573521324,0.009053269513413427
40.857957102144894,0.010398654985791542
40.862956852157396,0.0023530094324813087
40.8679566021699,0.008261239876867558
40.87295635218239,0.007050075790371563
40.877956102194894,0.012903525461633595
40.882955852207395,0.0074345567204885735
40.88795560221989,0.000678096651306161
40.89295535223239,0.010454711221172149
40.89795510224489,0.007151544511718566
40.90295485225739,0.014636396017176577
40.90795460226989,0.005558197546273409
40.91295435228239,0.0017868486209584227
40.91795410229489,0.005073823547750633
40.92295385230739,0.00875731980897635
40.92795360231989,0.01104384921022942
40.93295335233239,0.007492387234274767
40.937953102344885,0.002588156141699063
40.94295285235739,0.004585832141800171
40.94795260236989,0.002385865394207928
40.95295235238238,0.003985373197401378
40.957952102394884,0.003604534832133229
40.962951852407386,0.0048538341508405245
40.96795160241988,0.002172018045231854
40.97295135243238,0.0060444703127189876
40.977951102444884,0.0052460788007023884
40.98295085245738,0.01050784073292496
40.98795060246988,0.009741788555253192
40.99295035248238,0.003156782824589792
40.997950102494876,0.002133982881341463
41.00294985250738,0.0020805809390469867
41.00794960251988,0.005074443369530978
41.01294935253238,0.008722626178509055
41.017949102544875,0.0021940847737977045
41.02294885255738,0.008526312952683406
41.02794860256988,0.006512295756708963
41.03294835258237,0.0039266321799278385
41.037948102594875,0.006997403215018031
41.04294785260738,0.001185020288375647
41.04794760261987,0.0025907432179351052
41.05294735263237,0.010558666596567373
41.057947102644874,0.0030165904185313506
41.06294685265737,0.012945164729392875
41.06794660266987,0.006188911523572952
41.07294635268237,0.014884719014824212
41.07794610269487,0.0026540853691738374
41.08294585270737,0.0023266418559607783
41.08794560271987,0.01320562465412639
41.092945352732364,0.009991281604002472
41.097945102744866,0.005474018566990826
41.10294485275737,0.0040170881208139
41.10794460276986,0.009599936900525349
41.112944352782364,0.0046182519545860745
41.117944102794866,0.009834865641606069
41.12294385280737,0.012042173954147266
41.12794360281986,0.004787156663390194
41.13294335283236,0.007392816577253863
41.137943102844865,0.009208089352439448
41.14294285285736,0.004561587567800302
41.14794260286986,0.0005917646786345492
41.15294235288236,0.0064672659816421545
41.15794210289486,0.012956929384727776
41.16294185290736,0.006942463233567833
41.16794160291986,0.009634845275017187
41.172941352932355,0.003746695343345609
41.17794110294486,0.0034658955835647274
41.18294085295736,0.0033741058368169517
41.18794060296985,0.0035874555383671263
41.192940352982355,0.008481475754396634
41.197940102994856,0.009175669682882574
41.20293985300735,0.012632695642810991
41.20793960301985,0.008660120580518692
41.212939353032354,0.004456355275956372
41.21793910304485,0.0021462594355787495
41.22293885305735,0.003513879132255898
41.22793860306985,0.005073947896616406
41.23293835308235,0.00536135762012603
41.23793810309485,0.002543835744305663
41.24293785310735,0.003239425900910341
41.24793760311985,0.008769383819074937
41.252937353132346,0.007021474575171702
41.25793710314485,0.002403979435957239
41.26293685315735,0.006221467304579401
41.267936603169844,0.0021414546714077173
41.272936353182345,0.0012827515561083095
41.27793610319485,0.0041588718407709075
41.28293585320734,0.005668940454595358
41.28793560321984,0.006699080614781915
41.292935353232345,0.003713907875460705
41.29793510324484,0.01224610733944551
41.30293485325734,0.010573378750052561
41.30793460326984,0.004651815894915176
41.31293435328234,0.003172391590059809
41.31793410329484,0.008354615756148936
41.32293385330734,0.005844221553527434
41.327933603319835,0.00046084959404829254
41.332933353332336,0.0004667793137013359
41.33793310334484,0.0025121362391249077
41.34293285335734,0.00896898533117162
41.347932603369834,0.006923835916361726
41.352932353382336,0.007171020506520879
41.35793210339484,0.007447129594447363
41.36293185340733,0.002161756629344379
41.367931603419834,0.0011977978809355984
41.372931353432335,0.00222479398455472
41.37793110344483,0.011472721189546614
41.38293085345733,0.004809372725268891
41.38793060346983,0.0051150105338222136
41.39293035348233,0.003688531387049272
41.39793010349483,0.011449525043647381
41.40292985350733,0.001715355232738335
41.407929603519825,0.012798908747629689
41.41292935353233,0.01343096425753282
41.41792910354483,0.013491249033857742
41.42292885355732,0.0027191831966368674
41.427928603569825,0.007006126938455773
41.43292835358233,0.005228462221573595
41.43792810359482,0.01568252095190485
41.44292785360732,0.008054009313844016
41.447927603619824,0.004725451799906904
41.452927353632326,0.004684749903771734
41.45792710364482,0.00864390763149356
41.46292685365732,0.0029951004052061487
41.467926603669824,0.00321460684630779
41.47292635368232,0.005722791464636888
41.47792610369482,0.009187272612907358
41.48292585370732,0.007325613400662113
41.487925603719816,0.0029873785022132577
41.49292535373232,0.01087502475895163
41.49792510374482,0.004032037514299787
41.502924853757314,0.016151469270420188
41.507924603769816,0.0053516485101828565
41.51292435378232,0.0057917078523810825
41.51792410379481,0.005135130334333437
41.52292385380731,0.0005407386785327752
41.527923603819815,0.005831889798878261
41.53292335383231,0.0037217108143043384
41.53792310384481,0.007927567267672766
41.54292285385731,0.0054963183051126175
41.54792260386981,0.011203370557418381
41.55292235388231,0.007917337978594887
41.55792210389481,0.0017216797331007466
41.56292185390731,0.004880973645314789
41.56792160391981,0.0019845740526740897
41.57292135393231,0.004949359205582471
41.57792110394481,0.005659773150194672
41.582920853957305,0.0064392129996408065
41.587920603969806,0.0026745904702213824
41.59292035398231,0.005516756297206109
41.5979201039948,0.0068876091844203985
41.602919854007304,0.009036137964104794
41.607919604019806,0.01452679500214546
41.6129193540323,0.004379573678336923
41.6179191040448,0.006271446809375382
41.6229188540573,0.012806465166461167
41.6279186040698,0.0022473184884470904
41.6329183540823,0.011181025985059495
41.6379181040948,0.008257644353329159
41.642917854107296,0.0064671205648877935
41.6479176041198,0.0069336901878169445
41.6529173541323,0.007807333302158631
41.65791710414479,0.0066898629892313925
41.662916854157295,0.0037161498644476864
41.6679166041698,0.013935361673820335
41.6729163541823,0.005604252931914222
41.67791610419479,0.011857422228334257
41.682915854207295,0.005506042550891786
41.687915604219796,0.005606454151083502
41.69291535423229,0.0016843925287596687
41.69791510424479,0.0034506443242999477
41.702914854257294,0.006825532034704346
41.70791460426979,0.003996969983305253
41.71291435428229,0.006906220884063523
41.71791410429479,0.009238734611265577
41.722913854307286,0.0075009015756999885
41.72791360431979,0.004079754355929399
41.73291335433229,0.006689148639765233
41.737913104344784,0.003983981265558437
41.742912854357286,0.0076008412952595725
41.74791260436979,0.0066142450485154
41.75291235438228,0.0031674657196099436
41.757912104394784,0.0048682677177778405
41.762911854407285,0.00875300449466548
41.76791160441978,0.009986761886134328
41.77291135443228,0.009232142976625992
41.77791110444478,0.005216207418376677
41.782910854457285,0.0008739026219084661
41.78791060446978,0.009062067291972337
41.79291035448228,0.004487394269039721
41.79791010449478,0.01164643858896493
41.80290985450728,0.003799123138078946
41.80790960451978,0.011936568220626068
41.81290935453228,0.008504301396753363
41.817909104544775,0.004300068515134433
41.82290885455728,0.00808645895943025
41.82790860456978,0.006872134047275805
41.83290835458227,0.0034730732965523752
41.837908104594774,0.00457429140865517
41.842907854607276,0.008748787603451639
41.84790760461977,0.007670021115268968
41.85290735463227,0.011574823014656654
41.857907104644774,0.006976289592567827
41.86290685465727,0.006306688143396852
41.86790660466977,0.006015446315380876
41.87290635468227,0.005858214771600847
41.877906104694766,0.0022341059433577124
41.88290585470727,0.006469233082423795
41.88790560471977,0.0036950402136133684
41.89290535473227,0.007888917476836172
41.897905104744765,0.0018075696419477952
41.90290485475727,0.00688971923856039
41.90790460476977,0.01052818896043948
41.91290435478226,0.004507573923521733
41.917904104794765,0.008671702298442132
41.92290385480727,0.013638652738376549
41.92790360481976,0.006593022780583465
41.93290335483226,0.005158245400488136
41.937903104844764,0.006215818062481368
41.94290285485726,0.006900138098448289
41.94790260486976,0.004653347039002273
41.95290235488226,0.006816717593763562
41.95790210489476,0.0022271207977672034
41.96290185490726,0.0023893119733640416
41.96790160491976,0.008075193982303585
41.972901354932254,0.003184009674450089
41.977901104944756,0.0061053933427357545
41.98290085495726,0.007922943320965378
41.98790060496975,0.003303419131450526
41.992900354982254,0.009076953987509071
41.997900104994756,0.007805675662427068
42.00289985500726,0.0060413285928689
42.00789960501975,0.008722882482970273
42.01289935503225,0.00488441650682688
42.017899105044755,0.003442190207931537
42.02289885505725,0.009157367083062258
42.02789860506975,0.010698396416854952
42.03289835508225,0.0021110798251314953
42.03789810509475,0.009273260647199397
42.04289785510725,0.011628193703280363
42.04789760511975,0.007201637539711892
42.052897355132245,0.006266661642524338
42.05789710514475,0.0008670084609341449
42.06289685515725,0.008645924199116337
42.06789660516974,0.002926165270565977
42.072896355182245,0.008692809225331395
42.077896105194746,0.008192841981263998
42.08289585520724,0.004988818975467777
42.08789560521974,0.0006241233359705467
42.092895355232244,0.009131925855721366
42.09789510524474,0.00682810908870329
42.10289485525724,0.006579018793767909
42.10789460526974,0.006189070646791659
42.11289435528224,0.0019970976895306003
42.11789410529474,0.005542294772855656
42.12289385530724,0.0014821466399657468
42.12789360531974,0.008161857004213987
42.132893355332236,0.001923726819461117
42.13789310534474,0.008527728641091735
42.14289285535724,0.0017289702636095082
42.147892605369734,0.004349835832451388
42.152892355382235,0.013038865218570474
42.15789210539474,0.008704044721701438
42.16289185540723,0.00921036327081005
42.16789160541973,0.0021576353398929994
42.172891355432235,0.004511615223796105
42.17789110544473,0.0037697006618353525
42.18289085545723,0.005012369033110839
42.18789060546973,0.0031421707236457255
42.19289035548223,0.010746859904823752
42.19789010549473,0.0036824731916310755
42.20288985550723,0.004779299831178015
42.207889605519725,0.0027240158393438923
42.212889355532226,0.005440540828158409
42.21788910554473,0.013873550369216753
42.22288885555723,0.008052941814859419
42.227888605569724,0.0034357839394426183
42.232888355582226,0.008110879008067414
42.23788810559473,0.007048951091380993
42.24288785560722,0.0033049603482949263
42.247887605619724,0.0042767181840058805
42.252887355632225,0.006117726231160644
42.25788710564472,0.00729224074501181
42.26288685565722,0.0037440403289499395
42.26788660566972,0.0025021926721252854
42.27288635568222,0.007180499481757228
42.27788610569472,0.006794747701384011
42.28288585570722,0.006838448701386403
42.287885605719715,0.004424574653629767
42.29288535573222,0.008281569027272517
42.29788510574472,0.007916451147676582
42.30288485575721,0.006267039390603898
42.307884605769715,0.005880482381636292
42.31288435578222,0.0029016733496075283
42.31788410579471,0.0076605974198970805
42.32288385580721,0.0031729929968293815
42.327883605819714,0.003898268948605321
42.332883355832216,0.013128684312987941
42.33788310584471,0.01038679416999671
42.34288285585721,0.01389693538555587
42.347882605869714,0.013527788821830465
42.35288235588221,0.0017838738293713492
42.35788210589471,0.002344330539408918
42.36288185590721,0.004630625215205682
42.367881605919706,0.011397785781032975
42.37288135593221,0.008835049477550757
42.37788110594471,0.008972420076745789
42.382880855957204,0.005652776162834679
42.387880605969706,0.006808097423106513
42.39288035598221,0.008742442009785908
42.3978801059947,0.009245099447886861
42.4028798560072,0.0036988619034789157
42.407879606019705,0.003467577643697017
42.4128793560322,0.003222900382169218
42.4178791060447,0.005685021143116638
42.4228788560572,0.009755883332588715
42.4278786060697,0.0014530342571424178
42.4328783560822,0.005230207882363755
42.4378781060947,0.0050067298145626835
42.4428778561072,0.0010935992938642548
42.4478776061197,0.0055810285418587706
42.4528773561322,0.00307954135670781
42.4578771061447,0.004588245165711073
42.462876856157195,0.008251986273010742
42.467876606169696,0.007739537530636476
42.4728763561822,0.005751920245241293
42.47787610619469,0.004077457744987026
42.482875856207194,0.005758512211875348
42.487875606219696,0.010934804081118044
42.49287535623219,0.009277868625024178
42.49787510624469,0.005624379026485577
42.50287485625719,0.005451198574809861
42.50787460626969,0.013906820782489534
42.51287435628219,0.0075337443506416175
42.51787410629469,0.007349030694612434
42.522873856307186,0.006754923099482802
42.52787360631969,0.0035270806412588686
42.53287335633219,0.010970522797272354
42.53787310634468,0.007444747825074832
42.542872856357185,0.0040945574712422375
42.54787260636969,0.007173228775188165
42.55287235638219,0.0062261111981663925
42.55787210639468,0.007460701815887663
42.562871856407185,0.006702637807597257
42.567871606419686,0.003569463859431629
42.57287135643218,0.006674516590895629
42.57787110644468,0.00440977287053421
42.582870856457184,0.0034616914400881493
42.58787060646968,0.010675559100639777
42.59287035648218,0.0124537246820052
42.59787010649468,0.004047122302377749
42.602869856507176,0.006309706033531186
42.60786960651968,0.008362603964358712
42.61286935653218,0.0018684101532418513
42.617869106544674,0.004701241556352505
42.622868856557176,0.0049453809248090185
42.62786860656968,0.008814612880158166
42.63286835658217,0.016584802701290015
42.637868106594674,0.011488056411464867
42.642867856607175,0.004115911041183886
42.64786760661967,0.004054135011171414
42.65286735663217,0.003465987300528348
42.65786710664467,0.0027392808257728422
42.662866856657175,0.01638326750505177
42.66786660666967,0.004745340861394726
42.67286635668217,0.007043736511800276
42.67786610669467,0.004063006084804279
42.68286585670717,0.007137744902337958
42.68786560671967,0.0052081865219601115
42.69286535673217,0.0051982883495123935
42.697865106744665,0.004136528167559795
42.70286485675717,0.004686325362859438
42.70786460676967,0.00609305354765955
42.71286435678216,0.009474017239935007
42.717864106794664,0.0066856271906762105
42.722863856807166,0.005879617786812492
42.72786360681966,0.005593633616321694
42.73286335683216,0.005191584845105746
42.737863106844664,0.004983396097914695
42.74286285685716,0.006329234282592133
42.74786260686966,0.01358624121041757
42.75286235688216,0.004381250956517493
42.757862106894656,0.005432242255090063
42.76286185690716,0.0035036490746170245
42.76786160691966,0.006883358751902137
42.77286135693216,0.005726807119406335
42.777861106944655,0.006186012988614822
42.78286085695716,0.0051045288103574536
42.78786060696966,0.006305704342726241
42.79286035698215,0.010820379107764382
42.797860106994655,0.0036240254610154007
42.80285985700716,0.01344180249316679
42.80785960701965,0.008653768930064273
42.81285935703215,0.014243532454895043
42.817859107044654,0.012800266276497925
42.82285885705715,0.009158874173515644
42.82785860706965,0.0032355697447637734
42.83285835708215,0.011983058855876992
42.83785810709465,0.002804796809853878
42.84285785710715,0.005057283473110087
42.84785760711965,0.005894303074274983
42.852857357132145,0.016508828438445262
42.857857107144646,0.007179085839957681
42.86285685715715,0.013653347401262797
42.86785660716964,0.0037566321247392447
42.872856357182144,0.0014480208666519882
42.877856107194646,0.005989004457542085
42.88285585720715,0.007962079574408991
42.88785560721964,0.006325686485329541
42.89285535723214,0.001948836501801251
42.897855107244645,0.005006730291844701
42.90285485725714,0.006088568839185739
42.90785460726964,0.009765042581134652
42.91285435728214,0.0035023653441929006
42.91785410729464,0.004194737531080511
42.92285385730714,0.0091717885005077
42.92785360731964,0.00623414889400195
42.932853357332135,0.0032833802633038542
42.93785310734464,0.009153676342333154
42.94285285735714,0.004166324403961673
42.94785260736963,0.007451112083816748
42.952852357382135,0.005570840801496562
42.957852107394636,0.0038043691816602343
42.96285185740713,0.0051334844722202766
42.96785160741963,0.006454071781232465
42.972851357432134,0.005802638581312766
42.97785110744463,0.0019585187432692303
42.98285085745713,0.004280042102224353
42.98785060746963,0.006601364237160028
42.99285035748213,0.006084899787818779
42.99785010749463,0.009516970673411897
43.00284985750713,0.001053644830308339
43.00784960751963,0.007236085361914571
43.012849357532126,0.005331203217995164
43.01784910754463,0.008282192094730134
43.02284885755713,0.014392421599861772
43.027848607569624,0.004192032428258688
43.032848357582125,0.004054388221050763
43.03784810759463,0.006969528749315512
43.04284785760712,0.004093445567958874
43.04784760761962,0.012354341164231909
43.052847357632125,0.009946006648902482
43.05784710764462,0.0037271581070485406
43.06284685765712,0.007722354814416901
43.06784660766962,0.007728312622014572
43.07284635768212,0.004684419721065541
43.07784610769462,0.00453438856410722
43.08284585770712,0.004278557464045263
43.087845607719615,0.00859017163108879
43.092845357732116,0.007786047610679483
43.09784510774462,0.004640056037055014
43.10284485775712,0.011333492674434936
43.107844607769614,0.010188211079838085
43.112844357782116,0.002500704401050296
43.11784410779462,0.014366194003676256
43.12284385780711,0.004074111896602773
43.127843607819614,0.012666007479843608
43.132843357832115,0.0067149217091674
43.13784310784461,0.01378543806300779
43.14284285785711,0.003172554338008812
43.14784260786961,0.0009607904914267639
43.15284235788211,0.007956297782773982
43.15784210789461,0.010793569116286721
43.16284185790711,0.010380538491347749
43.167841607919605,0.00045768852273042675
43.17284135793211,0.0090805573616131
43.17784110794461,0.009143879389320398
43.1828408579571,0.006729351386994048
43.187840607969605,0.0057564452214686
43.19284035798211,0.0106216610717192
43.1978401079946,0.004206849982982105
43.2028398580071,0.0033296965277033875
43.207839608019604,0.011198705443134536
43.212839358032106,0.006386160298720012
43.2178391080446,0.011487353890958275
43.2228388580571,0.004907977853107308
43.227838608069604,0.0018602604695477515
43.2328383580821,0.0037899556258251975
43.2378381080946,0.004970317118488538
43.2428378581071,0.006790472440377189
43.247837608119596,0.011260317172799218
43.2528373581321,0.007633338009593364
43.2578371081446,0.00406117737292225
43.262836858157094,0.002174417341460085
43.267836608169596,0.010570025471687103
43.2728363581821,0.003080579593884009
43.27783610819459,0.007825010270075951
43.28283585820709,0.013640335514182351
43.287835608219595,0.009351051676545454
43.29283535823209,0.009520783307766924
43.29783510824459,0.004777480692965922
43.30283485825709,0.008659251001361083
43.30783460826959,0.005548401167872326
43.31283435828209,0.002343279244527541
43.31783410829459,0.0084996512501417
43.32283385830709,0.005491530658484733
43.32783360831959,0.0073118350639561035
43.33283335833209,0.00831226898723105
43.33783310834459,0.006005852483019379
43.342832858357085,0.0018289654071330231
43.347832608369586,0.003270713833523322
43.35283235838209,0.006018147682200451
43.35783210839458,0.0037257559936030907
43.362831858407084,0.013141936707387654
43.367831608419586,0.006789777762023072
43.37283135843208,0.008955162467902426
43.37783110844458,0.008320817337180254
43.38283085845708,0.009707025852918053
43.38783060846958,0.012667204928113563
43.39283035848208,0.008987338029520597
43.39783010849458,0.0025488812859814757
43.402829858507076,0.00264482044259563
43.40782960851958,0.00047917599411160334
43.41282935853208,0.005543383594599707
43.417829108544574,0.006932009644206971
43.422828858557075,0.011349164734205669
43.42782860856958,0.011908512140716556
43.43282835858208,0.004413501021588391
43.43782810859457,0.0012358071028439042
43.442827858607075,0.006756586195893755
43.447827608619576,0.007384477094916593
43.45282735863207,0.010719645213583092
43.45782710864457,0.0025214547927978415
43.462826858657074,0.004062259792046289
43.46782660866957,0.0033196631607671392
43.47282635868207,0.004582322431453218
43.47782610869457,0.007913654458677446
43.482825858707066,0.007871606066112456
43.48782560871957,0.006338291591636086
43.49282535873207,0.003790649360272661
43.497825108744564,0.0039597526037540775
43.502824858757066,0.004819692097827879
43.50782460876957,0.004812678465335144
43.51282435878206,0.01106135807945402
43.517824108794564,0.00489697140777953
43.522823858807065,0.002378986273573901
43.52782360881956,0.0074476282109405875
43.53282335883206,0.008479047531983008
43.53782310884456,0.008273538574582795
43.542822858857065,0.009686670020632653
43.54782260886956,0.0019351877517385795
43.55282235888206,0.00994922395821578
43.55782210889456,0.008388172704298933
43.56282185890706,0.008507320474548307
43.56782160891956,0.00857880633872181
43.57282135893206,0.0041366158901309565
43.577821108944555,0.006647594787750448
43.58282085895706,0.006113432121147635
43.58782060896956,0.007199483149162336
43.59282035898205,0.0027873518711441685
43.597820108994554,0.00514965493750097
43.602819859007056,0.0012138964304867145
43.60781960901955,0.0020863301897454754
43.61281935903205,0.010278152732707076
43.617819109044554,0.000846420270871524
43.62281885905705,0.00821761361828719
43.62781860906955,0.0051816364999753145
43.63281835908205,0.0052598962665429735
43.637818109094546,0.0101295395552027
43.64281785910705,0.007242902312843437
43.64781760911955,0.006905087342067723
43.65281735913205,0.002603111622583242
43.657817109144545,0.0003014608728855443
43.66281685915705,0.011732050893884165
43.66781660916955,0.001718083443213585
43.67281635918204,0.004822551847021561
43.677816109194545,0.006928737098107671
43.68281585920705,0.005780913869258279
43.68781560921954,0.005044109114162337
43.69281535923204,0.005843475148134536
43.697815109244544,0.003887375429344301
43.70281485925704,0.006089397059765208
43.70781460926954,0.007798841216423772
43.71281435928204,0.013735298822421088
43.71781410929454,0.0023993136270571854
43.72281385930704,0.003580753501596451
43.72781360931954,0.009375398155020708
43.732813359332035,0.008559649341225176
43.737813109344536,0.011201797276506237
43.74281285935704,0.006210949444816115
43.74781260936953,0.007888908315930221
43.752812359382034,0.010242710076852648
43.757812109394536,0.00838357161936871
43.76281185940704,0.008283960985658092
43.76781160941953,0.0035879987415412323
43.77281135943203,0.005449719257691343
43.777811109444535,0.0009277940198652845
43.78281085945703,0.003980385337619786
43.78781060946953,0.005970007454958663
43.79281035948203,0.011380487255743744
43.79781010949453,0.0019876295927127715
43.80280985950703,0.0036459949952532774
43.80780960951953,0.005627540817555252
43.812809359532025,0.0009279108912736567
43.81780910954453,0.005223119829896855
43.82280885955703,0.006339371633309505
43.82780860956952,0.006303948656340868
43.832808359582025,0.00029720560052333243
43.837808109594526,0.004610398779913946
43.84280785960702,0.0018514088141896579
43.84780760961952,0.0032812375443122266
43.852807359632024,0.003952083254345724
43.85780710964452,0.006082661513068547
43.86280685965702,0.007046920543977599
43.86780660966952,0.013258048386759973
43.87280635968202,0.0027693362448470873
43.87780610969452,0.003237801895543537
43.88280585970702,0.005429381446481951
43.88780560971952,0.00702318179031021
43.892805359732016,0.004130544838722716
43.89780510974452,0.004243383505504335
43.90280485975702,0.01170739487769936
43.907804609769514,0.00520403906425485
43.912804359782015,0.004333382814870781
43.91780410979452,0.006303193629797514
43.92280385980701,0.010584772197727917
43.92780360981951,0.008648092871184494
43.932803359832015,0.01331736720056564
43.93780310984451,0.001472792105724205
43.94280285985701,0.004534818436508138
43.94780260986951,0.006212863400519122
43.95280235988201,0.00416816971741416
43.95780210989451,0.006786905538280488
43.96280185990701,0.012355848389628922
43.967801609919505,0.004176488992990282
43.97280135993201,0.006602903440680526
43.97780110994451,0.002824907978709069
43.98280085995701,0.010689279871159923
43.987800609969504,0.003827659248607544
43.992800359982006,0.003341333512649289
43.99780010999451,0.004289845391409221
44.002799860007,0.013492855442428292
44.007799610019504,0.0043333772971952955
44.012799360032005,0.011797215648577717
44.0177991100445,0.004000077458290923
44.022798860057,0.0047217167345484125
44.0277986100695,0.0049195069185971165
44.032798360082,0.007079284549022171
44.0377981100945,0.0062029049251047285
44.042797860107,0.0022971847465837127
44.047797610119495,0.009317235745945132
44.052797360132,0.01064811706093447
44.0577971101445,0.008777387775633458
44.06279686015699,0.005743936362471769
44.067796610169495,0.0015167851204854455
44.072796360182,0.007472174858771035
44.07779611019449,0.009607738853047157
44.08279586020699,0.009384003818630504
44.087795610219494,0.008375028317919432
44.092795360231996,0.0026144086140188543
44.09779511024449,0.005446983890766279
44.10279486025699,0.00512445020608062
44.107794610269494,0.004060391354108593
44.11279436028199,0.0056313440909283394
44.11779411029449,0.0031168914910425206
44.12279386030699,0.0029755863537600344
44.127793610319486,0.005050245344266976
44.13279336033199,0.007360529471259445
44.13779311034449,0.007351867792592583
44.142792860356984,0.0028368350854105473
44.147792610369486,0.003879833127847639
44.15279236038199,0.007170609445254201
44.15779211039448,0.00801792046142065
44.16279186040698,0.0053419819254031265
44.167791610419485,0.002900275428991234
44.17279136043198,0.008323631376241569
44.17779111044448,0.003848457036456819
44.18279086045698,0.008482433759888122
44.18779061046948,0.011177840562243075
44.19279036048198,0.007267186575082211
44.19779011049448,0.004091091995111295
44.20278986050698,0.009192517684833139
44.20778961051948,0.005042803628206689
44.21278936053198,0.007398218151425345
44.21778911054448,0.0038965037828546977
44.222788860556975,0.008317942699707303
44.227788610569476,0.012336916709207398
44.23278836058198,0.003226552543934292
44.23778811059447,0.008650487560385214
44.242787860606974,0.0015946235850247117
44.247787610619476,0.004890346229620067
44.25278736063197,0.0007526512639329506
44.25778711064447,0.00271656069668913
44.26278686065697,0.005584961172198456
44.26778661066947,0.006081715320002289
44.27278636068197,0.001412132030994285
44.27778611069447,0.009713588151855142
44.282785860706966,0.008323053895431585
44.28778561071947,0.002604567931829413
44.29278536073197,0.002638514759341014
44.297785110744464,0.006388028913942055
44.302784860756965,0.01171536475764913
44.30778461076947,0.0024102641084655088
44.31278436078197,0.0034068025579854183
44.31778411079446,0.0039091715996925165
44.322783860806965,0.007746481586820787
44.327783610819466,0.004450617252193728
44.33278336083196,0.011681231438164392
44.33778311084446,0.010804732865423324
44.342782860856964,0.011716090341782542
44.34778261086946,0.007267157752108916
44.35278236088196,0.0016452597586084573
44.35778211089446,0.0042677410500118074
44.362781860906956,0.0008876418101668271
44.36778161091946,0.0042388594195208905
44.37278136093196,0.01054561237911311
44.377781110944454,0.006401003277952395
44.382780860956956,0.007859083413525899
44.38778061096946,0.005088851709132333
44.39278036098195,0.002604051910821725
44.397780110994454,0.005757633167533458
44.402779861006955,0.003995710887671946
44.40777961101946,0.0036151358271708446
44.41277936103195,0.005312476120312539
44.41777911104445,0.003708598686410478
44.422778861056955,0.0010313787150434972
44.42777861106945,0.0026755547231957165
44.43277836108195,0.0020347688179315746
44.43777811109445,0.0071655823900179175
44.44277786110695,0.008836922315769926
44.44777761111945,0.0036060684223700556
44.45277736113195,0.0029915509670302154
44.457777111144445,0.002504101537663291
44.46277686115695,0.0038799133387489946
44.46777661116945,0.0090672831081819
44.47277636118194,0.005775339446774235
44.477776111194444,0.0020841637858874376
44.482775861206946,0.005434820703761083
44.48777561121944,0.010035737381754797
44.49277536123194,0.0073854228656898375
44.497775111244444,0.008588733589206872
44.50277486125694,0.00260190180401179
44.50777461126944,0.003935032681582858
44.51277436128194,0.00825728907779095
44.51777411129444,0.004688046362420805
44.52277386130694,0.008724423526777558
44.52777361131944,0.006318261654601975
44.53277336133194,0.009528491731238032
44.537773111344436,0.0021277399151668655
44.54277286135694,0.0028835255471691005
44.54777261136944,0.009417222831709099
44.55277236138193,0.005101958663792195
44.557772111394435,0.006982807653314228
44.56277186140694,0.00704403362542892
44.56777161141943,0.0015249472923045367
44.57277136143193,0.005771277198040894
44.577771111444434,0.0033536782835254177
44.58277086145693,0.006264227804255995
44.58777061146943,0.009931969803894913
44.59277036148193,0.01289034897478819
44.59777011149443,0.011662500652805738
44.60276986150693,0.0059863617280119874
44.60776961151943,0.006913458432267387
44.612769361531925,0.0008864874621519922
44.617769111544426,0.00233124221340408
44.62276886155693,0.005932869362906614
44.62776861156943,0.013610783530086554
44.632768361581924,0.008577966613160947
44.637768111594426,0.0064959756551364115
44.64276786160693,0.00891834863972225
44.64776761161942,0.005956091479563533
44.65276736163192,0.005094621642521
44.657767111644425,0.0076542444382220465
44.66276686165692,0.0030435899994025427
44.66776661166942,0.003211371004594715
44.67276636168192,0.004696410480922681
44.67776611169442,0.004435354970425782
44.68276586170692,0.006949897317780596
44.68776561171942,0.005086201642907103
44.692765361731915,0.015729213003863887
44.69776511174442,0.006192045559541384
44.70276486175692,0.0076733665093915455
44.70776461176941,0.010818115762007892
44.712764361781915,0.0035133658259099234
44.717764111794416,0.0028125145269722496
44.72276386180691,0.005592437657356768
44.72776361181941,0.006829990014619728
44.732763361831914,0.010841851285844344
44.737763111844416,0.011354766877824387
44.74276286185691,0.006551198768512249
44.74776261186941,0.0047799541716942884
44.75276236188191,0.00678152577479242
44.75776211189441,0.005224734015309475
44.76276186190691,0.008097350833710217
44.76776161191941,0.005762365183894017
44.772761361931906,0.005834408636573518
44.77776111194441,0.004303350927754502
44.78276086195691,0.005495512344619711
44.787760611969404,0.006418979855233338
44.792760361981905,0.00984615263008287
44.79776011199441,0.0021302806163483057
44.8027598620069,0.006872730649432999
44.8077596120194,0.012704095976769827
44.812759362031905,0.009110844843824118
44.8177591120444,0.0065491419167736575
44.8227588620569,0.0027689838471838795
44.8277586120694,0.0006950406238695473
44.8327583620819,0.0039218656407966155
44.8377581120944,0.006070468169490523
44.8427578621069,0.005200556701749002
44.8477576121194,0.004565910079931664
44.8527573621319,0.005889698683420978
44.8577571121444,0.0004878383822930575
44.8627568621569,0.008359963687171857
44.867756612169394,0.013595164772472242
44.872756362181896,0.005920682778136039
44.8777561121944,0.0026186782220453805
44.88275586220689,0.0024310932562213532
44.887755612219394,0.008587928634333154
44.892755362231895,0.009604282999982946
44.89775511224439,0.0022767820882201952
44.90275486225689,0.011496067955945375
44.90775461226939,0.00969977619805358
44.91275436228189,0.010617179576075008
44.91775411229439,0.009266940060623409
44.92275386230689,0.0051956257895678
44.927753612319385,0.010604635419100185
44.93275336233189,0.006822484589423808
44.93775311234439,0.00824173029707666
44.94275286235688,0.0044199442981202285
44.947752612369385,0.0021471534360753544
44.95275236238189,0.014128604605658613
44.95775211239439,0.002251227133320522
44.96275186240688,0.006694493152419248
44.967751612419384,0.003558707061300259
44.972751362431886,0.006678858258867256
44.97775111244438,0.005077532702291626
44.98275086245688,0.005892442273879085
44.987750612469384,0.005855995489764324
44.99275036248188,0.008991374301644409
44.99775011249438,0.003310112036494988
45.00274986250688,0.009370543320527327
45.007749612519376,0.0058184072263402775
45.01274936253188,0.006531322620308022
45.01774911254438,0.002820553911580123
45.022748862556874,0.007920319307095778
45.027748612569376,0.0026409570430155098
45.03274836258188,0.009488246478607278
45.03774811259437,0.005488540095797699
45.04274786260687,0.007087942111276957
45.047747612619375,0.002832775398530625
45.05274736263187,0.009775543143872882
45.05774711264437,0.008680095348623348
45.06274686265687,0.0027273029422533244
45.067746612669374,0.006829724561102831
45.07274636268187,0.0033284179011021948
45.07774611269437,0.012006217550130866
45.08274586270687,0.008471468923124482
45.08774561271937,0.004397635273105914
45.09274536273187,0.008561101132341934
45.09774511274437,0.002907201988222689
45.102744862756865,0.002685781917800167
45.107744612769366,0.007925847529778474
45.11274436278187,0.009516016506043112
45.11774411279436,0.004128350160320223
45.122743862806864,0.0147030080926567
45.127743612819366,0.006157037748993322
45.13274336283186,0.008188072452729832
45.13774311284436,0.013752229529738038
45.14274286285686,0.003032000866799657
45.14774261286936,0.0022685865265333833
45.15274236288186,0.0019031467243067757
45.15774211289436,0.010955091793786202
45.162741862906856,0.0017947793056986962
45.16774161291936,0.0024533772339521472
45.17274136293186,0.006264739046766756
45.17774111294436,0.0018227977611843013
45.182740862956855,0.00901488587730141
45.18774061296936,0.004731093380054029
45.19274036298186,0.009791641355871754
45.19774011299435,0.0038041801016774116
45.202739863006855,0.0064015502737577844
45.207739613019356,0.007671100485684256
45.21273936303185,0.004273167996685767
45.21773911304435,0.00720957884259678
45.222738863056854,0.010762757099474407
45.22773861306935,0.0037726140620320085
45.23273836308185,0.002014601821925381
45.23773811309435,0.005854353942099394
45.242737863106846,0.003907918351509242
45.24773761311935,0.0062554879987395656
45.25273736313185,0.00776185434822072
45.257737113144344,0.0033164357711222155
45.262736863156846,0.0075658096453818284
45.26773661316935,0.00863139760458394
45.27273636318184,0.00913452194599567
45.277736113194344,0.0029926383918598316
45.282735863206845,0.011026991055592798
45.28773561321935,0.005143709229431162
45.29273536323184,0.005633499755629516
45.29773511324434,0.006215605026920159
45.302734863256845,0.004812930822105723
45.30773461326934,0.0014565407828523657
45.31273436328184,0.009516174205920077
45.31773411329434,0.014401732086680597
45.32273386330684,0.010076188907591476
45.32773361331934,0.005374340962302937
45.33273336333184,0.002012800871454207
45.337733113344335,0.00395280028880848
45.34273286335684,0.0026743630511908384
45.34773261336934,0.0009279104170950381
45.35273236338183,0.004624809537886555
45.357732113394334,0.00755570678216382
45.362731863406836,0.006446291261664126
45.36773161341933,0.015902917190823082
45.37273136343183,0.008473750448938137
45.377731113444334,0.0028413961954756282
45.38273086345683,0.00897030245595138
45.38773061346933,0.003913929909635858
45.39273036348183,0.002665445379935902
45.39773011349433,0.002883106564075205
45.40272986350683,0.003152449062618863
45.40772961351933,0.007206318799552612
45.41272936353183,0.008839738367258947
45.417729113544326,0.0010023075855875307
45.42272886355683,0.011689393624670733
45.42772861356933,0.008444480558375605
45.43272836358182,0.004440942145964978
45.437728113594325,0.001105570927171151
45.44272786360683,0.007060455519919356
45.44772761361932,0.004043743463058053
45.45272736363182,0.0034729086726494906
45.457727113644324,0.007284582238123825
45.46272686365682,0.0013492582552554258
45.46772661366932,0.0064773173304734245
45.47272636368182,0.002060859146817664
45.47772611369432,0.0074592533816510015
45.48272586370682,0.0004711002958724346
45.48772561371932,0.007144639237460108
45.492725363731815,0.0036629754922853554
45.497725113744316,0.004371716445856838
45.50272486375682,0.0053621791658618806
45.50772461376932,0.010372366397813785
45.512724363781814,0.003620318261959931
45.517724113794316,0.0030893273285152027
45.52272386380682,0.007070028014955275
45.52772361381931,0.00697348293306378
45.53272336383181,0.00913500327122416
45.537723113844315,0.004803668848908345
45.54272286385681,0.007623792609377202
45.54772261386931,0.0067224390908834294
45.55272236388181,0.004068805529032
45.55772211389431,0.008222650359998168
45.56272186390681,0.004147219594963923
45.56772161391931,0.002626105470037547
45.572721363931805,0.0063514279358161925
45.57772111394431,0.006272302967988358
45.58272086395681,0.00637857286029126
45.5877206139693,0.009651770302128968
45.592720363981805,0.0018892648179833667
45.597720113994306,0.007699008493134681
45.6027198640068,0.010261786502655525
45.6077196140193,0.00619484339738009
45.612719364031804,0.011151094492632968
45.617719114044306,0.007618318665959782
45.6227188640568,0.0014611019626802734
45.6277186140693,0.005696447225285789
45.6327183640818,0.007243817481074196
45.6377181140943,0.0067827160913171616
45.6427178641068,0.005641015326842184
45.6477176141193,0.0019130761240830991
45.652717364131796,0.004722816953461392
45.6577171141443,0.004615329665183703
45.6627168641568,0.00434458067333423
45.667716614169294,0.006803351665807033
45.672716364181795,0.010652978252452736
45.6777161141943,0.002807310100489046
45.68271586420679,0.00554739428791057
45.68771561421929,0.0016500478929480122
45.692715364231795,0.008887874969387229
45.69771511424429,0.004391335257864109
45.70271486425679,0.007003978409931635
45.70771461426929,0.0009224468962631987
45.71271436428179,0.004908373527996482
45.71771411429429,0.014955787665126266
45.72271386430679,0.00976713556285241
45.72771361431929,0.00572121075576182
45.73271336433179,0.004820954679170622
45.73771311434429,0.0026833644275827675
45.74271286435679,0.0012224333282762922
45.747712614369284,0.00737487089902623
45.752712364381786,0.0038341654151991308
45.75771211439429,0.0009291313435803189
45.76271186440678,0.0074965410256458975
45.767711614419284,0.004333436590155254
45.772711364431785,0.0013106803151407428
45.77771111444428,0.00870814135043766
45.78271086445678,0.007828663324681087
45.78771061446928,0.012172438267294349
45.79271036448178,0.004882848440833675
45.79771011449428,0.00214455034196889
45.80270986450678,0.008339143626698263
45.807709614519275,0.0059753404007588775
45.81270936453178,0.006402129211264416
45.81770911454428,0.0033164704406834244
45.82270886455677,0.00648281629665272
45.827708614569275,0.005415264740098401
45.83270836458178,0.01351261938415295
45.83770811459428,0.007993533138330788
45.84270786460677,0.004456768340181728
45.847707614619274,0.007680371063831758
45.852707364631776,0.004450226530006774
45.85770711464427,0.004827382289681641
45.86270686465677,0.007596327036468927
45.867706614669274,0.010782944115121982
45.87270636468177,0.010413463153500814
45.87770611469427,0.008975190469136302
45.88270586470677,0.004847572272111951
45.887705614719266,0.01506309865125554
45.89270536473177,0.00602888569654034
45.89770511474427,0.004762548018478338
45.902704864756764,0.0041063398635587875
45.907704614769266,0.006107772031643571
45.91270436478177,0.007195589558087554
45.91770411479426,0.008254775099841093
45.92270386480676,0.003212292349596027
45.927703614819265,0.006831461163607634
45.93270336483176,0.007762843767444798
45.93770311484426,0.009841543058524
45.94270286485676,0.010535263444799001
45.947702614869264,0.010284339147473773
45.95270236488176,0.005912447831909004
45.95770211489426,0.0033499198179817846
45.96270186490676,0.009081989181734942
45.96770161491926,0.0054334246237094765
45.97270136493176,0.008563092626216623
45.97770111494426,0.009778127023108976
45.982700864956755,0.006224731068466345
45.987700614969256,0.009823658061200306
45.99270036498176,0.004645867463947797
45.99770011499425,0.005783438931936809
46.002699865006754,0.007348316707143714
46.007699615019256,0.007823870889999179
46.01269936503175,0.0068308821873670125
46.01769911504425,0.009285207601746778
46.02269886505675,0.006122900670889668
46.02769861506925,0.005708440302377914
46.03269836508175,0.0038635666885349835
46.03769811509425,0.010490019195811884
46.042697865106746,0.0006138840185462928
46.04769761511925,0.0014180626270068083
46.05269736513175,0.007164738838031421
46.05769711514425,0.0025451541976066346
46.062696865156745,0.0018045873013698712
46.06769661516925,0.008343539786851352
46.07269636518175,0.007015824673029391
46.07769611519424,0.004790219555052744
46.082695865206745,0.0015178639044795771
46.087695615219246,0.005942156112127745
46.09269536523174,0.0056538173611350604
46.09769511524424,0.00892601701165401
46.102694865256744,0.009259169958146522
46.10769461526924,0.012961757177181586
46.11269436528174,0.005784517408942902
46.11769411529424,0.006468747840941783
46.122693865306736,0.002137088343497834
46.12769361531924,0.009044175506954915
46.13269336533174,0.005253541190368333
46.137693115344234,0.004606083720656024
46.142692865356736,0.008726613159939464
46.14769261536924,0.00793374323197993
46.15269236538173,0.004856741095448632
46.157692115394234,0.004035011251923196
46.162691865406735,0.005312135815786975
46.16769161541924,0.0061113495488141194
46.17269136543173,0.008915952783807114
46.17769111544423,0.0016237777226269128
46.182690865456735,0.007945042240304552
46.18769061546923,0.0027585438039181426
46.19269036548173,0.007349336596873379
46.19769011549423,0.007073856923189853
46.20268986550673,0.007964282885651047
46.20768961551923,0.007045474811343343
46.21268936553173,0.0019777540603390592
46.217689115544225,0.008652194565785046
46.22268886555673,0.006790434639546532
46.22768861556923,0.00846757567740027
46.23268836558172,0.008196109893691295
46.237688115594224,0.008338568401957038
46.242687865606726,0.00667214450729898
46.24768761561922,0.006586635063156538
46.25268736563172,0.007390885372057834
46.257687115644224,0.007674866100983192
46.26268686565672,0.001994413816483429
46.26768661566922,0.0037038937719252488
46.27268636568172,0.00665362118470317
46.27768611569422,0.005313607711806861
46.28268586570672,0.005525201503498672
46.28768561571922,0.0042192474843883235
46.29268536573172,0.006778632282969718
46.297685115744216,0.0027943413359751814
46.30268486575672,0.007841353593803349
46.30768461576922,0.010594472500203667
46.31268436578171,0.0029244120837211614
46.317684115794215,0.0006145273607463767
46.32268386580672,0.0022204222697195784
46.32768361581921,0.005653728932762656
46.33268336583171,0.008551642995170732
46.337683115844214,0.0063619369772792535
46.34268286585671,0.008829761491139926
46.34768261586921,0.006966034601266941
46.35268236588171,0.004577484257530643
46.35768211589421,0.006872177716186839
46.36268186590671,0.006262093497520424
46.36768161591921,0.005455040288436723
46.372681365931705,0.010663664706931085
46.377681115944206,0.008838526176520251
46.38268086595671,0.004523294950286153
46.38768061596921,0.00962275039574695
46.392680365981704,0.007039913890315043
46.397680115994206,0.008493306163063997
46.40267986600671,0.009349830224473898
46.4076796160192,0.006228860168906138
46.4126793660317,0.001844357760574196
46.417679116044205,0.0010703718774124368
46.4226788660567,0.00735653687362434
46.4276786160692,0.012294761582719596
46.4326783660817,0.0044745241616018705
46.4376781160942,0.010503825716705344
46.4426778661067,0.0034506135349255344
46.4476776161192,0.008134783961579984
46.452677366131695,0.008590322875984756
46.4576771161442,0.004448744669772962
46.4626768661567,0.004056837923292261
46.46767661616919,0.01027799940608105
46.472676366181695,0.005242332961511424
46.477676116194196,0.00908518385957436
46.48267586620669,0.003785564094843162
46.48767561621919,0.00387701012950008
46.492675366231694,0.008583946185492816
46.497675116244196,0.003741660884605553
46.50267486625669,0.005912362596005564
46.50767461626919,0.002744181700313048
46.51267436628169,0.007647338085492163
46.51767411629419,0.006562113894120278
46.52267386630669,0.005790948178642926
46.52767361631919,0.009692090221449248
46.532673366331686,0.006453497098367487
46.53767311634419,0.007707080197283027
46.54267286635669,0.006229476923603491
46.547672616369184,0.01159776710438114
46.552672366381685,0.004673563613416275
46.55767211639419,0.008411701694052238
46.56267186640668,0.007201400463984303
46.56767161641918,0.0033651901255054802
46.572671366431685,0.004399530508093107
46.57767111644418,0.004367934443760427
46.58267086645668,0.011407785326549322
46.58767061646918,0.006580721978174398
46.59267036648168,0.0034807477443386985
46.59767011649418,0.008043864395775589
46.60266986650668,0.0031063581601050235
46.60766961651918,0.010540533886050734
46.61266936653168,0.009783099026132483
46.61766911654418,0.004794539453633786
46.62266886655668,0.0034559843037013775
46.627668616569174,0.00739050137806542
46.632668366581676,0.012750694389030611
46.63766811659418,0.0015209171202115786
46.64266786660667,0.005407969782935613
46.647667616619174,0.009166375769268164
46.652667366631675,0.008117944686701723
46.65766711664417,0.012040158646675332
46.66266686665667,0.011846136476529079
46.66766661666917,0.0045249711944025835
46.67266636668167,0.003530257237460362
46.67766611669417,0.0060323113072003835
46.68266586670667,0.003878375569374848
46.687665616719165,0.006067117706099553
46.69266536673167,0.003530961079481488
46.69766511674417,0.008548776648773345
46.70266486675666,0.004366903168464905
46.707664616769165,0.006000444258778569
46.71266436678167,0.011483092606388516
46.71766411679417,0.005081129937159309
46.72266386680666,0.0074363539572735405
46.727663616819164,0.0011316059395417258
46.732663366831666,0.0108646975070443
46.73766311684416,0.006095679507907287
46.74266286685666,0.0031184497338102735
46.747662616869164,0.0011491986805277003
46.75266236688166,0.004078357002569334
46.75766211689416,0.005437970991995339
46.76266186690666,0.011154219376243247
46.767661616919156,0.0038007963402169145
46.77266136693166,0.014782103522087288
46.77766111694416,0.007379548482290517
46.782660866956654,0.005543445378224292
46.787660616969156,0.00497076749766775
46.79266036698166,0.002260547079678665
46.79766011699415,0.008786403473121068
46.80265986700665,0.00830608538718274
46.807659617019155,0.013597367224993407
46.81265936703165,0.002553428603453973
46.81765911704415,0.005179983880878322
46.82265886705665,0.00871675324041593
46.827658617069154,0.017954971396310804
46.83265836708165,0.0063837984565957955
46.83765811709415,0.005673269144622578
46.84265786710665,0.009689247978500052
46.84765761711915,0.0028915866675836874
46.85265736713165,0.00788246972895068
46.85765711714415,0.004935521196639989
46.862656867156645,0.0027169301981918364
46.867656617169146,0.009325849392887282
46.87265636718165,0.006233130628223035
46.87765611719414,0.008885603100450225
46.882655867206644,0.011234008477930397
46.887655617219146,0.002844360226207528
46.89265536723164,0.004750263299704857
46.89765511724414,0.009610711144336008
46.90265486725664,0.004266169969633737
46.90765461726914,0.013010716297038665
46.91265436728164,0.004465619120617996
46.91765411729414,0.006792229080444964
46.922653867306636,0.0065078068645579665
46.92765361731914,0.002805805579199879
46.93265336733164,0.004258941251770532
46.93765311734414,7.159741502961706e-05
46.942652867356635,0.010205282666947538
46.94765261736914,0.001640172335507391
46.95265236738164,0.005948113537548627
46.95765211739413,0.005047441848259303
46.962651867406635,0.010051488591086432
46.967651617419136,0.010401921280869336
46.97265136743163,0.0018339824760782958
46.97765111744413,0.0008538096630018542
46.982650867456634,0.0029507906516137512
46.98765061746913,0.011203023224747479
46.99265036748163,0.007011479916043777
46.99765011749413,0.0048666659123018175
47.002649867506626,0.003298600113503273
47.00764961751913,0.014635715335280956
47.01264936753163,0.009943103897603209
47.017649117544124,0.0029383125704630112
47.022648867556626,0.0011180008735225861
47.02764861756913,0.008174457299475453
47.03264836758162,0.0023153835811943616
47.037648117594124,0.004238262485259133
47.042647867606625,0.002501381115637387
47.04764761761913,0.00617489583428097
47.05264736763162,0.006241614349093905
47.05764711764412,0.009417371529756547
47.062646867656625,0.0008820324325943211
47.06764661766912,0.008595081957871608
47.07264636768162,0.007774580091757814
47.07764611769412,0.0051557300020853465
47.08264586770662,0.004324795242356067
47.08764561771912,0.003179596718906197
47.09264536773162,0.0028480566246320916
47.097645117744115,0.006378574902978726
47.10264486775662,0.0035239425126092133
47.10764461776912,0.006065103631108211
47.11264436778161,0.009370430011714448
47.117644117794114,0.00595182650707779
47.122643867806616,0.0015688133201172986
47.12764361781911,0.010293764353067123
47.13264336783161,0.0017965562456468034
47.137643117844114,0.012567274709950853
47.14264286785661,0.008087097343029667
47.14764261786911,0.004106279210124367
47.15264236788161,0.016782332545021112
47.15764211789411,0.012141816579735306
47.16264186790661,0.0024442076416702407
47.16764161791911,0.006971330845480976
47.17264136793161,0.0023455871855826587
47.177641117944106,0.007628174917483206
47.18264086795661,0.011242561495849956
47.18764061796911,0.0040421317328167465
47.1926403679816,0.0023083542788066807
47.197640117994105,0.0015977719978414488
47.20263986800661,0.004763140698857312
47.2076396180191,0.00412320852124386
47.2126393680316,0.00645910076014674
47.217639118044104,0.0017185528174015988
47.2226388680566,0.003221287490694446
47.2276386180691,0.006215396856764528
47.2326383680816,0.010798533846311562
47.2376381180941,0.003257517016653164
47.2426378681066,0.004872801725097824
47.2476376181191,0.006790781365307063
47.252637368131595,0.0019572609886988382
47.257637118144096,0.003074107305819579
47.2626368681566,0.013330245655929097
47.2676366181691,0.0021448403775739867
47.272636368181594,0.004969882040067398
47.277636118194096,0.008862974706584238
47.2826358682066,0.0075267659263987185
47.28763561821909,0.008230946734742338
47.29263536823159,0.006905588746461915
47.297635118244095,0.003061303764072133
47.30263486825659,0.005612256912280107
47.30763461826909,0.006420037335979255
47.31263436828159,0.00533681283001555
47.31763411829409,0.010604415364320973
47.32263386830659,0.0064673860230945865
47.32763361831909,0.004168520484891418
47.332633368331585,0.0035919812874657953
47.33763311834409,0.010324377376289376
47.34263286835659,0.003632390867912752
47.34763261836908,0.010466101582224023
47.352632368381585,0.0037974440310752588
47.357632118394086,0.0055273238677410385
47.36263186840658,0.0047061771795955335
47.36763161841908,0.007996733218160518
47.372631368431584,0.008087510856981648
47.377631118444086,0.00373160644891419
47.38263086845658,0.0012120492265249151
47.38763061846908,0.004251567323068683
47.39263036848158,0.0012670358126271356
47.39763011849408,0.006627030494587817
47.40262986850658,0.009191244270219053
47.40762961851908,0.0030857393512799406
47.412629368531576,0.0031653335768555423
47.41762911854408,0.006518529379773336
47.42262886855658,0.005128575911982183
47.427628618569074,0.008727749034876468
47.432628368581575,0.004704109586528136
47.43762811859408,0.005556918740419453
47.44262786860657,0.0041787930030442845
47.44762761861907,0.0030573854975876726
47.452627368631575,0.007956525502178957
47.45762711864407,0.006232324556120366
47.46262686865657,0.002100708463573697
47.46762661866907,0.0015544593236406906
47.47262636868157,0.011628643897068237
47.47762611869407,0.012247112436168507
47.48262586870657,0.008292811771999774
47.48762561871907,0.009265287237378787
47.49262536873157,0.004343045145757803
47.49762511874407,0.013188728216103951
47.50262486875657,0.0027651020394991043
47.507624618769064,0.0018522524080145872
47.512624368781566,0.0052517581592486495
47.51762411879407,0.009341409202517418
47.52262386880656,0.0027134910107877827
47.527623618819064,0.008828103253828363
47.532623368831565,0.00820885124185341
47.53762311884406,0.004133305699630429
47.54262286885656,0.007076663473881346
47.54762261886906,0.004841845932182811
47.55262236888156,0.004548493979402455
47.55762211889406,0.0025571989438828435
47.56262186890656,0.00365257620947982
47.567621618919055,0.005921110551338788
47.57262136893156,0.010865227803707302
47.57762111894406,0.013165406788715854
47.58262086895655,0.006956033030508275
47.587620618969055,0.010599701686204374
47.59262036898156,0.008988154665389814
47.59762011899406,0.0119673432853724
47.60261986900655,0.0030596102583352004
47.607619619019054,0.0007790672036420679
47.612619369031556,0.005376877862278614
47.61761911904405,0.007702734175494198
47.62261886905655,0.009096118984284815
47.627618619069054,0.008444472857141332
47.63261836908155,0.010603811182908955
47.63761811909405,0.003950435844633174
47.64261786910655,0.006337447848879779
47.647617619119046,0.010703220064495705
47.65261736913155,0.004780299899321783
47.65761711914405,0.00841228503995421
47.662616869156544,0.007673922908540886
47.667616619169046,0.008435815467498607
47.67261636918155,0.00886539241108189
47.67761611919404,0.0038558430488914996
47.68261586920654,0.0011413610676717094
47.687615619219045,0.00878714234464743
47.69261536923154,0.005448193148938299
47.69761511924404,0.003065713732972954
47.70261486925654,0.003935263949334139
47.707614619269044,0.013789397441606096
47.71261436928154,0.001579420437160915
47.71761411929404,0.015375918605317757
47.72261386930654,0.00808701400065506
47.72761361931904,0.01195876192504482
47.73261336933154,0.009152267982787747
47.73761311934404,0.008193721412848588
47.742612869356535,0.0015095298454130554
47.747612619369036,0.0069045968153965374
47.75261236938154,0.0038125449266942315
47.75761211939403,0.0077302723455053126
47.762611869406534,0.006956048547380965
47.767611619419036,0.0094634376577353
47.77261136943153,0.003885833506538179
47.77761111944403,0.0064973407850684485
47.78261086945653,0.0010680475885070993
47.78761061946903,0.003906871821311979
47.79261036948153,0.005527866879492811
47.79761011949403,0.00437767889474703
47.80260986950653,0.0059085816194862075
47.80760961951903,0.005265824511677416
47.81260936953153,0.009340038208451104
47.81760911954403,0.0031830172308845188
47.822608869556525,9.582172358581207e-05
47.82760861956903,0.005684031984639799
47.83260836958153,0.00996942064862365
47.83760811959402,0.007312328604812732
47.842607869606525,0.006639844810507869
47.847607619619026,0.00511402100874197
47.85260736963152,0.001744175579922933
47.85760711964402,0.006998097007661016
47.862606869656524,0.003219937817910976
47.86760661966902,0.0026154916991401322
47.87260636968152,0.008727430976337191
47.87760611969402,0.006863140095719594
47.882605869706516,0.007032639192481782
47.88760561971902,0.0031524275660558742
47.89260536973152,0.003694004524217683
47.897605119744014,0.006542711692069293
47.902604869756516,0.001588237140249534
47.90760461976902,0.0027647637823981107
47.91260436978152,0.008170024155035958
47.917604119794014,0.0008951789149916705
47.922603869806515,0.00784825364498469
47.92760361981902,0.008753283178074644
47.93260336983151,0.01004241717563912
47.93760311984401,0.008015702488253172
47.942602869856515,0.005459453795669045
47.94760261986901,0.0014328395694773528
47.95260236988151,0.0028027615167836428
47.95760211989401,0.013191917798977743
47.96260186990651,0.0006698507852809333
47.96760161991901,0.006311723789554616
47.97260136993151,0.0029696275623874056
47.977601119944005,0.0088152786878434
47.98260086995651,0.007473583813785276
47.98760061996901,0.0025187085858325397
47.9926003699815,0.012669468541951893
47.997600119994004,0.003169161676755285
48.002599870006506,0.0027770940612889656
48.007599620019,0.0029018147296583268
48.0125993700315,0.007203474040781049
48.017599120044004,0.00924916282922879
48.022598870056505,0.009124397981648248
48.027598620069,0.00416782883533757
48.0325983700815,0.0021996130483236324
48.037598120094,0.004293506928968169
48.0425978701065,0.0039127473324349705
48.047597620119,0.00630251696314142
48.0525973701315,0.007708237298305669
48.057597120143996,0.010489309629053091
48.0625968701565,0.004787941924387064
48.067596620169,0.008581412680638842
48.07259637018149,0.002996072832358961
48.077596120193995,0.006027871463490083
48.0825958702065,0.013049015519716467
48.08759562021899,0.0031765939767743638
48.09259537023149,0.01015640294920763
48.097595120243994,0.013561767033986783
48.10259487025649,0.0009743383943546749
48.10759462026899,0.002881959478584978
48.11259437028149,0.005961954857969087
48.11759412029399,0.007287132414030552
48.12259387030649,0.004931854141721713
48.12759362031899,0.009904670401613573
48.13259337033149,0.005410842037385178
48.137593120343986,0.005226067673413068
48.14259287035649,0.004469589624585953
48.14759262036899,0.0022633698220846624
48.152592370381484,0.00715454025394653
48.157592120393986,0.002694072255488722
48.16259187040649,0.007260197880001171
48.16759162041898,0.004641092984875065
48.17259137043148,0.0014988955068931825
48.177591120443985,0.005578574733017734
48.18259087045648,0.010449891468078483
48.18759062046898,0.005601914128962076
48.19259037048148,0.003694714873072793
48.19759012049398,0.00771364893943662
48.20258987050648,0.007740253245298034
48.20758962051898,0.007223923360583221
48.212589370531475,0.006328265507008691
48.21758912054398,0.004950908026643417
48.22258887055648,0.010867567736317895
48.22758862056897,0.0010803465024145137
48.232588370581475,0.005823559402081479
48.237588120593976,0.001120685725553068
48.24258787060648,0.00859586729467369
48.24758762061897,0.003795321399041237
48.252587370631474,0.0010254474889489806
48.257587120643976,0.004918130929820276
48.26258687065647,0.0011134047671030368
48.26758662066897,0.008661044954284153
48.27258637068147,0.0067855225669094885
48.27758612069397,0.003039763509655199
48.28258587070647,0.005560512787833051
48.28758562071897,0.004868343556609622
48.292585370731466,0.006359372729564536
48.29758512074397,0.009471619940226501
48.30258487075647,0.010841706465170665
48.307584620768964,0.005433248147890529
48.312584370781465,0.01027044976330609
48.31758412079397,0.0026507146940611703
48.32258387080646,0.010550973556433734
48.32758362081896,0.010047108235783204
48.332583370831465,0.0064345755432536275
48.33758312084396,0.004908026159523726
48.34258287085646,0.006506109714016643
48.34758262086896,0.006927756992449549
48.352582370881464,0.004186786284932018
48.35758212089396,0.0058409738388111605
48.36258187090646,0.015007850649830994
48.36758162091896,0.0021427361691397995
48.37258137093146,0.004204380606274032
48.37758112094396,0.008577530926167509
48.38258087095646,0.004238974637851892
48.387580620968954,0.018952898233673496
48.392580370981456,0.0038394100985619547
48.39758012099396,0.005367820999926108
48.40257987100645,0.0015249191681409814
48.407579621018954,0.012091685950127197
48.412579371031455,0.0030786770527884777
48.41757912104395,0.001944732535556139
48.42257887105645,0.008893102799642973
48.42757862106895,0.00020461439649134701
48.43257837108145,0.0035475311880326793
48.43757812109395,0.010390066519593776
48.44257787110645,0.0018880073422691249
48.447577621118946,0.004283833592664077
48.45257737113145,0.0036102749845132996
48.45757712114395,0.007353132160182032
48.46257687115645,0.0034650249898126144
48.467576621168945,0.01112297304864294
48.47257637118145,0.0032934831450123292
48.47757612119395,0.008537872784459223
48.48257587120644,0.0020496046230570305
48.487575621218944,0.003783338738413941
48.492575371231446,0.006057618794430007
48.49757512124394,0.008146040047349973
48.50257487125644,0.003589690788809399
48.507574621268944,0.004083296158034621
48.51257437128144,0.004167156104147186
48.51757412129394,0.009098421591385164
48.52257387130644,0.007710115388577551
48.527573621318936,0.015532138041180707
48.53257337133144,0.015270675091263026
48.53757312134394,0.007745151747559121
48.542572871356434,0.010097620864482824
48.547572621368936,0.0034375872148937558
48.55257237138144,0.007911544863749133
48.55757212139393,0.006444301692693657
48.56257187140643,0.008233983656041182
48.567571621418935,0.01044341966148193
48.57257137143144,0.0016953988968392971
48.57757112144393,0.000423671250586704
48.58257087145643,0.005181927045862337
48.587570621468934,0.012487565082768005
48.59257037148143,0.010155143501309489
48.59757012149393,0.0015227168468253298
48.60256987150643,0.0030854821925243112
48.60756962151893,0.012623236809075709
48.61256937153143,0.010547599281888649
48.61756912154393,0.015999499794275545
48.622568871556425,0.008015730080473208
48.627568621568926,0.009949486237502105
48.63256837158143,0.003310981789170006
48.63756812159392,0.003485919621207969
48.642567871606424,0.002636309436249983
48.647567621618926,0.004243094268055441
48.65256737163142,0.003991605083862883
48.65756712164392,0.01046376902786309
48.66256687165642,0.009374894530171821
48.66756662166892,0.0028082673766921355
48.67256637168142,0.001533188308426319
48.67756612169392,0.007428186174960497
48.68256587170642,0.006715677641143535
48.68756562171892,0.001847306169702191
48.69256537173142,0.004945915983281742
48.69756512174392,0.003689806522176296
48.702564871756415,0.008079505488883011
48.70756462176892,0.007885414687716252
48.71256437178142,0.00827419275743253
48.71756412179391,0.003662234463203548
48.722563871806415,0.0038981255859831376
48.727563621818916,0.002955206503868294
48.73256337183141,0.004994064457701223
48.73756312184391,0.012649363849120552
48.742562871856414,0.0022697711798209405
48.74756262186891,0.005289710940821859
48.75256237188141,0.013612412536857283
48.75756212189391,0.0008485479272850424
48.76256187190641,0.008053449556799557
48.76756162191891,0.007270173919982399
48.77256137193141,0.004079162077192771
48.777561121943904,0.004914239519691833
48.782560871956406,0.004307854424551872
48.78756062196891,0.010777261402705027
48.79256037198141,0.010113847457795356
48.797560121993904,0.010926461041781067
48.802559872006405,0.0024117175216003778
48.80755962201891,0.00636757202933437
48.8125593720314,0.001058693541936334
48.8175591220439,0.012351072111744505
48.822558872056405,0.0038155703447476743
48.8275586220689,0.011906917218982222
48.8325583720814,0.005845110034538535
48.8375581220939,0.0015944498812901797
48.8425578721064,0.005363653658158002
48.8475576221189,0.0064196994649904845
48.8525573721314,0.0034178275407710916
48.857557122143895,0.00593542117063039
48.8625568721564,0.0018466423122130108
48.8675566221689,0.009228010030884552
48.87255637218139,0.0032371812087187437
48.877556122193894,0.007305454625505892
48.882555872206396,0.0018399982006916753
48.88755562221889,0.0015893572549349607
48.89255537223139,0.00840995591448837
48.897555122243894,0.0061324391305751305
48.902554872256395,0.001741762344228514
48.90755462226889,0.0058092258521086045
48.91255437228139,0.0044680195654118494
48.91755412229389,0.0036937974680858296
48.92255387230639,0.0051015095768131
48.92755362231889,0.0040383185630371455
48.93255337233139,0.0027507728287241673
48.937553122343886,0.005053671160896006
48.94255287235639,0.011370689775407805
48.94755262236889,0.0005398371441885634
48.95255237238138,0.007628692583294246
48.957552122393885,0.004738062265043757
48.96255187240639,0.004009649408384699
48.96755162241888,0.0037430543137258582
48.97255137243138,0.006601772955558315
48.977551122443884,0.004095950346612946
48.98255087245638,0.0037177479390634537
48.98755062246888,0.001343184468118842
48.99255037248138,0.004346764924296982
48.99755012249388,0.0005773199565322177
49.00254987250638,0.004911923011445878
49.00754962251888,0.010168827667982426
49.01254937253138,0.0027344959912389164
49.017549122543876,0.007674882047414547
49.02254887255638,0.00807595029714371
49.02754862256888,0.00431831028312843
49.032548372581374,0.00665291185095958
49.037548122593876,0.0008668666780029986
49.04254787260638,0.005526367767172437
49.04754762261887,0.004756286453299147
49.05254737263137,0.0019113916356106432
49.057547122643875,0.003987878833030674
49.06254687265637,0.005762810379517701
49.06754662266887,0.008538606773623812
49.07254637268137,0.0016182909782798006
49.07754612269387,0.00615119480370504
49.08254587270637,0.008546134048952748
49.08754562271887,0.007873243575259235
49.092545372731365,0.006508064699363456
49.09754512274387,0.007869505051242596
49.10254487275637,0.0043034288914300875
49.10754462276886,0.0062573049892810755
49.112544372781365,0.0043055420988247824
49.117544122793866,0.005905996339152618
49.12254387280637,0.005053879102644895
49.12754362281886,0.004099084839946925
49.132543372831364,0.0037136835095706888
49.137543122843866,0.004450248317989891
49.14254287285636,0.008999684559180963
49.14754262286886,0.0054924006150974675
49.15254237288136,0.009030225097052116
49.15754212289386,0.0027758734182520037
49.16254187290636,0.003151341174885337
49.16754162291886,0.00565026180667472
49.172541372931356,0.009418822985207487
49.17754112294386,0.004100578881804149
49.18254087295636,0.01226414138693912
49.187540622968854,0.0013324199553626022
49.192540372981355,0.008635046765502558
49.19754012299386,0.012122839583479704
49.20253987300635,0.0069546599171870825
49.20753962301885,0.0041015452670977864
49.212539373031355,0.004001690514080494
49.21753912304385,0.008069264199024442
49.22253887305635,0.0032465791701964805
49.22753862306885,0.016213225985535526
49.232538373081354,0.0074677014465153665
49.23753812309385,0.005977073434971918
49.24253787310635,0.0020340687381475717
49.24753762311885,0.009996497556741306
49.25253737313135,0.0021685155026596368
49.25753712314385,0.006217814231081891
49.26253687315635,0.0077492547628444
49.267536623168844,0.013170320038398612
49.272536373181346,0.0032704972134773185
49.27753612319385,0.002545663849330008
49.28253587320634,0.007729269695039077
49.287535623218844,0.004112767492330769
49.292535373231345,0.005724993183869708
49.29753512324384,0.003269088914727659
49.30253487325634,0.005815794901711169
49.30753462326884,0.006722225523957907
49.31253437328134,0.0038565750329408234
49.31753412329384,0.005829720279961039
49.32253387330634,0.004163290998495611
49.327533623318836,0.008588485123800277
49.33253337333134,0.004586591060662942
49.33753312334384,0.0013902714599056166
49.34253287335634,0.0023383793376296944
49.347532623368835,0.008184570243678368
49.35253237338134,0.004704875679376497
49.35753212339384,0.005996395845832775
49.36253187340633,0.0028119927807462933
49.367531623418834,0.011933131603381782
49.372531373431336,0.004477088822099433
49.37753112344383,0.011295676528135117
49.38253087345633,0.0019501303287872197
49.387530623468834,0.008244886398129779
49.39253037348133,0.010081640140074658
49.39753012349383,0.01193116983068226
49.40252987350633,0.0008754024839464195
49.407529623518826,0.005739020010819349
49.41252937353133,0.011770166973057813
49.41752912354383,0.010065414071772841
49.422528873556324,0.004895250176937288
49.427528623568826,0.003686517928854894
49.43252837358133,0.00833453067519855
49.43752812359382,0.006333758694796769
49.44252787360632,0.006263003148777664
49.447527623618825,0.010067986275640971
49.45252737363133,0.007858473499687144
49.45752712364382,0.008479061207557415
49.46252687365632,0.0057476255135330955
49.467526623668824,0.008241753697381667
49.47252637368132,0.006600599435684155
49.47752612369382,0.011049534680230233
49.48252587370632,0.000997959371237095
49.48752562371882,0.005765785549298105
49.49252537373132,0.006186715606892659
49.49752512374382,0.010673832612072063
49.502524873756315,0.002807957549978257
49.507524623768816,0.0018418753110805751
49.51252437378132,0.003852049678647979
49.51752412379381,0.012443109241223224
49.522523873806314,0.008927697553886562
49.527523623818816,0.009176117294983754
49.53252337383131,0.0026461312947005148
49.53752312384381,0.0038711407104313777
49.54252287385631,0.006181616237506851
49.54752262386881,0.00692491997687648
49.55252237388131,0.0023143985656527842
49.55752212389381,0.0024719306142322573
49.56252187390631,0.006636131574280495
49.56752162391881,0.015399035887928932
49.57252137393131,0.012372562337702467
49.57752112394381,0.004204057463201885
49.582520873956305,0.004529137150795521
49.58752062396881,0.003989523828084222
49.59252037398131,0.00917718331614937
49.5975201239938,0.002462768736617033
49.602519874006305,0.005309248075422574
49.607519624018806,0.011942565692449385
49.6125193740313,0.002085396380108855
49.6175191240438,0.005505402554131863
49.622518874056304,0.011466371422483915
49.6275186240688,0.006007053948832629
49.6325183740813,0.010952008106151235
49.6375181240938,0.009752905236641051
49.6425178741063,0.009616217444854856
49.6475176241188,0.0045956858641088795
49.6525173741313,0.0017459244170766977
49.657517124143794,0.003955838495859618
49.662516874156296,0.012652044509838445
49.6675166241688,0.0010958109496283178
49.6725163741813,0.009260415919728648
49.677516124193794,0.003967452691440154
49.682515874206295,0.004974292903166627
49.6875156242188,0.008027416332487994
49.69251537423129,0.0045758269874037905
49.69751512424379,0.0053152831628472536
49.702514874256295,0.016605676234350594
49.70751462426879,0.005767512942225865
49.71251437428129,0.0038164861008112777
49.71751412429379,0.0062665634623348945
49.72251387430629,0.0010581204176245192
49.72751362431879,0.005860427421484017
49.73251337433129,0.008122003822610635
49.737513124343785,0.0076857618584693374
49.74251287435629,0.0044612182220942695
49.74751262436879,0.007137643589656749
49.75251237438128,0.0074358583290511475
49.757512124393784,0.004836905506214839
49.762511874406286,0.011790979091951957
49.76751162441878,0.012056958166918487
49.77251137443128,0.005235713694777134
49.777511124443784,0.003816884795184725
49.782510874456285,0.006394434423717433
49.78751062446878,0.005939721927420983
49.79251037448128,0.005236811735176304
49.79751012449378,0.003655028074998326
49.80250987450628,0.006402448464486
49.80750962451878,0.00923458706923947
49.81250937453128,0.004482981069610644
49.817509124543776,0.0035939781453108526
49.82250887455628,0.004699483155657246
49.82750862456878,0.003544977588567088
49.83250837458127,0.004576650188197739
49.837508124593775,0.009702561613565888
49.84250787460628,0.00220842948869924
49.84750762461877,0.012643877029703385
49.85250737463127,0.005418258293384685
49.857507124643774,0.0025028278728547095
49.86250687465627,0.008472984327404749
49.86750662466877,0.004133788283423716
49.87250637468127,0.009258045403736613
49.87750612469377,0.0057959134488476255
49.88250587470627,0.002527631491691582
49.88750562471877,0.005821727322465732
49.89250537473127,0.004331260808936465
49.897505124743766,0.005227616808581481
49.90250487475627,0.0046971986821046285
49.90750462476877,0.009244495163506214
49.912504374781264,0.006937122250908394
49.917504124793766,0.0022103268209537658
49.92250387480627,0.010100086446316246
49.92750362481876,0.00045308550649641847
49.93250337483126,0.009691654963611126
49.937503124843765,0.008175574273840129
49.94250287485626,0.008995501533866832
49.94750262486876,0.010280988966419562
49.95250237488126,0.004680203986841822
49.95750212489376,0.009192746640098367
49.96250187490626,0.008280144568831853
49.96750162491876,0.010153944402626357
49.972501374931255,0.0045990249110535635
49.97750112494376,0.0008973103885701857
49.98250087495626,0.008646761867147492
49.98750062496875,0.003578361573846657
49.992500374981255,0.006573183407297288
